region_group,country_code,country_name,country_iso2,country_text,customer_id_,customer_id,customer_name,customer_segment,Final Destination,Final Destination Text,year,procedure_group,terumo_category,terumo_category_key,qty_units_per_procedure,mapping_row_count,procedures,usage_rate_final,mapping_cardinality,allocation_weight,customer_market_key,final_destination_key
Central Europe,DE,Central Europe,DE,Central Europe,100001,100001,Universitätsklinikum Berlin,University Hospital,200001,FD Universitätsklinikum Berlin,2024,Neurovascular Intervention,Microcatheters,TC006,2.0,1,1087,0.95,2,0.5,CM_100001,FD_200001
Central Europe,DE,Central Europe,DE,Central Europe,100001,100001,Universitätsklinikum Berlin,University Hospital,200001,FD Universitätsklinikum Berlin,2024,Neurovascular Intervention,Guide Wires,TC002,2.0,1,1087,0.9,2,0.5,CM_100001,FD_200001
Central Europe,DE,Central Europe,DE,Central Europe,100001,100001,Universitätsklinikum Berlin,University Hospital,200001,FD Universitätsklinikum Berlin,2024,Electrophysiology,Diagnostic Catheters,TC005,3.0,1,1368,0.8,2,0.5,CM_100001,FD_200001
Central Europe,DE,Central Europe,DE,Central Europe,100001,100001,Universitätsklinikum Berlin,University Hospital,200001,FD Universitätsklinikum Berlin,2024,Electrophysiology,Introducer Sheaths,TC007,1.0,1,1368,0.75,2,0.5,CM_100001,FD_200001
Central Europe,DE,Central Europe,DE,Central Europe,100001,100001,Universitätsklinikum Berlin,University Hospital,200001,FD Universitätsklinikum Berlin,2024,PCI - Coronary,Guiding Catheters,TC001,1.2,1,327,0.95,7,0.1429,CM_100001,FD_200001
Central Europe,DE,Central Europe,DE,Central Europe,100001,100001,Universitätsklinikum Berlin,University Hospital,200001,FD Universitätsklinikum Berlin,2024,PCI - Coronary,Guide Wires,TC002,2.0,1,327,0.98,7,0.1429,CM_100001,FD_200001
Central Europe,DE,Central Europe,DE,Central Europe,100001,100001,Universitätsklinikum Berlin,University Hospital,200001,FD Universitätsklinikum Berlin,2024,PCI - Coronary,PTCA Balloon Catheters,TC003,1.5,1,327,0.85,7,0.1429,CM_100001,FD_200001
Central Europe,DE,Central Europe,DE,Central Europe,100001,100001,Universitätsklinikum Berlin,University Hospital,200001,FD Universitätsklinikum Berlin,2024,PCI - Coronary,Drug-Eluting Stents,TC004,1.3,1,327,0.7,7,0.1429,CM_100001,FD_200001
Central Europe,DE,Central Europe,DE,Central Europe,100001,100001,Universitätsklinikum Berlin,University Hospital,200001,FD Universitätsklinikum Berlin,2024,PCI - Coronary,Inflation Devices,TC009,1.0,1,327,0.9,7,0.1429,CM_100001,FD_200001
Central Europe,DE,Central Europe,DE,Central Europe,100001,100001,Universitätsklinikum Berlin,University Hospital,200001,FD Universitätsklinikum Berlin,2024,PCI - Coronary,Hemostasis Valves,TC008,1.0,1,327,0.8,7,0.1429,CM_100001,FD_200001
Central Europe,DE,Central Europe,DE,Central Europe,100001,100001,Universitätsklinikum Berlin,University Hospital,200001,FD Universitätsklinikum Berlin,2024,PCI - Coronary,Radial Access Kits,TC010,1.0,1,327,0.6,7,0.1429,CM_100001,FD_200001
Central Europe,DE,Central Europe,DE,Central Europe,100001,100001,Universitätsklinikum Berlin,University Hospital,200001,FD Universitätsklinikum Berlin,2024,Diagnostic Angiography,Diagnostic Catheters,TC005,2.0,1,2540,0.95,5,0.2,CM_100001,FD_200001
Central Europe,DE,Central Europe,DE,Central Europe,100001,100001,Universitätsklinikum Berlin,University Hospital,200001,FD Universitätsklinikum Berlin,2024,Diagnostic Angiography,Guide Wires,TC002,1.5,1,2540,0.9,5,0.2,CM_100001,FD_200001
Central Europe,DE,Central Europe,DE,Central Europe,100001,100001,Universitätsklinikum Berlin,University Hospital,200001,FD Universitätsklinikum Berlin,2024,Diagnostic Angiography,Introducer Sheaths,TC007,1.0,1,2540,0.85,5,0.2,CM_100001,FD_200001
Central Europe,DE,Central Europe,DE,Central Europe,100001,100001,Universitätsklinikum Berlin,University Hospital,200001,FD Universitätsklinikum Berlin,2024,Diagnostic Angiography,Hemostasis Valves,TC008,1.0,1,2540,0.7,5,0.2,CM_100001,FD_200001
Central Europe,DE,Central Europe,DE,Central Europe,100001,100001,Universitätsklinikum Berlin,University Hospital,200001,FD Universitätsklinikum Berlin,2024,Diagnostic Angiography,Radial Access Kits,TC010,1.0,1,2540,0.5,5,0.2,CM_100001,FD_200001
Central Europe,DE,Central Europe,DE,Central Europe,100002,100002,Klinikum Munich,University Hospital,200002,FD Klinikum Munich,2024,PCI - Complex,Guiding Catheters,TC001,1.5,1,494,0.98,5,0.2,CM_100002,FD_200002
Central Europe,DE,Central Europe,DE,Central Europe,100002,100002,Klinikum Munich,University Hospital,200002,FD Klinikum Munich,2024,PCI - Complex,Guide Wires,TC002,3.0,1,494,0.99,5,0.2,CM_100002,FD_200002
Central Europe,DE,Central Europe,DE,Central Europe,100002,100002,Klinikum Munich,University Hospital,200002,FD Klinikum Munich,2024,PCI - Complex,PTCA Balloon Catheters,TC003,2.0,1,494,0.9,5,0.2,CM_100002,FD_200002
Central Europe,DE,Central Europe,DE,Central Europe,100002,100002,Klinikum Munich,University Hospital,200002,FD Klinikum Munich,2024,PCI - Complex,Drug-Eluting Stents,TC004,2.0,1,494,0.8,5,0.2,CM_100002,FD_200002
Central Europe,DE,Central Europe,DE,Central Europe,100002,100002,Klinikum Munich,University Hospital,200002,FD Klinikum Munich,2024,PCI - Complex,Microcatheters,TC006,1.0,1,494,0.65,5,0.2,CM_100002,FD_200002
Central Europe,DE,Central Europe,DE,Central Europe,100002,100002,Klinikum Munich,University Hospital,200002,FD Klinikum Munich,2024,PCI - Coronary,Guiding Catheters,TC001,1.2,1,145,0.95,7,0.1429,CM_100002,FD_200002
Central Europe,DE,Central Europe,DE,Central Europe,100002,100002,Klinikum Munich,University Hospital,200002,FD Klinikum Munich,2024,PCI - Coronary,Guide Wires,TC002,2.0,1,145,0.98,7,0.1429,CM_100002,FD_200002
Central Europe,DE,Central Europe,DE,Central Europe,100002,100002,Klinikum Munich,University Hospital,200002,FD Klinikum Munich,2024,PCI - Coronary,PTCA Balloon Catheters,TC003,1.5,1,145,0.85,7,0.1429,CM_100002,FD_200002
Central Europe,DE,Central Europe,DE,Central Europe,100002,100002,Klinikum Munich,University Hospital,200002,FD Klinikum Munich,2024,PCI - Coronary,Drug-Eluting Stents,TC004,1.3,1,145,0.7,7,0.1429,CM_100002,FD_200002
Central Europe,DE,Central Europe,DE,Central Europe,100002,100002,Klinikum Munich,University Hospital,200002,FD Klinikum Munich,2024,PCI - Coronary,Inflation Devices,TC009,1.0,1,145,0.9,7,0.1429,CM_100002,FD_200002
Central Europe,DE,Central Europe,DE,Central Europe,100002,100002,Klinikum Munich,University Hospital,200002,FD Klinikum Munich,2024,PCI - Coronary,Hemostasis Valves,TC008,1.0,1,145,0.8,7,0.1429,CM_100002,FD_200002
Central Europe,DE,Central Europe,DE,Central Europe,100002,100002,Klinikum Munich,University Hospital,200002,FD Klinikum Munich,2024,PCI - Coronary,Radial Access Kits,TC010,1.0,1,145,0.6,7,0.1429,CM_100002,FD_200002
Central Europe,DE,Central Europe,DE,Central Europe,100002,100002,Klinikum Munich,University Hospital,200002,FD Klinikum Munich,2024,Electrophysiology,Diagnostic Catheters,TC005,3.0,1,803,0.8,2,0.5,CM_100002,FD_200002
Central Europe,DE,Central Europe,DE,Central Europe,100002,100002,Klinikum Munich,University Hospital,200002,FD Klinikum Munich,2024,Electrophysiology,Introducer Sheaths,TC007,1.0,1,803,0.75,2,0.5,CM_100002,FD_200002
Central Europe,DE,Central Europe,DE,Central Europe,100002,100002,Klinikum Munich,University Hospital,200002,FD Klinikum Munich,2024,Structural Heart,Introducer Sheaths,TC007,2.0,1,503,0.85,2,0.5,CM_100002,FD_200002
Central Europe,DE,Central Europe,DE,Central Europe,100002,100002,Klinikum Munich,University Hospital,200002,FD Klinikum Munich,2024,Structural Heart,Guide Wires,TC002,1.0,1,503,0.7,2,0.5,CM_100002,FD_200002
Central Europe,DE,Central Europe,DE,Central Europe,100002,100002,Klinikum Munich,University Hospital,200002,FD Klinikum Munich,2024,Peripheral Intervention,Guide Wires,TC002,2.5,1,763,0.9,3,0.3333,CM_100002,FD_200002
Central Europe,DE,Central Europe,DE,Central Europe,100002,100002,Klinikum Munich,University Hospital,200002,FD Klinikum Munich,2024,Peripheral Intervention,Introducer Sheaths,TC007,1.5,1,763,0.8,3,0.3333,CM_100002,FD_200002
Central Europe,DE,Central Europe,DE,Central Europe,100002,100002,Klinikum Munich,University Hospital,200002,FD Klinikum Munich,2024,Peripheral Intervention,PTCA Balloon Catheters,TC003,1.0,1,763,0.6,3,0.3333,CM_100002,FD_200002
Central Europe,DE,Central Europe,DE,Central Europe,100003,100003,Herzzentrum Hamburg,University Hospital,200003,FD Herzzentrum Hamburg,2024,PCI - Complex,Guiding Catheters,TC001,1.5,1,1913,0.98,5,0.2,CM_100003,FD_200003
Central Europe,DE,Central Europe,DE,Central Europe,100003,100003,Herzzentrum Hamburg,University Hospital,200003,FD Herzzentrum Hamburg,2024,PCI - Complex,Guide Wires,TC002,3.0,1,1913,0.99,5,0.2,CM_100003,FD_200003
Central Europe,DE,Central Europe,DE,Central Europe,100003,100003,Herzzentrum Hamburg,University Hospital,200003,FD Herzzentrum Hamburg,2024,PCI - Complex,PTCA Balloon Catheters,TC003,2.0,1,1913,0.9,5,0.2,CM_100003,FD_200003
Central Europe,DE,Central Europe,DE,Central Europe,100003,100003,Herzzentrum Hamburg,University Hospital,200003,FD Herzzentrum Hamburg,2024,PCI - Complex,Drug-Eluting Stents,TC004,2.0,1,1913,0.8,5,0.2,CM_100003,FD_200003
Central Europe,DE,Central Europe,DE,Central Europe,100003,100003,Herzzentrum Hamburg,University Hospital,200003,FD Herzzentrum Hamburg,2024,PCI - Complex,Microcatheters,TC006,1.0,1,1913,0.65,5,0.2,CM_100003,FD_200003
Central Europe,DE,Central Europe,DE,Central Europe,100003,100003,Herzzentrum Hamburg,University Hospital,200003,FD Herzzentrum Hamburg,2024,Diagnostic Angiography,Diagnostic Catheters,TC005,2.0,1,700,0.95,5,0.2,CM_100003,FD_200003
Central Europe,DE,Central Europe,DE,Central Europe,100003,100003,Herzzentrum Hamburg,University Hospital,200003,FD Herzzentrum Hamburg,2024,Diagnostic Angiography,Guide Wires,TC002,1.5,1,700,0.9,5,0.2,CM_100003,FD_200003
Central Europe,DE,Central Europe,DE,Central Europe,100003,100003,Herzzentrum Hamburg,University Hospital,200003,FD Herzzentrum Hamburg,2024,Diagnostic Angiography,Introducer Sheaths,TC007,1.0,1,700,0.85,5,0.2,CM_100003,FD_200003
Central Europe,DE,Central Europe,DE,Central Europe,100003,100003,Herzzentrum Hamburg,University Hospital,200003,FD Herzzentrum Hamburg,2024,Diagnostic Angiography,Hemostasis Valves,TC008,1.0,1,700,0.7,5,0.2,CM_100003,FD_200003
Central Europe,DE,Central Europe,DE,Central Europe,100003,100003,Herzzentrum Hamburg,University Hospital,200003,FD Herzzentrum Hamburg,2024,Diagnostic Angiography,Radial Access Kits,TC010,1.0,1,700,0.5,5,0.2,CM_100003,FD_200003
Central Europe,DE,Central Europe,DE,Central Europe,100003,100003,Herzzentrum Hamburg,University Hospital,200003,FD Herzzentrum Hamburg,2024,Neurovascular Intervention,Microcatheters,TC006,2.0,1,1827,0.95,2,0.5,CM_100003,FD_200003
Central Europe,DE,Central Europe,DE,Central Europe,100003,100003,Herzzentrum Hamburg,University Hospital,200003,FD Herzzentrum Hamburg,2024,Neurovascular Intervention,Guide Wires,TC002,2.0,1,1827,0.9,2,0.5,CM_100003,FD_200003
Central Europe,DE,Central Europe,DE,Central Europe,100003,100003,Herzzentrum Hamburg,University Hospital,200003,FD Herzzentrum Hamburg,2024,Peripheral Intervention,Guide Wires,TC002,2.5,1,539,0.9,3,0.3333,CM_100003,FD_200003
Central Europe,DE,Central Europe,DE,Central Europe,100003,100003,Herzzentrum Hamburg,University Hospital,200003,FD Herzzentrum Hamburg,2024,Peripheral Intervention,Introducer Sheaths,TC007,1.5,1,539,0.8,3,0.3333,CM_100003,FD_200003
Central Europe,DE,Central Europe,DE,Central Europe,100003,100003,Herzzentrum Hamburg,University Hospital,200003,FD Herzzentrum Hamburg,2024,Peripheral Intervention,PTCA Balloon Catheters,TC003,1.0,1,539,0.6,3,0.3333,CM_100003,FD_200003
Central Europe,DE,Central Europe,DE,Central Europe,100003,100003,Herzzentrum Hamburg,University Hospital,200003,FD Herzzentrum Hamburg,2024,PCI - Coronary,Guiding Catheters,TC001,1.2,1,2176,0.95,7,0.1429,CM_100003,FD_200003
Central Europe,DE,Central Europe,DE,Central Europe,100003,100003,Herzzentrum Hamburg,University Hospital,200003,FD Herzzentrum Hamburg,2024,PCI - Coronary,Guide Wires,TC002,2.0,1,2176,0.98,7,0.1429,CM_100003,FD_200003
Central Europe,DE,Central Europe,DE,Central Europe,100003,100003,Herzzentrum Hamburg,University Hospital,200003,FD Herzzentrum Hamburg,2024,PCI - Coronary,PTCA Balloon Catheters,TC003,1.5,1,2176,0.85,7,0.1429,CM_100003,FD_200003
Central Europe,DE,Central Europe,DE,Central Europe,100003,100003,Herzzentrum Hamburg,University Hospital,200003,FD Herzzentrum Hamburg,2024,PCI - Coronary,Drug-Eluting Stents,TC004,1.3,1,2176,0.7,7,0.1429,CM_100003,FD_200003
Central Europe,DE,Central Europe,DE,Central Europe,100003,100003,Herzzentrum Hamburg,University Hospital,200003,FD Herzzentrum Hamburg,2024,PCI - Coronary,Inflation Devices,TC009,1.0,1,2176,0.9,7,0.1429,CM_100003,FD_200003
Central Europe,DE,Central Europe,DE,Central Europe,100003,100003,Herzzentrum Hamburg,University Hospital,200003,FD Herzzentrum Hamburg,2024,PCI - Coronary,Hemostasis Valves,TC008,1.0,1,2176,0.8,7,0.1429,CM_100003,FD_200003
Central Europe,DE,Central Europe,DE,Central Europe,100003,100003,Herzzentrum Hamburg,University Hospital,200003,FD Herzzentrum Hamburg,2024,PCI - Coronary,Radial Access Kits,TC010,1.0,1,2176,0.6,7,0.1429,CM_100003,FD_200003
Central Europe,DE,Central Europe,DE,Central Europe,100003,100003,Herzzentrum Hamburg,University Hospital,200003,FD Herzzentrum Hamburg,2024,Structural Heart,Introducer Sheaths,TC007,2.0,1,961,0.85,2,0.5,CM_100003,FD_200003
Central Europe,DE,Central Europe,DE,Central Europe,100003,100003,Herzzentrum Hamburg,University Hospital,200003,FD Herzzentrum Hamburg,2024,Structural Heart,Guide Wires,TC002,1.0,1,961,0.7,2,0.5,CM_100003,FD_200003
Central Europe,DE,Central Europe,DE,Central Europe,100003,100003,Herzzentrum Hamburg,University Hospital,200003,FD Herzzentrum Hamburg,2024,Electrophysiology,Diagnostic Catheters,TC005,3.0,1,1472,0.8,2,0.5,CM_100003,FD_200003
Central Europe,DE,Central Europe,DE,Central Europe,100003,100003,Herzzentrum Hamburg,University Hospital,200003,FD Herzzentrum Hamburg,2024,Electrophysiology,Introducer Sheaths,TC007,1.0,1,1472,0.75,2,0.5,CM_100003,FD_200003
Central Europe,DE,Central Europe,DE,Central Europe,100004,100004,Städtisches Krankenhaus Frankfurt,Public Hospital,200004,FD Städtisches Krankenhaus Frankfurt,2024,Diagnostic Angiography,Diagnostic Catheters,TC005,2.0,1,268,0.95,5,0.2,CM_100004,FD_200004
Central Europe,DE,Central Europe,DE,Central Europe,100004,100004,Städtisches Krankenhaus Frankfurt,Public Hospital,200004,FD Städtisches Krankenhaus Frankfurt,2024,Diagnostic Angiography,Guide Wires,TC002,1.5,1,268,0.9,5,0.2,CM_100004,FD_200004
Central Europe,DE,Central Europe,DE,Central Europe,100004,100004,Städtisches Krankenhaus Frankfurt,Public Hospital,200004,FD Städtisches Krankenhaus Frankfurt,2024,Diagnostic Angiography,Introducer Sheaths,TC007,1.0,1,268,0.85,5,0.2,CM_100004,FD_200004
Central Europe,DE,Central Europe,DE,Central Europe,100004,100004,Städtisches Krankenhaus Frankfurt,Public Hospital,200004,FD Städtisches Krankenhaus Frankfurt,2024,Diagnostic Angiography,Hemostasis Valves,TC008,1.0,1,268,0.7,5,0.2,CM_100004,FD_200004
Central Europe,DE,Central Europe,DE,Central Europe,100004,100004,Städtisches Krankenhaus Frankfurt,Public Hospital,200004,FD Städtisches Krankenhaus Frankfurt,2024,Diagnostic Angiography,Radial Access Kits,TC010,1.0,1,268,0.5,5,0.2,CM_100004,FD_200004
Central Europe,DE,Central Europe,DE,Central Europe,100004,100004,Städtisches Krankenhaus Frankfurt,Public Hospital,200004,FD Städtisches Krankenhaus Frankfurt,2024,PCI - Coronary,Guiding Catheters,TC001,1.2,1,444,0.95,7,0.1429,CM_100004,FD_200004
Central Europe,DE,Central Europe,DE,Central Europe,100004,100004,Städtisches Krankenhaus Frankfurt,Public Hospital,200004,FD Städtisches Krankenhaus Frankfurt,2024,PCI - Coronary,Guide Wires,TC002,2.0,1,444,0.98,7,0.1429,CM_100004,FD_200004
Central Europe,DE,Central Europe,DE,Central Europe,100004,100004,Städtisches Krankenhaus Frankfurt,Public Hospital,200004,FD Städtisches Krankenhaus Frankfurt,2024,PCI - Coronary,PTCA Balloon Catheters,TC003,1.5,1,444,0.85,7,0.1429,CM_100004,FD_200004
Central Europe,DE,Central Europe,DE,Central Europe,100004,100004,Städtisches Krankenhaus Frankfurt,Public Hospital,200004,FD Städtisches Krankenhaus Frankfurt,2024,PCI - Coronary,Drug-Eluting Stents,TC004,1.3,1,444,0.7,7,0.1429,CM_100004,FD_200004
Central Europe,DE,Central Europe,DE,Central Europe,100004,100004,Städtisches Krankenhaus Frankfurt,Public Hospital,200004,FD Städtisches Krankenhaus Frankfurt,2024,PCI - Coronary,Inflation Devices,TC009,1.0,1,444,0.9,7,0.1429,CM_100004,FD_200004
Central Europe,DE,Central Europe,DE,Central Europe,100004,100004,Städtisches Krankenhaus Frankfurt,Public Hospital,200004,FD Städtisches Krankenhaus Frankfurt,2024,PCI - Coronary,Hemostasis Valves,TC008,1.0,1,444,0.8,7,0.1429,CM_100004,FD_200004
Central Europe,DE,Central Europe,DE,Central Europe,100004,100004,Städtisches Krankenhaus Frankfurt,Public Hospital,200004,FD Städtisches Krankenhaus Frankfurt,2024,PCI - Coronary,Radial Access Kits,TC010,1.0,1,444,0.6,7,0.1429,CM_100004,FD_200004
Central Europe,DE,Central Europe,DE,Central Europe,100004,100004,Städtisches Krankenhaus Frankfurt,Public Hospital,200004,FD Städtisches Krankenhaus Frankfurt,2024,Neurovascular Intervention,Microcatheters,TC006,2.0,1,878,0.95,2,0.5,CM_100004,FD_200004
Central Europe,DE,Central Europe,DE,Central Europe,100004,100004,Städtisches Krankenhaus Frankfurt,Public Hospital,200004,FD Städtisches Krankenhaus Frankfurt,2024,Neurovascular Intervention,Guide Wires,TC002,2.0,1,878,0.9,2,0.5,CM_100004,FD_200004
Central Europe,DE,Central Europe,DE,Central Europe,100005,100005,St. Vinzenz-Hospital Cologne,Public Hospital,200005,FD St. Vinzenz-Hospital Cologne,2024,PCI - Complex,Guiding Catheters,TC001,1.5,1,555,0.98,5,0.2,CM_100005,FD_200005
Central Europe,DE,Central Europe,DE,Central Europe,100005,100005,St. Vinzenz-Hospital Cologne,Public Hospital,200005,FD St. Vinzenz-Hospital Cologne,2024,PCI - Complex,Guide Wires,TC002,3.0,1,555,0.99,5,0.2,CM_100005,FD_200005
Central Europe,DE,Central Europe,DE,Central Europe,100005,100005,St. Vinzenz-Hospital Cologne,Public Hospital,200005,FD St. Vinzenz-Hospital Cologne,2024,PCI - Complex,PTCA Balloon Catheters,TC003,2.0,1,555,0.9,5,0.2,CM_100005,FD_200005
Central Europe,DE,Central Europe,DE,Central Europe,100005,100005,St. Vinzenz-Hospital Cologne,Public Hospital,200005,FD St. Vinzenz-Hospital Cologne,2024,PCI - Complex,Drug-Eluting Stents,TC004,2.0,1,555,0.8,5,0.2,CM_100005,FD_200005
Central Europe,DE,Central Europe,DE,Central Europe,100005,100005,St. Vinzenz-Hospital Cologne,Public Hospital,200005,FD St. Vinzenz-Hospital Cologne,2024,PCI - Complex,Microcatheters,TC006,1.0,1,555,0.65,5,0.2,CM_100005,FD_200005
Central Europe,DE,Central Europe,DE,Central Europe,100005,100005,St. Vinzenz-Hospital Cologne,Public Hospital,200005,FD St. Vinzenz-Hospital Cologne,2024,PCI - Coronary,Guiding Catheters,TC001,1.2,1,592,0.95,7,0.1429,CM_100005,FD_200005
Central Europe,DE,Central Europe,DE,Central Europe,100005,100005,St. Vinzenz-Hospital Cologne,Public Hospital,200005,FD St. Vinzenz-Hospital Cologne,2024,PCI - Coronary,Guide Wires,TC002,2.0,1,592,0.98,7,0.1429,CM_100005,FD_200005
Central Europe,DE,Central Europe,DE,Central Europe,100005,100005,St. Vinzenz-Hospital Cologne,Public Hospital,200005,FD St. Vinzenz-Hospital Cologne,2024,PCI - Coronary,PTCA Balloon Catheters,TC003,1.5,1,592,0.85,7,0.1429,CM_100005,FD_200005
Central Europe,DE,Central Europe,DE,Central Europe,100005,100005,St. Vinzenz-Hospital Cologne,Public Hospital,200005,FD St. Vinzenz-Hospital Cologne,2024,PCI - Coronary,Drug-Eluting Stents,TC004,1.3,1,592,0.7,7,0.1429,CM_100005,FD_200005
Central Europe,DE,Central Europe,DE,Central Europe,100005,100005,St. Vinzenz-Hospital Cologne,Public Hospital,200005,FD St. Vinzenz-Hospital Cologne,2024,PCI - Coronary,Inflation Devices,TC009,1.0,1,592,0.9,7,0.1429,CM_100005,FD_200005
Central Europe,DE,Central Europe,DE,Central Europe,100005,100005,St. Vinzenz-Hospital Cologne,Public Hospital,200005,FD St. Vinzenz-Hospital Cologne,2024,PCI - Coronary,Hemostasis Valves,TC008,1.0,1,592,0.8,7,0.1429,CM_100005,FD_200005
Central Europe,DE,Central Europe,DE,Central Europe,100005,100005,St. Vinzenz-Hospital Cologne,Public Hospital,200005,FD St. Vinzenz-Hospital Cologne,2024,PCI - Coronary,Radial Access Kits,TC010,1.0,1,592,0.6,7,0.1429,CM_100005,FD_200005
Central Europe,DE,Central Europe,DE,Central Europe,100005,100005,St. Vinzenz-Hospital Cologne,Public Hospital,200005,FD St. Vinzenz-Hospital Cologne,2024,Structural Heart,Introducer Sheaths,TC007,2.0,1,476,0.85,2,0.5,CM_100005,FD_200005
Central Europe,DE,Central Europe,DE,Central Europe,100005,100005,St. Vinzenz-Hospital Cologne,Public Hospital,200005,FD St. Vinzenz-Hospital Cologne,2024,Structural Heart,Guide Wires,TC002,1.0,1,476,0.7,2,0.5,CM_100005,FD_200005
Central Europe,DE,Central Europe,DE,Central Europe,100006,100006,Universitätsklinikum Stuttgart,University Hospital,200006,FD Universitätsklinikum Stuttgart,2024,Diagnostic Angiography,Diagnostic Catheters,TC005,2.0,1,510,0.95,5,0.2,CM_100006,FD_200006
Central Europe,DE,Central Europe,DE,Central Europe,100006,100006,Universitätsklinikum Stuttgart,University Hospital,200006,FD Universitätsklinikum Stuttgart,2024,Diagnostic Angiography,Guide Wires,TC002,1.5,1,510,0.9,5,0.2,CM_100006,FD_200006
Central Europe,DE,Central Europe,DE,Central Europe,100006,100006,Universitätsklinikum Stuttgart,University Hospital,200006,FD Universitätsklinikum Stuttgart,2024,Diagnostic Angiography,Introducer Sheaths,TC007,1.0,1,510,0.85,5,0.2,CM_100006,FD_200006
Central Europe,DE,Central Europe,DE,Central Europe,100006,100006,Universitätsklinikum Stuttgart,University Hospital,200006,FD Universitätsklinikum Stuttgart,2024,Diagnostic Angiography,Hemostasis Valves,TC008,1.0,1,510,0.7,5,0.2,CM_100006,FD_200006
Central Europe,DE,Central Europe,DE,Central Europe,100006,100006,Universitätsklinikum Stuttgart,University Hospital,200006,FD Universitätsklinikum Stuttgart,2024,Diagnostic Angiography,Radial Access Kits,TC010,1.0,1,510,0.5,5,0.2,CM_100006,FD_200006
Central Europe,DE,Central Europe,DE,Central Europe,100006,100006,Universitätsklinikum Stuttgart,University Hospital,200006,FD Universitätsklinikum Stuttgart,2024,Structural Heart,Introducer Sheaths,TC007,2.0,1,1138,0.85,2,0.5,CM_100006,FD_200006
Central Europe,DE,Central Europe,DE,Central Europe,100006,100006,Universitätsklinikum Stuttgart,University Hospital,200006,FD Universitätsklinikum Stuttgart,2024,Structural Heart,Guide Wires,TC002,1.0,1,1138,0.7,2,0.5,CM_100006,FD_200006
Central Europe,DE,Central Europe,DE,Central Europe,100006,100006,Universitätsklinikum Stuttgart,University Hospital,200006,FD Universitätsklinikum Stuttgart,2024,Peripheral Intervention,Guide Wires,TC002,2.5,1,1873,0.9,3,0.3333,CM_100006,FD_200006
Central Europe,DE,Central Europe,DE,Central Europe,100006,100006,Universitätsklinikum Stuttgart,University Hospital,200006,FD Universitätsklinikum Stuttgart,2024,Peripheral Intervention,Introducer Sheaths,TC007,1.5,1,1873,0.8,3,0.3333,CM_100006,FD_200006
Central Europe,DE,Central Europe,DE,Central Europe,100006,100006,Universitätsklinikum Stuttgart,University Hospital,200006,FD Universitätsklinikum Stuttgart,2024,Peripheral Intervention,PTCA Balloon Catheters,TC003,1.0,1,1873,0.6,3,0.3333,CM_100006,FD_200006
Central Europe,DE,Central Europe,DE,Central Europe,100006,100006,Universitätsklinikum Stuttgart,University Hospital,200006,FD Universitätsklinikum Stuttgart,2024,PCI - Complex,Guiding Catheters,TC001,1.5,1,873,0.98,5,0.2,CM_100006,FD_200006
Central Europe,DE,Central Europe,DE,Central Europe,100006,100006,Universitätsklinikum Stuttgart,University Hospital,200006,FD Universitätsklinikum Stuttgart,2024,PCI - Complex,Guide Wires,TC002,3.0,1,873,0.99,5,0.2,CM_100006,FD_200006
Central Europe,DE,Central Europe,DE,Central Europe,100006,100006,Universitätsklinikum Stuttgart,University Hospital,200006,FD Universitätsklinikum Stuttgart,2024,PCI - Complex,PTCA Balloon Catheters,TC003,2.0,1,873,0.9,5,0.2,CM_100006,FD_200006
Central Europe,DE,Central Europe,DE,Central Europe,100006,100006,Universitätsklinikum Stuttgart,University Hospital,200006,FD Universitätsklinikum Stuttgart,2024,PCI - Complex,Drug-Eluting Stents,TC004,2.0,1,873,0.8,5,0.2,CM_100006,FD_200006
Central Europe,DE,Central Europe,DE,Central Europe,100006,100006,Universitätsklinikum Stuttgart,University Hospital,200006,FD Universitätsklinikum Stuttgart,2024,PCI - Complex,Microcatheters,TC006,1.0,1,873,0.65,5,0.2,CM_100006,FD_200006
Central Europe,DE,Central Europe,DE,Central Europe,100007,100007,Klinikum Düsseldorf,University Hospital,200007,FD Klinikum Düsseldorf,2024,Electrophysiology,Diagnostic Catheters,TC005,3.0,1,802,0.8,2,0.5,CM_100007,FD_200007
Central Europe,DE,Central Europe,DE,Central Europe,100007,100007,Klinikum Düsseldorf,University Hospital,200007,FD Klinikum Düsseldorf,2024,Electrophysiology,Introducer Sheaths,TC007,1.0,1,802,0.75,2,0.5,CM_100007,FD_200007
Central Europe,DE,Central Europe,DE,Central Europe,100007,100007,Klinikum Düsseldorf,University Hospital,200007,FD Klinikum Düsseldorf,2024,Peripheral Intervention,Guide Wires,TC002,2.5,1,716,0.9,3,0.3333,CM_100007,FD_200007
Central Europe,DE,Central Europe,DE,Central Europe,100007,100007,Klinikum Düsseldorf,University Hospital,200007,FD Klinikum Düsseldorf,2024,Peripheral Intervention,Introducer Sheaths,TC007,1.5,1,716,0.8,3,0.3333,CM_100007,FD_200007
Central Europe,DE,Central Europe,DE,Central Europe,100007,100007,Klinikum Düsseldorf,University Hospital,200007,FD Klinikum Düsseldorf,2024,Peripheral Intervention,PTCA Balloon Catheters,TC003,1.0,1,716,0.6,3,0.3333,CM_100007,FD_200007
Central Europe,DE,Central Europe,DE,Central Europe,100007,100007,Klinikum Düsseldorf,University Hospital,200007,FD Klinikum Düsseldorf,2024,Structural Heart,Introducer Sheaths,TC007,2.0,1,404,0.85,2,0.5,CM_100007,FD_200007
Central Europe,DE,Central Europe,DE,Central Europe,100007,100007,Klinikum Düsseldorf,University Hospital,200007,FD Klinikum Düsseldorf,2024,Structural Heart,Guide Wires,TC002,1.0,1,404,0.7,2,0.5,CM_100007,FD_200007
Central Europe,DE,Central Europe,DE,Central Europe,100007,100007,Klinikum Düsseldorf,University Hospital,200007,FD Klinikum Düsseldorf,2024,PCI - Complex,Guiding Catheters,TC001,1.5,1,716,0.98,5,0.2,CM_100007,FD_200007
Central Europe,DE,Central Europe,DE,Central Europe,100007,100007,Klinikum Düsseldorf,University Hospital,200007,FD Klinikum Düsseldorf,2024,PCI - Complex,Guide Wires,TC002,3.0,1,716,0.99,5,0.2,CM_100007,FD_200007
Central Europe,DE,Central Europe,DE,Central Europe,100007,100007,Klinikum Düsseldorf,University Hospital,200007,FD Klinikum Düsseldorf,2024,PCI - Complex,PTCA Balloon Catheters,TC003,2.0,1,716,0.9,5,0.2,CM_100007,FD_200007
Central Europe,DE,Central Europe,DE,Central Europe,100007,100007,Klinikum Düsseldorf,University Hospital,200007,FD Klinikum Düsseldorf,2024,PCI - Complex,Drug-Eluting Stents,TC004,2.0,1,716,0.8,5,0.2,CM_100007,FD_200007
Central Europe,DE,Central Europe,DE,Central Europe,100007,100007,Klinikum Düsseldorf,University Hospital,200007,FD Klinikum Düsseldorf,2024,PCI - Complex,Microcatheters,TC006,1.0,1,716,0.65,5,0.2,CM_100007,FD_200007
Central Europe,DE,Central Europe,DE,Central Europe,100008,100008,Herzzentrum Leipzig,University Hospital,200008,FD Herzzentrum Leipzig,2024,Structural Heart,Introducer Sheaths,TC007,2.0,1,2159,0.85,2,0.5,CM_100008,FD_200008
Central Europe,DE,Central Europe,DE,Central Europe,100008,100008,Herzzentrum Leipzig,University Hospital,200008,FD Herzzentrum Leipzig,2024,Structural Heart,Guide Wires,TC002,1.0,1,2159,0.7,2,0.5,CM_100008,FD_200008
Central Europe,DE,Central Europe,DE,Central Europe,100008,100008,Herzzentrum Leipzig,University Hospital,200008,FD Herzzentrum Leipzig,2024,Electrophysiology,Diagnostic Catheters,TC005,3.0,1,1673,0.8,2,0.5,CM_100008,FD_200008
Central Europe,DE,Central Europe,DE,Central Europe,100008,100008,Herzzentrum Leipzig,University Hospital,200008,FD Herzzentrum Leipzig,2024,Electrophysiology,Introducer Sheaths,TC007,1.0,1,1673,0.75,2,0.5,CM_100008,FD_200008
Central Europe,DE,Central Europe,DE,Central Europe,100008,100008,Herzzentrum Leipzig,University Hospital,200008,FD Herzzentrum Leipzig,2024,PCI - Coronary,Guiding Catheters,TC001,1.2,1,1431,0.95,7,0.1429,CM_100008,FD_200008
Central Europe,DE,Central Europe,DE,Central Europe,100008,100008,Herzzentrum Leipzig,University Hospital,200008,FD Herzzentrum Leipzig,2024,PCI - Coronary,Guide Wires,TC002,2.0,1,1431,0.98,7,0.1429,CM_100008,FD_200008
Central Europe,DE,Central Europe,DE,Central Europe,100008,100008,Herzzentrum Leipzig,University Hospital,200008,FD Herzzentrum Leipzig,2024,PCI - Coronary,PTCA Balloon Catheters,TC003,1.5,1,1431,0.85,7,0.1429,CM_100008,FD_200008
Central Europe,DE,Central Europe,DE,Central Europe,100008,100008,Herzzentrum Leipzig,University Hospital,200008,FD Herzzentrum Leipzig,2024,PCI - Coronary,Drug-Eluting Stents,TC004,1.3,1,1431,0.7,7,0.1429,CM_100008,FD_200008
Central Europe,DE,Central Europe,DE,Central Europe,100008,100008,Herzzentrum Leipzig,University Hospital,200008,FD Herzzentrum Leipzig,2024,PCI - Coronary,Inflation Devices,TC009,1.0,1,1431,0.9,7,0.1429,CM_100008,FD_200008
Central Europe,DE,Central Europe,DE,Central Europe,100008,100008,Herzzentrum Leipzig,University Hospital,200008,FD Herzzentrum Leipzig,2024,PCI - Coronary,Hemostasis Valves,TC008,1.0,1,1431,0.8,7,0.1429,CM_100008,FD_200008
Central Europe,DE,Central Europe,DE,Central Europe,100008,100008,Herzzentrum Leipzig,University Hospital,200008,FD Herzzentrum Leipzig,2024,PCI - Coronary,Radial Access Kits,TC010,1.0,1,1431,0.6,7,0.1429,CM_100008,FD_200008
Central Europe,DE,Central Europe,DE,Central Europe,100009,100009,Städtisches Krankenhaus Dresden,Heart Center,200009,FD Städtisches Krankenhaus Dresden,2024,PCI - Complex,Guiding Catheters,TC001,1.5,1,441,0.98,5,0.2,CM_100009,FD_200009
Central Europe,DE,Central Europe,DE,Central Europe,100009,100009,Städtisches Krankenhaus Dresden,Heart Center,200009,FD Städtisches Krankenhaus Dresden,2024,PCI - Complex,Guide Wires,TC002,3.0,1,441,0.99,5,0.2,CM_100009,FD_200009
Central Europe,DE,Central Europe,DE,Central Europe,100009,100009,Städtisches Krankenhaus Dresden,Heart Center,200009,FD Städtisches Krankenhaus Dresden,2024,PCI - Complex,PTCA Balloon Catheters,TC003,2.0,1,441,0.9,5,0.2,CM_100009,FD_200009
Central Europe,DE,Central Europe,DE,Central Europe,100009,100009,Städtisches Krankenhaus Dresden,Heart Center,200009,FD Städtisches Krankenhaus Dresden,2024,PCI - Complex,Drug-Eluting Stents,TC004,2.0,1,441,0.8,5,0.2,CM_100009,FD_200009
Central Europe,DE,Central Europe,DE,Central Europe,100009,100009,Städtisches Krankenhaus Dresden,Heart Center,200009,FD Städtisches Krankenhaus Dresden,2024,PCI - Complex,Microcatheters,TC006,1.0,1,441,0.65,5,0.2,CM_100009,FD_200009
Central Europe,DE,Central Europe,DE,Central Europe,100009,100009,Städtisches Krankenhaus Dresden,Heart Center,200009,FD Städtisches Krankenhaus Dresden,2024,Neurovascular Intervention,Microcatheters,TC006,2.0,1,386,0.95,2,0.5,CM_100009,FD_200009
Central Europe,DE,Central Europe,DE,Central Europe,100009,100009,Städtisches Krankenhaus Dresden,Heart Center,200009,FD Städtisches Krankenhaus Dresden,2024,Neurovascular Intervention,Guide Wires,TC002,2.0,1,386,0.9,2,0.5,CM_100009,FD_200009
Central Europe,DE,Central Europe,DE,Central Europe,100009,100009,Städtisches Krankenhaus Dresden,Heart Center,200009,FD Städtisches Krankenhaus Dresden,2024,Peripheral Intervention,Guide Wires,TC002,2.5,1,622,0.9,3,0.3333,CM_100009,FD_200009
Central Europe,DE,Central Europe,DE,Central Europe,100009,100009,Städtisches Krankenhaus Dresden,Heart Center,200009,FD Städtisches Krankenhaus Dresden,2024,Peripheral Intervention,Introducer Sheaths,TC007,1.5,1,622,0.8,3,0.3333,CM_100009,FD_200009
Central Europe,DE,Central Europe,DE,Central Europe,100009,100009,Städtisches Krankenhaus Dresden,Heart Center,200009,FD Städtisches Krankenhaus Dresden,2024,Peripheral Intervention,PTCA Balloon Catheters,TC003,1.0,1,622,0.6,3,0.3333,CM_100009,FD_200009
Central Europe,DE,Central Europe,DE,Central Europe,100009,100009,Städtisches Krankenhaus Dresden,Heart Center,200009,FD Städtisches Krankenhaus Dresden,2024,Electrophysiology,Diagnostic Catheters,TC005,3.0,1,540,0.8,2,0.5,CM_100009,FD_200009
Central Europe,DE,Central Europe,DE,Central Europe,100009,100009,Städtisches Krankenhaus Dresden,Heart Center,200009,FD Städtisches Krankenhaus Dresden,2024,Electrophysiology,Introducer Sheaths,TC007,1.0,1,540,0.75,2,0.5,CM_100009,FD_200009
Central Europe,DE,Central Europe,DE,Central Europe,100010,100010,St. Vinzenz-Hospital Hannover,University Hospital,200010,FD St. Vinzenz-Hospital Hannover,2024,Electrophysiology,Diagnostic Catheters,TC005,3.0,1,1029,0.8,2,0.5,CM_100010,FD_200010
Central Europe,DE,Central Europe,DE,Central Europe,100010,100010,St. Vinzenz-Hospital Hannover,University Hospital,200010,FD St. Vinzenz-Hospital Hannover,2024,Electrophysiology,Introducer Sheaths,TC007,1.0,1,1029,0.75,2,0.5,CM_100010,FD_200010
Central Europe,DE,Central Europe,DE,Central Europe,100010,100010,St. Vinzenz-Hospital Hannover,University Hospital,200010,FD St. Vinzenz-Hospital Hannover,2024,Neurovascular Intervention,Microcatheters,TC006,2.0,1,1024,0.95,2,0.5,CM_100010,FD_200010
Central Europe,DE,Central Europe,DE,Central Europe,100010,100010,St. Vinzenz-Hospital Hannover,University Hospital,200010,FD St. Vinzenz-Hospital Hannover,2024,Neurovascular Intervention,Guide Wires,TC002,2.0,1,1024,0.9,2,0.5,CM_100010,FD_200010
Central Europe,DE,Central Europe,DE,Central Europe,100010,100010,St. Vinzenz-Hospital Hannover,University Hospital,200010,FD St. Vinzenz-Hospital Hannover,2024,PCI - Coronary,Guiding Catheters,TC001,1.2,1,444,0.95,7,0.1429,CM_100010,FD_200010
Central Europe,DE,Central Europe,DE,Central Europe,100010,100010,St. Vinzenz-Hospital Hannover,University Hospital,200010,FD St. Vinzenz-Hospital Hannover,2024,PCI - Coronary,Guide Wires,TC002,2.0,1,444,0.98,7,0.1429,CM_100010,FD_200010
Central Europe,DE,Central Europe,DE,Central Europe,100010,100010,St. Vinzenz-Hospital Hannover,University Hospital,200010,FD St. Vinzenz-Hospital Hannover,2024,PCI - Coronary,PTCA Balloon Catheters,TC003,1.5,1,444,0.85,7,0.1429,CM_100010,FD_200010
Central Europe,DE,Central Europe,DE,Central Europe,100010,100010,St. Vinzenz-Hospital Hannover,University Hospital,200010,FD St. Vinzenz-Hospital Hannover,2024,PCI - Coronary,Drug-Eluting Stents,TC004,1.3,1,444,0.7,7,0.1429,CM_100010,FD_200010
Central Europe,DE,Central Europe,DE,Central Europe,100010,100010,St. Vinzenz-Hospital Hannover,University Hospital,200010,FD St. Vinzenz-Hospital Hannover,2024,PCI - Coronary,Inflation Devices,TC009,1.0,1,444,0.9,7,0.1429,CM_100010,FD_200010
Central Europe,DE,Central Europe,DE,Central Europe,100010,100010,St. Vinzenz-Hospital Hannover,University Hospital,200010,FD St. Vinzenz-Hospital Hannover,2024,PCI - Coronary,Hemostasis Valves,TC008,1.0,1,444,0.8,7,0.1429,CM_100010,FD_200010
Central Europe,DE,Central Europe,DE,Central Europe,100010,100010,St. Vinzenz-Hospital Hannover,University Hospital,200010,FD St. Vinzenz-Hospital Hannover,2024,PCI - Coronary,Radial Access Kits,TC010,1.0,1,444,0.6,7,0.1429,CM_100010,FD_200010
Central Europe,DE,Central Europe,DE,Central Europe,100010,100010,St. Vinzenz-Hospital Hannover,University Hospital,200010,FD St. Vinzenz-Hospital Hannover,2024,Structural Heart,Introducer Sheaths,TC007,2.0,1,615,0.85,2,0.5,CM_100010,FD_200010
Central Europe,DE,Central Europe,DE,Central Europe,100010,100010,St. Vinzenz-Hospital Hannover,University Hospital,200010,FD St. Vinzenz-Hospital Hannover,2024,Structural Heart,Guide Wires,TC002,1.0,1,615,0.7,2,0.5,CM_100010,FD_200010
Central Europe,DE,Central Europe,DE,Central Europe,100010,100010,St. Vinzenz-Hospital Hannover,University Hospital,200010,FD St. Vinzenz-Hospital Hannover,2024,Diagnostic Angiography,Diagnostic Catheters,TC005,2.0,1,433,0.95,5,0.2,CM_100010,FD_200010
Central Europe,DE,Central Europe,DE,Central Europe,100010,100010,St. Vinzenz-Hospital Hannover,University Hospital,200010,FD St. Vinzenz-Hospital Hannover,2024,Diagnostic Angiography,Guide Wires,TC002,1.5,1,433,0.9,5,0.2,CM_100010,FD_200010
Central Europe,DE,Central Europe,DE,Central Europe,100010,100010,St. Vinzenz-Hospital Hannover,University Hospital,200010,FD St. Vinzenz-Hospital Hannover,2024,Diagnostic Angiography,Introducer Sheaths,TC007,1.0,1,433,0.85,5,0.2,CM_100010,FD_200010
Central Europe,DE,Central Europe,DE,Central Europe,100010,100010,St. Vinzenz-Hospital Hannover,University Hospital,200010,FD St. Vinzenz-Hospital Hannover,2024,Diagnostic Angiography,Hemostasis Valves,TC008,1.0,1,433,0.7,5,0.2,CM_100010,FD_200010
Central Europe,DE,Central Europe,DE,Central Europe,100010,100010,St. Vinzenz-Hospital Hannover,University Hospital,200010,FD St. Vinzenz-Hospital Hannover,2024,Diagnostic Angiography,Radial Access Kits,TC010,1.0,1,433,0.5,5,0.2,CM_100010,FD_200010
Central Europe,DE,Central Europe,DE,Central Europe,100010,100010,St. Vinzenz-Hospital Hannover,University Hospital,200010,FD St. Vinzenz-Hospital Hannover,2024,Peripheral Intervention,Guide Wires,TC002,2.5,1,390,0.9,3,0.3333,CM_100010,FD_200010
Central Europe,DE,Central Europe,DE,Central Europe,100010,100010,St. Vinzenz-Hospital Hannover,University Hospital,200010,FD St. Vinzenz-Hospital Hannover,2024,Peripheral Intervention,Introducer Sheaths,TC007,1.5,1,390,0.8,3,0.3333,CM_100010,FD_200010
Central Europe,DE,Central Europe,DE,Central Europe,100010,100010,St. Vinzenz-Hospital Hannover,University Hospital,200010,FD St. Vinzenz-Hospital Hannover,2024,Peripheral Intervention,PTCA Balloon Catheters,TC003,1.0,1,390,0.6,3,0.3333,CM_100010,FD_200010
Central Europe,DE,Central Europe,DE,Central Europe,100011,100011,Universitätsklinikum Essen,University Hospital,200011,FD Universitätsklinikum Essen,2024,PCI - Coronary,Guiding Catheters,TC001,1.2,1,1383,0.95,7,0.1429,CM_100011,FD_200011
Central Europe,DE,Central Europe,DE,Central Europe,100011,100011,Universitätsklinikum Essen,University Hospital,200011,FD Universitätsklinikum Essen,2024,PCI - Coronary,Guide Wires,TC002,2.0,1,1383,0.98,7,0.1429,CM_100011,FD_200011
Central Europe,DE,Central Europe,DE,Central Europe,100011,100011,Universitätsklinikum Essen,University Hospital,200011,FD Universitätsklinikum Essen,2024,PCI - Coronary,PTCA Balloon Catheters,TC003,1.5,1,1383,0.85,7,0.1429,CM_100011,FD_200011
Central Europe,DE,Central Europe,DE,Central Europe,100011,100011,Universitätsklinikum Essen,University Hospital,200011,FD Universitätsklinikum Essen,2024,PCI - Coronary,Drug-Eluting Stents,TC004,1.3,1,1383,0.7,7,0.1429,CM_100011,FD_200011
Central Europe,DE,Central Europe,DE,Central Europe,100011,100011,Universitätsklinikum Essen,University Hospital,200011,FD Universitätsklinikum Essen,2024,PCI - Coronary,Inflation Devices,TC009,1.0,1,1383,0.9,7,0.1429,CM_100011,FD_200011
Central Europe,DE,Central Europe,DE,Central Europe,100011,100011,Universitätsklinikum Essen,University Hospital,200011,FD Universitätsklinikum Essen,2024,PCI - Coronary,Hemostasis Valves,TC008,1.0,1,1383,0.8,7,0.1429,CM_100011,FD_200011
Central Europe,DE,Central Europe,DE,Central Europe,100011,100011,Universitätsklinikum Essen,University Hospital,200011,FD Universitätsklinikum Essen,2024,PCI - Coronary,Radial Access Kits,TC010,1.0,1,1383,0.6,7,0.1429,CM_100011,FD_200011
Central Europe,DE,Central Europe,DE,Central Europe,100011,100011,Universitätsklinikum Essen,University Hospital,200011,FD Universitätsklinikum Essen,2024,PCI - Complex,Guiding Catheters,TC001,1.5,1,2197,0.98,5,0.2,CM_100011,FD_200011
Central Europe,DE,Central Europe,DE,Central Europe,100011,100011,Universitätsklinikum Essen,University Hospital,200011,FD Universitätsklinikum Essen,2024,PCI - Complex,Guide Wires,TC002,3.0,1,2197,0.99,5,0.2,CM_100011,FD_200011
Central Europe,DE,Central Europe,DE,Central Europe,100011,100011,Universitätsklinikum Essen,University Hospital,200011,FD Universitätsklinikum Essen,2024,PCI - Complex,PTCA Balloon Catheters,TC003,2.0,1,2197,0.9,5,0.2,CM_100011,FD_200011
Central Europe,DE,Central Europe,DE,Central Europe,100011,100011,Universitätsklinikum Essen,University Hospital,200011,FD Universitätsklinikum Essen,2024,PCI - Complex,Drug-Eluting Stents,TC004,2.0,1,2197,0.8,5,0.2,CM_100011,FD_200011
Central Europe,DE,Central Europe,DE,Central Europe,100011,100011,Universitätsklinikum Essen,University Hospital,200011,FD Universitätsklinikum Essen,2024,PCI - Complex,Microcatheters,TC006,1.0,1,2197,0.65,5,0.2,CM_100011,FD_200011
Central Europe,DE,Central Europe,DE,Central Europe,100011,100011,Universitätsklinikum Essen,University Hospital,200011,FD Universitätsklinikum Essen,2024,Peripheral Intervention,Guide Wires,TC002,2.5,1,928,0.9,3,0.3333,CM_100011,FD_200011
Central Europe,DE,Central Europe,DE,Central Europe,100011,100011,Universitätsklinikum Essen,University Hospital,200011,FD Universitätsklinikum Essen,2024,Peripheral Intervention,Introducer Sheaths,TC007,1.5,1,928,0.8,3,0.3333,CM_100011,FD_200011
Central Europe,DE,Central Europe,DE,Central Europe,100011,100011,Universitätsklinikum Essen,University Hospital,200011,FD Universitätsklinikum Essen,2024,Peripheral Intervention,PTCA Balloon Catheters,TC003,1.0,1,928,0.6,3,0.3333,CM_100011,FD_200011
Central Europe,DE,Central Europe,DE,Central Europe,100011,100011,Universitätsklinikum Essen,University Hospital,200011,FD Universitätsklinikum Essen,2024,Electrophysiology,Diagnostic Catheters,TC005,3.0,1,1166,0.8,2,0.5,CM_100011,FD_200011
Central Europe,DE,Central Europe,DE,Central Europe,100011,100011,Universitätsklinikum Essen,University Hospital,200011,FD Universitätsklinikum Essen,2024,Electrophysiology,Introducer Sheaths,TC007,1.0,1,1166,0.75,2,0.5,CM_100011,FD_200011
Central Europe,DE,Central Europe,DE,Central Europe,100011,100011,Universitätsklinikum Essen,University Hospital,200011,FD Universitätsklinikum Essen,2024,Structural Heart,Introducer Sheaths,TC007,2.0,1,2163,0.85,2,0.5,CM_100011,FD_200011
Central Europe,DE,Central Europe,DE,Central Europe,100011,100011,Universitätsklinikum Essen,University Hospital,200011,FD Universitätsklinikum Essen,2024,Structural Heart,Guide Wires,TC002,1.0,1,2163,0.7,2,0.5,CM_100011,FD_200011
Central Europe,DE,Central Europe,DE,Central Europe,100011,100011,Universitätsklinikum Essen,University Hospital,200011,FD Universitätsklinikum Essen,2024,Diagnostic Angiography,Diagnostic Catheters,TC005,2.0,1,1234,0.95,5,0.2,CM_100011,FD_200011
Central Europe,DE,Central Europe,DE,Central Europe,100011,100011,Universitätsklinikum Essen,University Hospital,200011,FD Universitätsklinikum Essen,2024,Diagnostic Angiography,Guide Wires,TC002,1.5,1,1234,0.9,5,0.2,CM_100011,FD_200011
Central Europe,DE,Central Europe,DE,Central Europe,100011,100011,Universitätsklinikum Essen,University Hospital,200011,FD Universitätsklinikum Essen,2024,Diagnostic Angiography,Introducer Sheaths,TC007,1.0,1,1234,0.85,5,0.2,CM_100011,FD_200011
Central Europe,DE,Central Europe,DE,Central Europe,100011,100011,Universitätsklinikum Essen,University Hospital,200011,FD Universitätsklinikum Essen,2024,Diagnostic Angiography,Hemostasis Valves,TC008,1.0,1,1234,0.7,5,0.2,CM_100011,FD_200011
Central Europe,DE,Central Europe,DE,Central Europe,100011,100011,Universitätsklinikum Essen,University Hospital,200011,FD Universitätsklinikum Essen,2024,Diagnostic Angiography,Radial Access Kits,TC010,1.0,1,1234,0.5,5,0.2,CM_100011,FD_200011
Central Europe,DE,Central Europe,DE,Central Europe,100012,100012,Klinikum Freiburg,University Hospital,200012,FD Klinikum Freiburg,2024,PCI - Complex,Guiding Catheters,TC001,1.5,1,165,0.98,5,0.2,CM_100012,FD_200012
Central Europe,DE,Central Europe,DE,Central Europe,100012,100012,Klinikum Freiburg,University Hospital,200012,FD Klinikum Freiburg,2024,PCI - Complex,Guide Wires,TC002,3.0,1,165,0.99,5,0.2,CM_100012,FD_200012
Central Europe,DE,Central Europe,DE,Central Europe,100012,100012,Klinikum Freiburg,University Hospital,200012,FD Klinikum Freiburg,2024,PCI - Complex,PTCA Balloon Catheters,TC003,2.0,1,165,0.9,5,0.2,CM_100012,FD_200012
Central Europe,DE,Central Europe,DE,Central Europe,100012,100012,Klinikum Freiburg,University Hospital,200012,FD Klinikum Freiburg,2024,PCI - Complex,Drug-Eluting Stents,TC004,2.0,1,165,0.8,5,0.2,CM_100012,FD_200012
Central Europe,DE,Central Europe,DE,Central Europe,100012,100012,Klinikum Freiburg,University Hospital,200012,FD Klinikum Freiburg,2024,PCI - Complex,Microcatheters,TC006,1.0,1,165,0.65,5,0.2,CM_100012,FD_200012
Central Europe,DE,Central Europe,DE,Central Europe,100012,100012,Klinikum Freiburg,University Hospital,200012,FD Klinikum Freiburg,2024,Electrophysiology,Diagnostic Catheters,TC005,3.0,1,539,0.8,2,0.5,CM_100012,FD_200012
Central Europe,DE,Central Europe,DE,Central Europe,100012,100012,Klinikum Freiburg,University Hospital,200012,FD Klinikum Freiburg,2024,Electrophysiology,Introducer Sheaths,TC007,1.0,1,539,0.75,2,0.5,CM_100012,FD_200012
Central Europe,DE,Central Europe,DE,Central Europe,100012,100012,Klinikum Freiburg,University Hospital,200012,FD Klinikum Freiburg,2024,Diagnostic Angiography,Diagnostic Catheters,TC005,2.0,1,465,0.95,5,0.2,CM_100012,FD_200012
Central Europe,DE,Central Europe,DE,Central Europe,100012,100012,Klinikum Freiburg,University Hospital,200012,FD Klinikum Freiburg,2024,Diagnostic Angiography,Guide Wires,TC002,1.5,1,465,0.9,5,0.2,CM_100012,FD_200012
Central Europe,DE,Central Europe,DE,Central Europe,100012,100012,Klinikum Freiburg,University Hospital,200012,FD Klinikum Freiburg,2024,Diagnostic Angiography,Introducer Sheaths,TC007,1.0,1,465,0.85,5,0.2,CM_100012,FD_200012
Central Europe,DE,Central Europe,DE,Central Europe,100012,100012,Klinikum Freiburg,University Hospital,200012,FD Klinikum Freiburg,2024,Diagnostic Angiography,Hemostasis Valves,TC008,1.0,1,465,0.7,5,0.2,CM_100012,FD_200012
Central Europe,DE,Central Europe,DE,Central Europe,100012,100012,Klinikum Freiburg,University Hospital,200012,FD Klinikum Freiburg,2024,Diagnostic Angiography,Radial Access Kits,TC010,1.0,1,465,0.5,5,0.2,CM_100012,FD_200012
Central Europe,DE,Central Europe,DE,Central Europe,100012,100012,Klinikum Freiburg,University Hospital,200012,FD Klinikum Freiburg,2024,Structural Heart,Introducer Sheaths,TC007,2.0,1,319,0.85,2,0.5,CM_100012,FD_200012
Central Europe,DE,Central Europe,DE,Central Europe,100012,100012,Klinikum Freiburg,University Hospital,200012,FD Klinikum Freiburg,2024,Structural Heart,Guide Wires,TC002,1.0,1,319,0.7,2,0.5,CM_100012,FD_200012
Central Europe,DE,Central Europe,DE,Central Europe,100012,100012,Klinikum Freiburg,University Hospital,200012,FD Klinikum Freiburg,2024,PCI - Coronary,Guiding Catheters,TC001,1.2,1,411,0.95,7,0.1429,CM_100012,FD_200012
Central Europe,DE,Central Europe,DE,Central Europe,100012,100012,Klinikum Freiburg,University Hospital,200012,FD Klinikum Freiburg,2024,PCI - Coronary,Guide Wires,TC002,2.0,1,411,0.98,7,0.1429,CM_100012,FD_200012
Central Europe,DE,Central Europe,DE,Central Europe,100012,100012,Klinikum Freiburg,University Hospital,200012,FD Klinikum Freiburg,2024,PCI - Coronary,PTCA Balloon Catheters,TC003,1.5,1,411,0.85,7,0.1429,CM_100012,FD_200012
Central Europe,DE,Central Europe,DE,Central Europe,100012,100012,Klinikum Freiburg,University Hospital,200012,FD Klinikum Freiburg,2024,PCI - Coronary,Drug-Eluting Stents,TC004,1.3,1,411,0.7,7,0.1429,CM_100012,FD_200012
Central Europe,DE,Central Europe,DE,Central Europe,100012,100012,Klinikum Freiburg,University Hospital,200012,FD Klinikum Freiburg,2024,PCI - Coronary,Inflation Devices,TC009,1.0,1,411,0.9,7,0.1429,CM_100012,FD_200012
Central Europe,DE,Central Europe,DE,Central Europe,100012,100012,Klinikum Freiburg,University Hospital,200012,FD Klinikum Freiburg,2024,PCI - Coronary,Hemostasis Valves,TC008,1.0,1,411,0.8,7,0.1429,CM_100012,FD_200012
Central Europe,DE,Central Europe,DE,Central Europe,100012,100012,Klinikum Freiburg,University Hospital,200012,FD Klinikum Freiburg,2024,PCI - Coronary,Radial Access Kits,TC010,1.0,1,411,0.6,7,0.1429,CM_100012,FD_200012
Central Europe,DE,Central Europe,DE,Central Europe,100012,100012,Klinikum Freiburg,University Hospital,200012,FD Klinikum Freiburg,2024,Neurovascular Intervention,Microcatheters,TC006,2.0,1,616,0.95,2,0.5,CM_100012,FD_200012
Central Europe,DE,Central Europe,DE,Central Europe,100012,100012,Klinikum Freiburg,University Hospital,200012,FD Klinikum Freiburg,2024,Neurovascular Intervention,Guide Wires,TC002,2.0,1,616,0.9,2,0.5,CM_100012,FD_200012
Western Europe,FR,Western Europe,FR,Western Europe,100013,100013,CHU Paris,University Hospital,200013,FD CHU Paris,2024,PCI - Coronary,Guiding Catheters,TC001,1.2,1,914,0.95,7,0.1429,CM_100013,FD_200013
Western Europe,FR,Western Europe,FR,Western Europe,100013,100013,CHU Paris,University Hospital,200013,FD CHU Paris,2024,PCI - Coronary,Guide Wires,TC002,2.0,1,914,0.98,7,0.1429,CM_100013,FD_200013
Western Europe,FR,Western Europe,FR,Western Europe,100013,100013,CHU Paris,University Hospital,200013,FD CHU Paris,2024,PCI - Coronary,PTCA Balloon Catheters,TC003,1.5,1,914,0.85,7,0.1429,CM_100013,FD_200013
Western Europe,FR,Western Europe,FR,Western Europe,100013,100013,CHU Paris,University Hospital,200013,FD CHU Paris,2024,PCI - Coronary,Drug-Eluting Stents,TC004,1.3,1,914,0.7,7,0.1429,CM_100013,FD_200013
Western Europe,FR,Western Europe,FR,Western Europe,100013,100013,CHU Paris,University Hospital,200013,FD CHU Paris,2024,PCI - Coronary,Inflation Devices,TC009,1.0,1,914,0.9,7,0.1429,CM_100013,FD_200013
Western Europe,FR,Western Europe,FR,Western Europe,100013,100013,CHU Paris,University Hospital,200013,FD CHU Paris,2024,PCI - Coronary,Hemostasis Valves,TC008,1.0,1,914,0.8,7,0.1429,CM_100013,FD_200013
Western Europe,FR,Western Europe,FR,Western Europe,100013,100013,CHU Paris,University Hospital,200013,FD CHU Paris,2024,PCI - Coronary,Radial Access Kits,TC010,1.0,1,914,0.6,7,0.1429,CM_100013,FD_200013
Western Europe,FR,Western Europe,FR,Western Europe,100013,100013,CHU Paris,University Hospital,200013,FD CHU Paris,2024,PCI - Complex,Guiding Catheters,TC001,1.5,1,1815,0.98,5,0.2,CM_100013,FD_200013
Western Europe,FR,Western Europe,FR,Western Europe,100013,100013,CHU Paris,University Hospital,200013,FD CHU Paris,2024,PCI - Complex,Guide Wires,TC002,3.0,1,1815,0.99,5,0.2,CM_100013,FD_200013
Western Europe,FR,Western Europe,FR,Western Europe,100013,100013,CHU Paris,University Hospital,200013,FD CHU Paris,2024,PCI - Complex,PTCA Balloon Catheters,TC003,2.0,1,1815,0.9,5,0.2,CM_100013,FD_200013
Western Europe,FR,Western Europe,FR,Western Europe,100013,100013,CHU Paris,University Hospital,200013,FD CHU Paris,2024,PCI - Complex,Drug-Eluting Stents,TC004,2.0,1,1815,0.8,5,0.2,CM_100013,FD_200013
Western Europe,FR,Western Europe,FR,Western Europe,100013,100013,CHU Paris,University Hospital,200013,FD CHU Paris,2024,PCI - Complex,Microcatheters,TC006,1.0,1,1815,0.65,5,0.2,CM_100013,FD_200013
Western Europe,FR,Western Europe,FR,Western Europe,100013,100013,CHU Paris,University Hospital,200013,FD CHU Paris,2024,Electrophysiology,Diagnostic Catheters,TC005,3.0,1,1772,0.8,2,0.5,CM_100013,FD_200013
Western Europe,FR,Western Europe,FR,Western Europe,100013,100013,CHU Paris,University Hospital,200013,FD CHU Paris,2024,Electrophysiology,Introducer Sheaths,TC007,1.0,1,1772,0.75,2,0.5,CM_100013,FD_200013
Western Europe,FR,Western Europe,FR,Western Europe,100013,100013,CHU Paris,University Hospital,200013,FD CHU Paris,2024,Neurovascular Intervention,Microcatheters,TC006,2.0,1,1139,0.95,2,0.5,CM_100013,FD_200013
Western Europe,FR,Western Europe,FR,Western Europe,100013,100013,CHU Paris,University Hospital,200013,FD CHU Paris,2024,Neurovascular Intervention,Guide Wires,TC002,2.0,1,1139,0.9,2,0.5,CM_100013,FD_200013
Western Europe,FR,Western Europe,FR,Western Europe,100013,100013,CHU Paris,University Hospital,200013,FD CHU Paris,2024,Diagnostic Angiography,Diagnostic Catheters,TC005,2.0,1,1729,0.95,5,0.2,CM_100013,FD_200013
Western Europe,FR,Western Europe,FR,Western Europe,100013,100013,CHU Paris,University Hospital,200013,FD CHU Paris,2024,Diagnostic Angiography,Guide Wires,TC002,1.5,1,1729,0.9,5,0.2,CM_100013,FD_200013
Western Europe,FR,Western Europe,FR,Western Europe,100013,100013,CHU Paris,University Hospital,200013,FD CHU Paris,2024,Diagnostic Angiography,Introducer Sheaths,TC007,1.0,1,1729,0.85,5,0.2,CM_100013,FD_200013
Western Europe,FR,Western Europe,FR,Western Europe,100013,100013,CHU Paris,University Hospital,200013,FD CHU Paris,2024,Diagnostic Angiography,Hemostasis Valves,TC008,1.0,1,1729,0.7,5,0.2,CM_100013,FD_200013
Western Europe,FR,Western Europe,FR,Western Europe,100013,100013,CHU Paris,University Hospital,200013,FD CHU Paris,2024,Diagnostic Angiography,Radial Access Kits,TC010,1.0,1,1729,0.5,5,0.2,CM_100013,FD_200013
Western Europe,FR,Western Europe,FR,Western Europe,100013,100013,CHU Paris,University Hospital,200013,FD CHU Paris,2024,Peripheral Intervention,Guide Wires,TC002,2.5,1,781,0.9,3,0.3333,CM_100013,FD_200013
Western Europe,FR,Western Europe,FR,Western Europe,100013,100013,CHU Paris,University Hospital,200013,FD CHU Paris,2024,Peripheral Intervention,Introducer Sheaths,TC007,1.5,1,781,0.8,3,0.3333,CM_100013,FD_200013
Western Europe,FR,Western Europe,FR,Western Europe,100013,100013,CHU Paris,University Hospital,200013,FD CHU Paris,2024,Peripheral Intervention,PTCA Balloon Catheters,TC003,1.0,1,781,0.6,3,0.3333,CM_100013,FD_200013
Western Europe,FR,Western Europe,FR,Western Europe,100013,100013,CHU Paris,University Hospital,200013,FD CHU Paris,2024,Structural Heart,Introducer Sheaths,TC007,2.0,1,805,0.85,2,0.5,CM_100013,FD_200013
Western Europe,FR,Western Europe,FR,Western Europe,100013,100013,CHU Paris,University Hospital,200013,FD CHU Paris,2024,Structural Heart,Guide Wires,TC002,1.0,1,805,0.7,2,0.5,CM_100013,FD_200013
Western Europe,FR,Western Europe,FR,Western Europe,100014,100014,Hôpital Lyon,Public Hospital,200014,FD Hôpital Lyon,2024,Neurovascular Intervention,Microcatheters,TC006,2.0,1,440,0.95,2,0.5,CM_100014,FD_200014
Western Europe,FR,Western Europe,FR,Western Europe,100014,100014,Hôpital Lyon,Public Hospital,200014,FD Hôpital Lyon,2024,Neurovascular Intervention,Guide Wires,TC002,2.0,1,440,0.9,2,0.5,CM_100014,FD_200014
Western Europe,FR,Western Europe,FR,Western Europe,100014,100014,Hôpital Lyon,Public Hospital,200014,FD Hôpital Lyon,2024,Electrophysiology,Diagnostic Catheters,TC005,3.0,1,544,0.8,2,0.5,CM_100014,FD_200014
Western Europe,FR,Western Europe,FR,Western Europe,100014,100014,Hôpital Lyon,Public Hospital,200014,FD Hôpital Lyon,2024,Electrophysiology,Introducer Sheaths,TC007,1.0,1,544,0.75,2,0.5,CM_100014,FD_200014
Western Europe,FR,Western Europe,FR,Western Europe,100014,100014,Hôpital Lyon,Public Hospital,200014,FD Hôpital Lyon,2024,Diagnostic Angiography,Diagnostic Catheters,TC005,2.0,1,328,0.95,5,0.2,CM_100014,FD_200014
Western Europe,FR,Western Europe,FR,Western Europe,100014,100014,Hôpital Lyon,Public Hospital,200014,FD Hôpital Lyon,2024,Diagnostic Angiography,Guide Wires,TC002,1.5,1,328,0.9,5,0.2,CM_100014,FD_200014
Western Europe,FR,Western Europe,FR,Western Europe,100014,100014,Hôpital Lyon,Public Hospital,200014,FD Hôpital Lyon,2024,Diagnostic Angiography,Introducer Sheaths,TC007,1.0,1,328,0.85,5,0.2,CM_100014,FD_200014
Western Europe,FR,Western Europe,FR,Western Europe,100014,100014,Hôpital Lyon,Public Hospital,200014,FD Hôpital Lyon,2024,Diagnostic Angiography,Hemostasis Valves,TC008,1.0,1,328,0.7,5,0.2,CM_100014,FD_200014
Western Europe,FR,Western Europe,FR,Western Europe,100014,100014,Hôpital Lyon,Public Hospital,200014,FD Hôpital Lyon,2024,Diagnostic Angiography,Radial Access Kits,TC010,1.0,1,328,0.5,5,0.2,CM_100014,FD_200014
Western Europe,FR,Western Europe,FR,Western Europe,100014,100014,Hôpital Lyon,Public Hospital,200014,FD Hôpital Lyon,2024,Structural Heart,Introducer Sheaths,TC007,2.0,1,292,0.85,2,0.5,CM_100014,FD_200014
Western Europe,FR,Western Europe,FR,Western Europe,100014,100014,Hôpital Lyon,Public Hospital,200014,FD Hôpital Lyon,2024,Structural Heart,Guide Wires,TC002,1.0,1,292,0.7,2,0.5,CM_100014,FD_200014
Western Europe,FR,Western Europe,FR,Western Europe,100014,100014,Hôpital Lyon,Public Hospital,200014,FD Hôpital Lyon,2024,PCI - Coronary,Guiding Catheters,TC001,1.2,1,830,0.95,7,0.1429,CM_100014,FD_200014
Western Europe,FR,Western Europe,FR,Western Europe,100014,100014,Hôpital Lyon,Public Hospital,200014,FD Hôpital Lyon,2024,PCI - Coronary,Guide Wires,TC002,2.0,1,830,0.98,7,0.1429,CM_100014,FD_200014
Western Europe,FR,Western Europe,FR,Western Europe,100014,100014,Hôpital Lyon,Public Hospital,200014,FD Hôpital Lyon,2024,PCI - Coronary,PTCA Balloon Catheters,TC003,1.5,1,830,0.85,7,0.1429,CM_100014,FD_200014
Western Europe,FR,Western Europe,FR,Western Europe,100014,100014,Hôpital Lyon,Public Hospital,200014,FD Hôpital Lyon,2024,PCI - Coronary,Drug-Eluting Stents,TC004,1.3,1,830,0.7,7,0.1429,CM_100014,FD_200014
Western Europe,FR,Western Europe,FR,Western Europe,100014,100014,Hôpital Lyon,Public Hospital,200014,FD Hôpital Lyon,2024,PCI - Coronary,Inflation Devices,TC009,1.0,1,830,0.9,7,0.1429,CM_100014,FD_200014
Western Europe,FR,Western Europe,FR,Western Europe,100014,100014,Hôpital Lyon,Public Hospital,200014,FD Hôpital Lyon,2024,PCI - Coronary,Hemostasis Valves,TC008,1.0,1,830,0.8,7,0.1429,CM_100014,FD_200014
Western Europe,FR,Western Europe,FR,Western Europe,100014,100014,Hôpital Lyon,Public Hospital,200014,FD Hôpital Lyon,2024,PCI - Coronary,Radial Access Kits,TC010,1.0,1,830,0.6,7,0.1429,CM_100014,FD_200014
Western Europe,FR,Western Europe,FR,Western Europe,100014,100014,Hôpital Lyon,Public Hospital,200014,FD Hôpital Lyon,2024,PCI - Complex,Guiding Catheters,TC001,1.5,1,268,0.98,5,0.2,CM_100014,FD_200014
Western Europe,FR,Western Europe,FR,Western Europe,100014,100014,Hôpital Lyon,Public Hospital,200014,FD Hôpital Lyon,2024,PCI - Complex,Guide Wires,TC002,3.0,1,268,0.99,5,0.2,CM_100014,FD_200014
Western Europe,FR,Western Europe,FR,Western Europe,100014,100014,Hôpital Lyon,Public Hospital,200014,FD Hôpital Lyon,2024,PCI - Complex,PTCA Balloon Catheters,TC003,2.0,1,268,0.9,5,0.2,CM_100014,FD_200014
Western Europe,FR,Western Europe,FR,Western Europe,100014,100014,Hôpital Lyon,Public Hospital,200014,FD Hôpital Lyon,2024,PCI - Complex,Drug-Eluting Stents,TC004,2.0,1,268,0.8,5,0.2,CM_100014,FD_200014
Western Europe,FR,Western Europe,FR,Western Europe,100014,100014,Hôpital Lyon,Public Hospital,200014,FD Hôpital Lyon,2024,PCI - Complex,Microcatheters,TC006,1.0,1,268,0.65,5,0.2,CM_100014,FD_200014
Western Europe,FR,Western Europe,FR,Western Europe,100014,100014,Hôpital Lyon,Public Hospital,200014,FD Hôpital Lyon,2024,Peripheral Intervention,Guide Wires,TC002,2.5,1,700,0.9,3,0.3333,CM_100014,FD_200014
Western Europe,FR,Western Europe,FR,Western Europe,100014,100014,Hôpital Lyon,Public Hospital,200014,FD Hôpital Lyon,2024,Peripheral Intervention,Introducer Sheaths,TC007,1.5,1,700,0.8,3,0.3333,CM_100014,FD_200014
Western Europe,FR,Western Europe,FR,Western Europe,100014,100014,Hôpital Lyon,Public Hospital,200014,FD Hôpital Lyon,2024,Peripheral Intervention,PTCA Balloon Catheters,TC003,1.0,1,700,0.6,3,0.3333,CM_100014,FD_200014
Western Europe,FR,Western Europe,FR,Western Europe,100015,100015,Clinique Marseille,Private Clinic,200015,FD Clinique Marseille,2024,PCI - Coronary,Guiding Catheters,TC001,1.2,1,278,0.95,7,0.1429,CM_100015,FD_200015
Western Europe,FR,Western Europe,FR,Western Europe,100015,100015,Clinique Marseille,Private Clinic,200015,FD Clinique Marseille,2024,PCI - Coronary,Guide Wires,TC002,2.0,1,278,0.98,7,0.1429,CM_100015,FD_200015
Western Europe,FR,Western Europe,FR,Western Europe,100015,100015,Clinique Marseille,Private Clinic,200015,FD Clinique Marseille,2024,PCI - Coronary,PTCA Balloon Catheters,TC003,1.5,1,278,0.85,7,0.1429,CM_100015,FD_200015
Western Europe,FR,Western Europe,FR,Western Europe,100015,100015,Clinique Marseille,Private Clinic,200015,FD Clinique Marseille,2024,PCI - Coronary,Drug-Eluting Stents,TC004,1.3,1,278,0.7,7,0.1429,CM_100015,FD_200015
Western Europe,FR,Western Europe,FR,Western Europe,100015,100015,Clinique Marseille,Private Clinic,200015,FD Clinique Marseille,2024,PCI - Coronary,Inflation Devices,TC009,1.0,1,278,0.9,7,0.1429,CM_100015,FD_200015
Western Europe,FR,Western Europe,FR,Western Europe,100015,100015,Clinique Marseille,Private Clinic,200015,FD Clinique Marseille,2024,PCI - Coronary,Hemostasis Valves,TC008,1.0,1,278,0.8,7,0.1429,CM_100015,FD_200015
Western Europe,FR,Western Europe,FR,Western Europe,100015,100015,Clinique Marseille,Private Clinic,200015,FD Clinique Marseille,2024,PCI - Coronary,Radial Access Kits,TC010,1.0,1,278,0.6,7,0.1429,CM_100015,FD_200015
Western Europe,FR,Western Europe,FR,Western Europe,100015,100015,Clinique Marseille,Private Clinic,200015,FD Clinique Marseille,2024,Electrophysiology,Diagnostic Catheters,TC005,3.0,1,473,0.8,2,0.5,CM_100015,FD_200015
Western Europe,FR,Western Europe,FR,Western Europe,100015,100015,Clinique Marseille,Private Clinic,200015,FD Clinique Marseille,2024,Electrophysiology,Introducer Sheaths,TC007,1.0,1,473,0.75,2,0.5,CM_100015,FD_200015
Western Europe,FR,Western Europe,FR,Western Europe,100015,100015,Clinique Marseille,Private Clinic,200015,FD Clinique Marseille,2024,Neurovascular Intervention,Microcatheters,TC006,2.0,1,179,0.95,2,0.5,CM_100015,FD_200015
Western Europe,FR,Western Europe,FR,Western Europe,100015,100015,Clinique Marseille,Private Clinic,200015,FD Clinique Marseille,2024,Neurovascular Intervention,Guide Wires,TC002,2.0,1,179,0.9,2,0.5,CM_100015,FD_200015
Western Europe,FR,Western Europe,FR,Western Europe,100015,100015,Clinique Marseille,Private Clinic,200015,FD Clinique Marseille,2024,PCI - Complex,Guiding Catheters,TC001,1.5,1,345,0.98,5,0.2,CM_100015,FD_200015
Western Europe,FR,Western Europe,FR,Western Europe,100015,100015,Clinique Marseille,Private Clinic,200015,FD Clinique Marseille,2024,PCI - Complex,Guide Wires,TC002,3.0,1,345,0.99,5,0.2,CM_100015,FD_200015
Western Europe,FR,Western Europe,FR,Western Europe,100015,100015,Clinique Marseille,Private Clinic,200015,FD Clinique Marseille,2024,PCI - Complex,PTCA Balloon Catheters,TC003,2.0,1,345,0.9,5,0.2,CM_100015,FD_200015
Western Europe,FR,Western Europe,FR,Western Europe,100015,100015,Clinique Marseille,Private Clinic,200015,FD Clinique Marseille,2024,PCI - Complex,Drug-Eluting Stents,TC004,2.0,1,345,0.8,5,0.2,CM_100015,FD_200015
Western Europe,FR,Western Europe,FR,Western Europe,100015,100015,Clinique Marseille,Private Clinic,200015,FD Clinique Marseille,2024,PCI - Complex,Microcatheters,TC006,1.0,1,345,0.65,5,0.2,CM_100015,FD_200015
Western Europe,FR,Western Europe,FR,Western Europe,100015,100015,Clinique Marseille,Private Clinic,200015,FD Clinique Marseille,2024,Diagnostic Angiography,Diagnostic Catheters,TC005,2.0,1,198,0.95,5,0.2,CM_100015,FD_200015
Western Europe,FR,Western Europe,FR,Western Europe,100015,100015,Clinique Marseille,Private Clinic,200015,FD Clinique Marseille,2024,Diagnostic Angiography,Guide Wires,TC002,1.5,1,198,0.9,5,0.2,CM_100015,FD_200015
Western Europe,FR,Western Europe,FR,Western Europe,100015,100015,Clinique Marseille,Private Clinic,200015,FD Clinique Marseille,2024,Diagnostic Angiography,Introducer Sheaths,TC007,1.0,1,198,0.85,5,0.2,CM_100015,FD_200015
Western Europe,FR,Western Europe,FR,Western Europe,100015,100015,Clinique Marseille,Private Clinic,200015,FD Clinique Marseille,2024,Diagnostic Angiography,Hemostasis Valves,TC008,1.0,1,198,0.7,5,0.2,CM_100015,FD_200015
Western Europe,FR,Western Europe,FR,Western Europe,100015,100015,Clinique Marseille,Private Clinic,200015,FD Clinique Marseille,2024,Diagnostic Angiography,Radial Access Kits,TC010,1.0,1,198,0.5,5,0.2,CM_100015,FD_200015
Western Europe,FR,Western Europe,FR,Western Europe,100015,100015,Clinique Marseille,Private Clinic,200015,FD Clinique Marseille,2024,Peripheral Intervention,Guide Wires,TC002,2.5,1,382,0.9,3,0.3333,CM_100015,FD_200015
Western Europe,FR,Western Europe,FR,Western Europe,100015,100015,Clinique Marseille,Private Clinic,200015,FD Clinique Marseille,2024,Peripheral Intervention,Introducer Sheaths,TC007,1.5,1,382,0.8,3,0.3333,CM_100015,FD_200015
Western Europe,FR,Western Europe,FR,Western Europe,100015,100015,Clinique Marseille,Private Clinic,200015,FD Clinique Marseille,2024,Peripheral Intervention,PTCA Balloon Catheters,TC003,1.0,1,382,0.6,3,0.3333,CM_100015,FD_200015
Western Europe,FR,Western Europe,FR,Western Europe,100015,100015,Clinique Marseille,Private Clinic,200015,FD Clinique Marseille,2024,Structural Heart,Introducer Sheaths,TC007,2.0,1,441,0.85,2,0.5,CM_100015,FD_200015
Western Europe,FR,Western Europe,FR,Western Europe,100015,100015,Clinique Marseille,Private Clinic,200015,FD Clinique Marseille,2024,Structural Heart,Guide Wires,TC002,1.0,1,441,0.7,2,0.5,CM_100015,FD_200015
Western Europe,FR,Western Europe,FR,Western Europe,100016,100016,Centre Cardiologique Toulouse,University Hospital,200016,FD Centre Cardiologique Toulouse,2024,Neurovascular Intervention,Microcatheters,TC006,2.0,1,1280,0.95,2,0.5,CM_100016,FD_200016
Western Europe,FR,Western Europe,FR,Western Europe,100016,100016,Centre Cardiologique Toulouse,University Hospital,200016,FD Centre Cardiologique Toulouse,2024,Neurovascular Intervention,Guide Wires,TC002,2.0,1,1280,0.9,2,0.5,CM_100016,FD_200016
Western Europe,FR,Western Europe,FR,Western Europe,100016,100016,Centre Cardiologique Toulouse,University Hospital,200016,FD Centre Cardiologique Toulouse,2024,Structural Heart,Introducer Sheaths,TC007,2.0,1,778,0.85,2,0.5,CM_100016,FD_200016
Western Europe,FR,Western Europe,FR,Western Europe,100016,100016,Centre Cardiologique Toulouse,University Hospital,200016,FD Centre Cardiologique Toulouse,2024,Structural Heart,Guide Wires,TC002,1.0,1,778,0.7,2,0.5,CM_100016,FD_200016
Western Europe,FR,Western Europe,FR,Western Europe,100016,100016,Centre Cardiologique Toulouse,University Hospital,200016,FD Centre Cardiologique Toulouse,2024,Electrophysiology,Diagnostic Catheters,TC005,3.0,1,574,0.8,2,0.5,CM_100016,FD_200016
Western Europe,FR,Western Europe,FR,Western Europe,100016,100016,Centre Cardiologique Toulouse,University Hospital,200016,FD Centre Cardiologique Toulouse,2024,Electrophysiology,Introducer Sheaths,TC007,1.0,1,574,0.75,2,0.5,CM_100016,FD_200016
Western Europe,FR,Western Europe,FR,Western Europe,100016,100016,Centre Cardiologique Toulouse,University Hospital,200016,FD Centre Cardiologique Toulouse,2024,PCI - Coronary,Guiding Catheters,TC001,1.2,1,214,0.95,7,0.1429,CM_100016,FD_200016
Western Europe,FR,Western Europe,FR,Western Europe,100016,100016,Centre Cardiologique Toulouse,University Hospital,200016,FD Centre Cardiologique Toulouse,2024,PCI - Coronary,Guide Wires,TC002,2.0,1,214,0.98,7,0.1429,CM_100016,FD_200016
Western Europe,FR,Western Europe,FR,Western Europe,100016,100016,Centre Cardiologique Toulouse,University Hospital,200016,FD Centre Cardiologique Toulouse,2024,PCI - Coronary,PTCA Balloon Catheters,TC003,1.5,1,214,0.85,7,0.1429,CM_100016,FD_200016
Western Europe,FR,Western Europe,FR,Western Europe,100016,100016,Centre Cardiologique Toulouse,University Hospital,200016,FD Centre Cardiologique Toulouse,2024,PCI - Coronary,Drug-Eluting Stents,TC004,1.3,1,214,0.7,7,0.1429,CM_100016,FD_200016
Western Europe,FR,Western Europe,FR,Western Europe,100016,100016,Centre Cardiologique Toulouse,University Hospital,200016,FD Centre Cardiologique Toulouse,2024,PCI - Coronary,Inflation Devices,TC009,1.0,1,214,0.9,7,0.1429,CM_100016,FD_200016
Western Europe,FR,Western Europe,FR,Western Europe,100016,100016,Centre Cardiologique Toulouse,University Hospital,200016,FD Centre Cardiologique Toulouse,2024,PCI - Coronary,Hemostasis Valves,TC008,1.0,1,214,0.8,7,0.1429,CM_100016,FD_200016
Western Europe,FR,Western Europe,FR,Western Europe,100016,100016,Centre Cardiologique Toulouse,University Hospital,200016,FD Centre Cardiologique Toulouse,2024,PCI - Coronary,Radial Access Kits,TC010,1.0,1,214,0.6,7,0.1429,CM_100016,FD_200016
Western Europe,FR,Western Europe,FR,Western Europe,100016,100016,Centre Cardiologique Toulouse,University Hospital,200016,FD Centre Cardiologique Toulouse,2024,Diagnostic Angiography,Diagnostic Catheters,TC005,2.0,1,1273,0.95,5,0.2,CM_100016,FD_200016
Western Europe,FR,Western Europe,FR,Western Europe,100016,100016,Centre Cardiologique Toulouse,University Hospital,200016,FD Centre Cardiologique Toulouse,2024,Diagnostic Angiography,Guide Wires,TC002,1.5,1,1273,0.9,5,0.2,CM_100016,FD_200016
Western Europe,FR,Western Europe,FR,Western Europe,100016,100016,Centre Cardiologique Toulouse,University Hospital,200016,FD Centre Cardiologique Toulouse,2024,Diagnostic Angiography,Introducer Sheaths,TC007,1.0,1,1273,0.85,5,0.2,CM_100016,FD_200016
Western Europe,FR,Western Europe,FR,Western Europe,100016,100016,Centre Cardiologique Toulouse,University Hospital,200016,FD Centre Cardiologique Toulouse,2024,Diagnostic Angiography,Hemostasis Valves,TC008,1.0,1,1273,0.7,5,0.2,CM_100016,FD_200016
Western Europe,FR,Western Europe,FR,Western Europe,100016,100016,Centre Cardiologique Toulouse,University Hospital,200016,FD Centre Cardiologique Toulouse,2024,Diagnostic Angiography,Radial Access Kits,TC010,1.0,1,1273,0.5,5,0.2,CM_100016,FD_200016
Western Europe,FR,Western Europe,FR,Western Europe,100017,100017,Institut Cardiovasculaire Bordeaux,University Hospital,200017,FD Institut Cardiovasculaire Bordeaux,2024,Structural Heart,Introducer Sheaths,TC007,2.0,1,1291,0.85,2,0.5,CM_100017,FD_200017
Western Europe,FR,Western Europe,FR,Western Europe,100017,100017,Institut Cardiovasculaire Bordeaux,University Hospital,200017,FD Institut Cardiovasculaire Bordeaux,2024,Structural Heart,Guide Wires,TC002,1.0,1,1291,0.7,2,0.5,CM_100017,FD_200017
Western Europe,FR,Western Europe,FR,Western Europe,100017,100017,Institut Cardiovasculaire Bordeaux,University Hospital,200017,FD Institut Cardiovasculaire Bordeaux,2024,Neurovascular Intervention,Microcatheters,TC006,2.0,1,1039,0.95,2,0.5,CM_100017,FD_200017
Western Europe,FR,Western Europe,FR,Western Europe,100017,100017,Institut Cardiovasculaire Bordeaux,University Hospital,200017,FD Institut Cardiovasculaire Bordeaux,2024,Neurovascular Intervention,Guide Wires,TC002,2.0,1,1039,0.9,2,0.5,CM_100017,FD_200017
Western Europe,FR,Western Europe,FR,Western Europe,100017,100017,Institut Cardiovasculaire Bordeaux,University Hospital,200017,FD Institut Cardiovasculaire Bordeaux,2024,PCI - Complex,Guiding Catheters,TC001,1.5,1,1732,0.98,5,0.2,CM_100017,FD_200017
Western Europe,FR,Western Europe,FR,Western Europe,100017,100017,Institut Cardiovasculaire Bordeaux,University Hospital,200017,FD Institut Cardiovasculaire Bordeaux,2024,PCI - Complex,Guide Wires,TC002,3.0,1,1732,0.99,5,0.2,CM_100017,FD_200017
Western Europe,FR,Western Europe,FR,Western Europe,100017,100017,Institut Cardiovasculaire Bordeaux,University Hospital,200017,FD Institut Cardiovasculaire Bordeaux,2024,PCI - Complex,PTCA Balloon Catheters,TC003,2.0,1,1732,0.9,5,0.2,CM_100017,FD_200017
Western Europe,FR,Western Europe,FR,Western Europe,100017,100017,Institut Cardiovasculaire Bordeaux,University Hospital,200017,FD Institut Cardiovasculaire Bordeaux,2024,PCI - Complex,Drug-Eluting Stents,TC004,2.0,1,1732,0.8,5,0.2,CM_100017,FD_200017
Western Europe,FR,Western Europe,FR,Western Europe,100017,100017,Institut Cardiovasculaire Bordeaux,University Hospital,200017,FD Institut Cardiovasculaire Bordeaux,2024,PCI - Complex,Microcatheters,TC006,1.0,1,1732,0.65,5,0.2,CM_100017,FD_200017
Western Europe,FR,Western Europe,FR,Western Europe,100018,100018,CHU Lille,University Hospital,200018,FD CHU Lille,2024,PCI - Complex,Guiding Catheters,TC001,1.5,1,1846,0.98,5,0.2,CM_100018,FD_200018
Western Europe,FR,Western Europe,FR,Western Europe,100018,100018,CHU Lille,University Hospital,200018,FD CHU Lille,2024,PCI - Complex,Guide Wires,TC002,3.0,1,1846,0.99,5,0.2,CM_100018,FD_200018
Western Europe,FR,Western Europe,FR,Western Europe,100018,100018,CHU Lille,University Hospital,200018,FD CHU Lille,2024,PCI - Complex,PTCA Balloon Catheters,TC003,2.0,1,1846,0.9,5,0.2,CM_100018,FD_200018
Western Europe,FR,Western Europe,FR,Western Europe,100018,100018,CHU Lille,University Hospital,200018,FD CHU Lille,2024,PCI - Complex,Drug-Eluting Stents,TC004,2.0,1,1846,0.8,5,0.2,CM_100018,FD_200018
Western Europe,FR,Western Europe,FR,Western Europe,100018,100018,CHU Lille,University Hospital,200018,FD CHU Lille,2024,PCI - Complex,Microcatheters,TC006,1.0,1,1846,0.65,5,0.2,CM_100018,FD_200018
Western Europe,FR,Western Europe,FR,Western Europe,100018,100018,CHU Lille,University Hospital,200018,FD CHU Lille,2024,Structural Heart,Introducer Sheaths,TC007,2.0,1,637,0.85,2,0.5,CM_100018,FD_200018
Western Europe,FR,Western Europe,FR,Western Europe,100018,100018,CHU Lille,University Hospital,200018,FD CHU Lille,2024,Structural Heart,Guide Wires,TC002,1.0,1,637,0.7,2,0.5,CM_100018,FD_200018
Western Europe,FR,Western Europe,FR,Western Europe,100018,100018,CHU Lille,University Hospital,200018,FD CHU Lille,2024,Diagnostic Angiography,Diagnostic Catheters,TC005,2.0,1,1520,0.95,5,0.2,CM_100018,FD_200018
Western Europe,FR,Western Europe,FR,Western Europe,100018,100018,CHU Lille,University Hospital,200018,FD CHU Lille,2024,Diagnostic Angiography,Guide Wires,TC002,1.5,1,1520,0.9,5,0.2,CM_100018,FD_200018
Western Europe,FR,Western Europe,FR,Western Europe,100018,100018,CHU Lille,University Hospital,200018,FD CHU Lille,2024,Diagnostic Angiography,Introducer Sheaths,TC007,1.0,1,1520,0.85,5,0.2,CM_100018,FD_200018
Western Europe,FR,Western Europe,FR,Western Europe,100018,100018,CHU Lille,University Hospital,200018,FD CHU Lille,2024,Diagnostic Angiography,Hemostasis Valves,TC008,1.0,1,1520,0.7,5,0.2,CM_100018,FD_200018
Western Europe,FR,Western Europe,FR,Western Europe,100018,100018,CHU Lille,University Hospital,200018,FD CHU Lille,2024,Diagnostic Angiography,Radial Access Kits,TC010,1.0,1,1520,0.5,5,0.2,CM_100018,FD_200018
Western Europe,FR,Western Europe,FR,Western Europe,100018,100018,CHU Lille,University Hospital,200018,FD CHU Lille,2024,Peripheral Intervention,Guide Wires,TC002,2.5,1,1383,0.9,3,0.3333,CM_100018,FD_200018
Western Europe,FR,Western Europe,FR,Western Europe,100018,100018,CHU Lille,University Hospital,200018,FD CHU Lille,2024,Peripheral Intervention,Introducer Sheaths,TC007,1.5,1,1383,0.8,3,0.3333,CM_100018,FD_200018
Western Europe,FR,Western Europe,FR,Western Europe,100018,100018,CHU Lille,University Hospital,200018,FD CHU Lille,2024,Peripheral Intervention,PTCA Balloon Catheters,TC003,1.0,1,1383,0.6,3,0.3333,CM_100018,FD_200018
Western Europe,FR,Western Europe,FR,Western Europe,100018,100018,CHU Lille,University Hospital,200018,FD CHU Lille,2024,Electrophysiology,Diagnostic Catheters,TC005,3.0,1,1118,0.8,2,0.5,CM_100018,FD_200018
Western Europe,FR,Western Europe,FR,Western Europe,100018,100018,CHU Lille,University Hospital,200018,FD CHU Lille,2024,Electrophysiology,Introducer Sheaths,TC007,1.0,1,1118,0.75,2,0.5,CM_100018,FD_200018
Western Europe,FR,Western Europe,FR,Western Europe,100019,100019,Hôpital Strasbourg,Heart Center,200019,FD Hôpital Strasbourg,2024,Structural Heart,Introducer Sheaths,TC007,2.0,1,464,0.85,2,0.5,CM_100019,FD_200019
Western Europe,FR,Western Europe,FR,Western Europe,100019,100019,Hôpital Strasbourg,Heart Center,200019,FD Hôpital Strasbourg,2024,Structural Heart,Guide Wires,TC002,1.0,1,464,0.7,2,0.5,CM_100019,FD_200019
Western Europe,FR,Western Europe,FR,Western Europe,100019,100019,Hôpital Strasbourg,Heart Center,200019,FD Hôpital Strasbourg,2024,Diagnostic Angiography,Diagnostic Catheters,TC005,2.0,1,269,0.95,5,0.2,CM_100019,FD_200019
Western Europe,FR,Western Europe,FR,Western Europe,100019,100019,Hôpital Strasbourg,Heart Center,200019,FD Hôpital Strasbourg,2024,Diagnostic Angiography,Guide Wires,TC002,1.5,1,269,0.9,5,0.2,CM_100019,FD_200019
Western Europe,FR,Western Europe,FR,Western Europe,100019,100019,Hôpital Strasbourg,Heart Center,200019,FD Hôpital Strasbourg,2024,Diagnostic Angiography,Introducer Sheaths,TC007,1.0,1,269,0.85,5,0.2,CM_100019,FD_200019
Western Europe,FR,Western Europe,FR,Western Europe,100019,100019,Hôpital Strasbourg,Heart Center,200019,FD Hôpital Strasbourg,2024,Diagnostic Angiography,Hemostasis Valves,TC008,1.0,1,269,0.7,5,0.2,CM_100019,FD_200019
Western Europe,FR,Western Europe,FR,Western Europe,100019,100019,Hôpital Strasbourg,Heart Center,200019,FD Hôpital Strasbourg,2024,Diagnostic Angiography,Radial Access Kits,TC010,1.0,1,269,0.5,5,0.2,CM_100019,FD_200019
Western Europe,FR,Western Europe,FR,Western Europe,100019,100019,Hôpital Strasbourg,Heart Center,200019,FD Hôpital Strasbourg,2024,PCI - Complex,Guiding Catheters,TC001,1.5,1,389,0.98,5,0.2,CM_100019,FD_200019
Western Europe,FR,Western Europe,FR,Western Europe,100019,100019,Hôpital Strasbourg,Heart Center,200019,FD Hôpital Strasbourg,2024,PCI - Complex,Guide Wires,TC002,3.0,1,389,0.99,5,0.2,CM_100019,FD_200019
Western Europe,FR,Western Europe,FR,Western Europe,100019,100019,Hôpital Strasbourg,Heart Center,200019,FD Hôpital Strasbourg,2024,PCI - Complex,PTCA Balloon Catheters,TC003,2.0,1,389,0.9,5,0.2,CM_100019,FD_200019
Western Europe,FR,Western Europe,FR,Western Europe,100019,100019,Hôpital Strasbourg,Heart Center,200019,FD Hôpital Strasbourg,2024,PCI - Complex,Drug-Eluting Stents,TC004,2.0,1,389,0.8,5,0.2,CM_100019,FD_200019
Western Europe,FR,Western Europe,FR,Western Europe,100019,100019,Hôpital Strasbourg,Heart Center,200019,FD Hôpital Strasbourg,2024,PCI - Complex,Microcatheters,TC006,1.0,1,389,0.65,5,0.2,CM_100019,FD_200019
Western Europe,FR,Western Europe,FR,Western Europe,100019,100019,Hôpital Strasbourg,Heart Center,200019,FD Hôpital Strasbourg,2024,Peripheral Intervention,Guide Wires,TC002,2.5,1,521,0.9,3,0.3333,CM_100019,FD_200019
Western Europe,FR,Western Europe,FR,Western Europe,100019,100019,Hôpital Strasbourg,Heart Center,200019,FD Hôpital Strasbourg,2024,Peripheral Intervention,Introducer Sheaths,TC007,1.5,1,521,0.8,3,0.3333,CM_100019,FD_200019
Western Europe,FR,Western Europe,FR,Western Europe,100019,100019,Hôpital Strasbourg,Heart Center,200019,FD Hôpital Strasbourg,2024,Peripheral Intervention,PTCA Balloon Catheters,TC003,1.0,1,521,0.6,3,0.3333,CM_100019,FD_200019
Western Europe,FR,Western Europe,FR,Western Europe,100020,100020,Clinique Nantes,Private Clinic,200020,FD Clinique Nantes,2024,Neurovascular Intervention,Microcatheters,TC006,2.0,1,272,0.95,2,0.5,CM_100020,FD_200020
Western Europe,FR,Western Europe,FR,Western Europe,100020,100020,Clinique Nantes,Private Clinic,200020,FD Clinique Nantes,2024,Neurovascular Intervention,Guide Wires,TC002,2.0,1,272,0.9,2,0.5,CM_100020,FD_200020
Western Europe,FR,Western Europe,FR,Western Europe,100020,100020,Clinique Nantes,Private Clinic,200020,FD Clinique Nantes,2024,PCI - Coronary,Guiding Catheters,TC001,1.2,1,241,0.95,7,0.1429,CM_100020,FD_200020
Western Europe,FR,Western Europe,FR,Western Europe,100020,100020,Clinique Nantes,Private Clinic,200020,FD Clinique Nantes,2024,PCI - Coronary,Guide Wires,TC002,2.0,1,241,0.98,7,0.1429,CM_100020,FD_200020
Western Europe,FR,Western Europe,FR,Western Europe,100020,100020,Clinique Nantes,Private Clinic,200020,FD Clinique Nantes,2024,PCI - Coronary,PTCA Balloon Catheters,TC003,1.5,1,241,0.85,7,0.1429,CM_100020,FD_200020
Western Europe,FR,Western Europe,FR,Western Europe,100020,100020,Clinique Nantes,Private Clinic,200020,FD Clinique Nantes,2024,PCI - Coronary,Drug-Eluting Stents,TC004,1.3,1,241,0.7,7,0.1429,CM_100020,FD_200020
Western Europe,FR,Western Europe,FR,Western Europe,100020,100020,Clinique Nantes,Private Clinic,200020,FD Clinique Nantes,2024,PCI - Coronary,Inflation Devices,TC009,1.0,1,241,0.9,7,0.1429,CM_100020,FD_200020
Western Europe,FR,Western Europe,FR,Western Europe,100020,100020,Clinique Nantes,Private Clinic,200020,FD Clinique Nantes,2024,PCI - Coronary,Hemostasis Valves,TC008,1.0,1,241,0.8,7,0.1429,CM_100020,FD_200020
Western Europe,FR,Western Europe,FR,Western Europe,100020,100020,Clinique Nantes,Private Clinic,200020,FD Clinique Nantes,2024,PCI - Coronary,Radial Access Kits,TC010,1.0,1,241,0.6,7,0.1429,CM_100020,FD_200020
Western Europe,FR,Western Europe,FR,Western Europe,100020,100020,Clinique Nantes,Private Clinic,200020,FD Clinique Nantes,2024,Diagnostic Angiography,Diagnostic Catheters,TC005,2.0,1,283,0.95,5,0.2,CM_100020,FD_200020
Western Europe,FR,Western Europe,FR,Western Europe,100020,100020,Clinique Nantes,Private Clinic,200020,FD Clinique Nantes,2024,Diagnostic Angiography,Guide Wires,TC002,1.5,1,283,0.9,5,0.2,CM_100020,FD_200020
Western Europe,FR,Western Europe,FR,Western Europe,100020,100020,Clinique Nantes,Private Clinic,200020,FD Clinique Nantes,2024,Diagnostic Angiography,Introducer Sheaths,TC007,1.0,1,283,0.85,5,0.2,CM_100020,FD_200020
Western Europe,FR,Western Europe,FR,Western Europe,100020,100020,Clinique Nantes,Private Clinic,200020,FD Clinique Nantes,2024,Diagnostic Angiography,Hemostasis Valves,TC008,1.0,1,283,0.7,5,0.2,CM_100020,FD_200020
Western Europe,FR,Western Europe,FR,Western Europe,100020,100020,Clinique Nantes,Private Clinic,200020,FD Clinique Nantes,2024,Diagnostic Angiography,Radial Access Kits,TC010,1.0,1,283,0.5,5,0.2,CM_100020,FD_200020
Western Europe,FR,Western Europe,FR,Western Europe,100020,100020,Clinique Nantes,Private Clinic,200020,FD Clinique Nantes,2024,PCI - Complex,Guiding Catheters,TC001,1.5,1,104,0.98,5,0.2,CM_100020,FD_200020
Western Europe,FR,Western Europe,FR,Western Europe,100020,100020,Clinique Nantes,Private Clinic,200020,FD Clinique Nantes,2024,PCI - Complex,Guide Wires,TC002,3.0,1,104,0.99,5,0.2,CM_100020,FD_200020
Western Europe,FR,Western Europe,FR,Western Europe,100020,100020,Clinique Nantes,Private Clinic,200020,FD Clinique Nantes,2024,PCI - Complex,PTCA Balloon Catheters,TC003,2.0,1,104,0.9,5,0.2,CM_100020,FD_200020
Western Europe,FR,Western Europe,FR,Western Europe,100020,100020,Clinique Nantes,Private Clinic,200020,FD Clinique Nantes,2024,PCI - Complex,Drug-Eluting Stents,TC004,2.0,1,104,0.8,5,0.2,CM_100020,FD_200020
Western Europe,FR,Western Europe,FR,Western Europe,100020,100020,Clinique Nantes,Private Clinic,200020,FD Clinique Nantes,2024,PCI - Complex,Microcatheters,TC006,1.0,1,104,0.65,5,0.2,CM_100020,FD_200020
Western Europe,FR,Western Europe,FR,Western Europe,100021,100021,Centre Cardiologique Rennes,University Hospital,200021,FD Centre Cardiologique Rennes,2024,Diagnostic Angiography,Diagnostic Catheters,TC005,2.0,1,1911,0.95,5,0.2,CM_100021,FD_200021
Western Europe,FR,Western Europe,FR,Western Europe,100021,100021,Centre Cardiologique Rennes,University Hospital,200021,FD Centre Cardiologique Rennes,2024,Diagnostic Angiography,Guide Wires,TC002,1.5,1,1911,0.9,5,0.2,CM_100021,FD_200021
Western Europe,FR,Western Europe,FR,Western Europe,100021,100021,Centre Cardiologique Rennes,University Hospital,200021,FD Centre Cardiologique Rennes,2024,Diagnostic Angiography,Introducer Sheaths,TC007,1.0,1,1911,0.85,5,0.2,CM_100021,FD_200021
Western Europe,FR,Western Europe,FR,Western Europe,100021,100021,Centre Cardiologique Rennes,University Hospital,200021,FD Centre Cardiologique Rennes,2024,Diagnostic Angiography,Hemostasis Valves,TC008,1.0,1,1911,0.7,5,0.2,CM_100021,FD_200021
Western Europe,FR,Western Europe,FR,Western Europe,100021,100021,Centre Cardiologique Rennes,University Hospital,200021,FD Centre Cardiologique Rennes,2024,Diagnostic Angiography,Radial Access Kits,TC010,1.0,1,1911,0.5,5,0.2,CM_100021,FD_200021
Western Europe,FR,Western Europe,FR,Western Europe,100021,100021,Centre Cardiologique Rennes,University Hospital,200021,FD Centre Cardiologique Rennes,2024,PCI - Complex,Guiding Catheters,TC001,1.5,1,915,0.98,5,0.2,CM_100021,FD_200021
Western Europe,FR,Western Europe,FR,Western Europe,100021,100021,Centre Cardiologique Rennes,University Hospital,200021,FD Centre Cardiologique Rennes,2024,PCI - Complex,Guide Wires,TC002,3.0,1,915,0.99,5,0.2,CM_100021,FD_200021
Western Europe,FR,Western Europe,FR,Western Europe,100021,100021,Centre Cardiologique Rennes,University Hospital,200021,FD Centre Cardiologique Rennes,2024,PCI - Complex,PTCA Balloon Catheters,TC003,2.0,1,915,0.9,5,0.2,CM_100021,FD_200021
Western Europe,FR,Western Europe,FR,Western Europe,100021,100021,Centre Cardiologique Rennes,University Hospital,200021,FD Centre Cardiologique Rennes,2024,PCI - Complex,Drug-Eluting Stents,TC004,2.0,1,915,0.8,5,0.2,CM_100021,FD_200021
Western Europe,FR,Western Europe,FR,Western Europe,100021,100021,Centre Cardiologique Rennes,University Hospital,200021,FD Centre Cardiologique Rennes,2024,PCI - Complex,Microcatheters,TC006,1.0,1,915,0.65,5,0.2,CM_100021,FD_200021
Western Europe,FR,Western Europe,FR,Western Europe,100021,100021,Centre Cardiologique Rennes,University Hospital,200021,FD Centre Cardiologique Rennes,2024,Structural Heart,Introducer Sheaths,TC007,2.0,1,760,0.85,2,0.5,CM_100021,FD_200021
Western Europe,FR,Western Europe,FR,Western Europe,100021,100021,Centre Cardiologique Rennes,University Hospital,200021,FD Centre Cardiologique Rennes,2024,Structural Heart,Guide Wires,TC002,1.0,1,760,0.7,2,0.5,CM_100021,FD_200021
Western Europe,FR,Western Europe,FR,Western Europe,100022,100022,Institut Cardiovasculaire Montpellier,University Hospital,200022,FD Institut Cardiovasculaire Montpellier,2024,Electrophysiology,Diagnostic Catheters,TC005,3.0,1,1199,0.8,2,0.5,CM_100022,FD_200022
Western Europe,FR,Western Europe,FR,Western Europe,100022,100022,Institut Cardiovasculaire Montpellier,University Hospital,200022,FD Institut Cardiovasculaire Montpellier,2024,Electrophysiology,Introducer Sheaths,TC007,1.0,1,1199,0.75,2,0.5,CM_100022,FD_200022
Western Europe,FR,Western Europe,FR,Western Europe,100022,100022,Institut Cardiovasculaire Montpellier,University Hospital,200022,FD Institut Cardiovasculaire Montpellier,2024,Peripheral Intervention,Guide Wires,TC002,2.5,1,1056,0.9,3,0.3333,CM_100022,FD_200022
Western Europe,FR,Western Europe,FR,Western Europe,100022,100022,Institut Cardiovasculaire Montpellier,University Hospital,200022,FD Institut Cardiovasculaire Montpellier,2024,Peripheral Intervention,Introducer Sheaths,TC007,1.5,1,1056,0.8,3,0.3333,CM_100022,FD_200022
Western Europe,FR,Western Europe,FR,Western Europe,100022,100022,Institut Cardiovasculaire Montpellier,University Hospital,200022,FD Institut Cardiovasculaire Montpellier,2024,Peripheral Intervention,PTCA Balloon Catheters,TC003,1.0,1,1056,0.6,3,0.3333,CM_100022,FD_200022
Western Europe,FR,Western Europe,FR,Western Europe,100022,100022,Institut Cardiovasculaire Montpellier,University Hospital,200022,FD Institut Cardiovasculaire Montpellier,2024,Neurovascular Intervention,Microcatheters,TC006,2.0,1,1090,0.95,2,0.5,CM_100022,FD_200022
Western Europe,FR,Western Europe,FR,Western Europe,100022,100022,Institut Cardiovasculaire Montpellier,University Hospital,200022,FD Institut Cardiovasculaire Montpellier,2024,Neurovascular Intervention,Guide Wires,TC002,2.0,1,1090,0.9,2,0.5,CM_100022,FD_200022
Western Europe,FR,Western Europe,FR,Western Europe,100022,100022,Institut Cardiovasculaire Montpellier,University Hospital,200022,FD Institut Cardiovasculaire Montpellier,2024,PCI - Complex,Guiding Catheters,TC001,1.5,1,722,0.98,5,0.2,CM_100022,FD_200022
Western Europe,FR,Western Europe,FR,Western Europe,100022,100022,Institut Cardiovasculaire Montpellier,University Hospital,200022,FD Institut Cardiovasculaire Montpellier,2024,PCI - Complex,Guide Wires,TC002,3.0,1,722,0.99,5,0.2,CM_100022,FD_200022
Western Europe,FR,Western Europe,FR,Western Europe,100022,100022,Institut Cardiovasculaire Montpellier,University Hospital,200022,FD Institut Cardiovasculaire Montpellier,2024,PCI - Complex,PTCA Balloon Catheters,TC003,2.0,1,722,0.9,5,0.2,CM_100022,FD_200022
Western Europe,FR,Western Europe,FR,Western Europe,100022,100022,Institut Cardiovasculaire Montpellier,University Hospital,200022,FD Institut Cardiovasculaire Montpellier,2024,PCI - Complex,Drug-Eluting Stents,TC004,2.0,1,722,0.8,5,0.2,CM_100022,FD_200022
Western Europe,FR,Western Europe,FR,Western Europe,100022,100022,Institut Cardiovasculaire Montpellier,University Hospital,200022,FD Institut Cardiovasculaire Montpellier,2024,PCI - Complex,Microcatheters,TC006,1.0,1,722,0.65,5,0.2,CM_100022,FD_200022
Western Europe,FR,Western Europe,FR,Western Europe,100022,100022,Institut Cardiovasculaire Montpellier,University Hospital,200022,FD Institut Cardiovasculaire Montpellier,2024,PCI - Coronary,Guiding Catheters,TC001,1.2,1,1859,0.95,7,0.1429,CM_100022,FD_200022
Western Europe,FR,Western Europe,FR,Western Europe,100022,100022,Institut Cardiovasculaire Montpellier,University Hospital,200022,FD Institut Cardiovasculaire Montpellier,2024,PCI - Coronary,Guide Wires,TC002,2.0,1,1859,0.98,7,0.1429,CM_100022,FD_200022
Western Europe,FR,Western Europe,FR,Western Europe,100022,100022,Institut Cardiovasculaire Montpellier,University Hospital,200022,FD Institut Cardiovasculaire Montpellier,2024,PCI - Coronary,PTCA Balloon Catheters,TC003,1.5,1,1859,0.85,7,0.1429,CM_100022,FD_200022
Western Europe,FR,Western Europe,FR,Western Europe,100022,100022,Institut Cardiovasculaire Montpellier,University Hospital,200022,FD Institut Cardiovasculaire Montpellier,2024,PCI - Coronary,Drug-Eluting Stents,TC004,1.3,1,1859,0.7,7,0.1429,CM_100022,FD_200022
Western Europe,FR,Western Europe,FR,Western Europe,100022,100022,Institut Cardiovasculaire Montpellier,University Hospital,200022,FD Institut Cardiovasculaire Montpellier,2024,PCI - Coronary,Inflation Devices,TC009,1.0,1,1859,0.9,7,0.1429,CM_100022,FD_200022
Western Europe,FR,Western Europe,FR,Western Europe,100022,100022,Institut Cardiovasculaire Montpellier,University Hospital,200022,FD Institut Cardiovasculaire Montpellier,2024,PCI - Coronary,Hemostasis Valves,TC008,1.0,1,1859,0.8,7,0.1429,CM_100022,FD_200022
Western Europe,FR,Western Europe,FR,Western Europe,100022,100022,Institut Cardiovasculaire Montpellier,University Hospital,200022,FD Institut Cardiovasculaire Montpellier,2024,PCI - Coronary,Radial Access Kits,TC010,1.0,1,1859,0.6,7,0.1429,CM_100022,FD_200022
Western Europe,FR,Western Europe,FR,Western Europe,100022,100022,Institut Cardiovasculaire Montpellier,University Hospital,200022,FD Institut Cardiovasculaire Montpellier,2024,Diagnostic Angiography,Diagnostic Catheters,TC005,2.0,1,783,0.95,5,0.2,CM_100022,FD_200022
Western Europe,FR,Western Europe,FR,Western Europe,100022,100022,Institut Cardiovasculaire Montpellier,University Hospital,200022,FD Institut Cardiovasculaire Montpellier,2024,Diagnostic Angiography,Guide Wires,TC002,1.5,1,783,0.9,5,0.2,CM_100022,FD_200022
Western Europe,FR,Western Europe,FR,Western Europe,100022,100022,Institut Cardiovasculaire Montpellier,University Hospital,200022,FD Institut Cardiovasculaire Montpellier,2024,Diagnostic Angiography,Introducer Sheaths,TC007,1.0,1,783,0.85,5,0.2,CM_100022,FD_200022
Western Europe,FR,Western Europe,FR,Western Europe,100022,100022,Institut Cardiovasculaire Montpellier,University Hospital,200022,FD Institut Cardiovasculaire Montpellier,2024,Diagnostic Angiography,Hemostasis Valves,TC008,1.0,1,783,0.7,5,0.2,CM_100022,FD_200022
Western Europe,FR,Western Europe,FR,Western Europe,100022,100022,Institut Cardiovasculaire Montpellier,University Hospital,200022,FD Institut Cardiovasculaire Montpellier,2024,Diagnostic Angiography,Radial Access Kits,TC010,1.0,1,783,0.5,5,0.2,CM_100022,FD_200022
Western Europe,FR,Western Europe,FR,Western Europe,100022,100022,Institut Cardiovasculaire Montpellier,University Hospital,200022,FD Institut Cardiovasculaire Montpellier,2024,Structural Heart,Introducer Sheaths,TC007,2.0,1,1664,0.85,2,0.5,CM_100022,FD_200022
Western Europe,FR,Western Europe,FR,Western Europe,100022,100022,Institut Cardiovasculaire Montpellier,University Hospital,200022,FD Institut Cardiovasculaire Montpellier,2024,Structural Heart,Guide Wires,TC002,1.0,1,1664,0.7,2,0.5,CM_100022,FD_200022
Western Europe,FR,Western Europe,FR,Western Europe,100023,100023,CHU Grenoble,University Hospital,200023,FD CHU Grenoble,2024,PCI - Complex,Guiding Catheters,TC001,1.5,1,505,0.98,5,0.2,CM_100023,FD_200023
Western Europe,FR,Western Europe,FR,Western Europe,100023,100023,CHU Grenoble,University Hospital,200023,FD CHU Grenoble,2024,PCI - Complex,Guide Wires,TC002,3.0,1,505,0.99,5,0.2,CM_100023,FD_200023
Western Europe,FR,Western Europe,FR,Western Europe,100023,100023,CHU Grenoble,University Hospital,200023,FD CHU Grenoble,2024,PCI - Complex,PTCA Balloon Catheters,TC003,2.0,1,505,0.9,5,0.2,CM_100023,FD_200023
Western Europe,FR,Western Europe,FR,Western Europe,100023,100023,CHU Grenoble,University Hospital,200023,FD CHU Grenoble,2024,PCI - Complex,Drug-Eluting Stents,TC004,2.0,1,505,0.8,5,0.2,CM_100023,FD_200023
Western Europe,FR,Western Europe,FR,Western Europe,100023,100023,CHU Grenoble,University Hospital,200023,FD CHU Grenoble,2024,PCI - Complex,Microcatheters,TC006,1.0,1,505,0.65,5,0.2,CM_100023,FD_200023
Western Europe,FR,Western Europe,FR,Western Europe,100023,100023,CHU Grenoble,University Hospital,200023,FD CHU Grenoble,2024,Structural Heart,Introducer Sheaths,TC007,2.0,1,1326,0.85,2,0.5,CM_100023,FD_200023
Western Europe,FR,Western Europe,FR,Western Europe,100023,100023,CHU Grenoble,University Hospital,200023,FD CHU Grenoble,2024,Structural Heart,Guide Wires,TC002,1.0,1,1326,0.7,2,0.5,CM_100023,FD_200023
Western Europe,FR,Western Europe,FR,Western Europe,100023,100023,CHU Grenoble,University Hospital,200023,FD CHU Grenoble,2024,PCI - Coronary,Guiding Catheters,TC001,1.2,1,877,0.95,7,0.1429,CM_100023,FD_200023
Western Europe,FR,Western Europe,FR,Western Europe,100023,100023,CHU Grenoble,University Hospital,200023,FD CHU Grenoble,2024,PCI - Coronary,Guide Wires,TC002,2.0,1,877,0.98,7,0.1429,CM_100023,FD_200023
Western Europe,FR,Western Europe,FR,Western Europe,100023,100023,CHU Grenoble,University Hospital,200023,FD CHU Grenoble,2024,PCI - Coronary,PTCA Balloon Catheters,TC003,1.5,1,877,0.85,7,0.1429,CM_100023,FD_200023
Western Europe,FR,Western Europe,FR,Western Europe,100023,100023,CHU Grenoble,University Hospital,200023,FD CHU Grenoble,2024,PCI - Coronary,Drug-Eluting Stents,TC004,1.3,1,877,0.7,7,0.1429,CM_100023,FD_200023
Western Europe,FR,Western Europe,FR,Western Europe,100023,100023,CHU Grenoble,University Hospital,200023,FD CHU Grenoble,2024,PCI - Coronary,Inflation Devices,TC009,1.0,1,877,0.9,7,0.1429,CM_100023,FD_200023
Western Europe,FR,Western Europe,FR,Western Europe,100023,100023,CHU Grenoble,University Hospital,200023,FD CHU Grenoble,2024,PCI - Coronary,Hemostasis Valves,TC008,1.0,1,877,0.8,7,0.1429,CM_100023,FD_200023
Western Europe,FR,Western Europe,FR,Western Europe,100023,100023,CHU Grenoble,University Hospital,200023,FD CHU Grenoble,2024,PCI - Coronary,Radial Access Kits,TC010,1.0,1,877,0.6,7,0.1429,CM_100023,FD_200023
Western Europe,FR,Western Europe,FR,Western Europe,100023,100023,CHU Grenoble,University Hospital,200023,FD CHU Grenoble,2024,Peripheral Intervention,Guide Wires,TC002,2.5,1,1328,0.9,3,0.3333,CM_100023,FD_200023
Western Europe,FR,Western Europe,FR,Western Europe,100023,100023,CHU Grenoble,University Hospital,200023,FD CHU Grenoble,2024,Peripheral Intervention,Introducer Sheaths,TC007,1.5,1,1328,0.8,3,0.3333,CM_100023,FD_200023
Western Europe,FR,Western Europe,FR,Western Europe,100023,100023,CHU Grenoble,University Hospital,200023,FD CHU Grenoble,2024,Peripheral Intervention,PTCA Balloon Catheters,TC003,1.0,1,1328,0.6,3,0.3333,CM_100023,FD_200023
Western Europe,FR,Western Europe,FR,Western Europe,100023,100023,CHU Grenoble,University Hospital,200023,FD CHU Grenoble,2024,Neurovascular Intervention,Microcatheters,TC006,2.0,1,668,0.95,2,0.5,CM_100023,FD_200023
Western Europe,FR,Western Europe,FR,Western Europe,100023,100023,CHU Grenoble,University Hospital,200023,FD CHU Grenoble,2024,Neurovascular Intervention,Guide Wires,TC002,2.0,1,668,0.9,2,0.5,CM_100023,FD_200023
Western Europe,FR,Western Europe,FR,Western Europe,100024,100024,Hôpital Nice,Private Clinic,200024,FD Hôpital Nice,2024,Electrophysiology,Diagnostic Catheters,TC005,3.0,1,506,0.8,2,0.5,CM_100024,FD_200024
Western Europe,FR,Western Europe,FR,Western Europe,100024,100024,Hôpital Nice,Private Clinic,200024,FD Hôpital Nice,2024,Electrophysiology,Introducer Sheaths,TC007,1.0,1,506,0.75,2,0.5,CM_100024,FD_200024
Western Europe,FR,Western Europe,FR,Western Europe,100024,100024,Hôpital Nice,Private Clinic,200024,FD Hôpital Nice,2024,PCI - Complex,Guiding Catheters,TC001,1.5,1,600,0.98,5,0.2,CM_100024,FD_200024
Western Europe,FR,Western Europe,FR,Western Europe,100024,100024,Hôpital Nice,Private Clinic,200024,FD Hôpital Nice,2024,PCI - Complex,Guide Wires,TC002,3.0,1,600,0.99,5,0.2,CM_100024,FD_200024
Western Europe,FR,Western Europe,FR,Western Europe,100024,100024,Hôpital Nice,Private Clinic,200024,FD Hôpital Nice,2024,PCI - Complex,PTCA Balloon Catheters,TC003,2.0,1,600,0.9,5,0.2,CM_100024,FD_200024
Western Europe,FR,Western Europe,FR,Western Europe,100024,100024,Hôpital Nice,Private Clinic,200024,FD Hôpital Nice,2024,PCI - Complex,Drug-Eluting Stents,TC004,2.0,1,600,0.8,5,0.2,CM_100024,FD_200024
Western Europe,FR,Western Europe,FR,Western Europe,100024,100024,Hôpital Nice,Private Clinic,200024,FD Hôpital Nice,2024,PCI - Complex,Microcatheters,TC006,1.0,1,600,0.65,5,0.2,CM_100024,FD_200024
Western Europe,FR,Western Europe,FR,Western Europe,100024,100024,Hôpital Nice,Private Clinic,200024,FD Hôpital Nice,2024,Structural Heart,Introducer Sheaths,TC007,2.0,1,759,0.85,2,0.5,CM_100024,FD_200024
Western Europe,FR,Western Europe,FR,Western Europe,100024,100024,Hôpital Nice,Private Clinic,200024,FD Hôpital Nice,2024,Structural Heart,Guide Wires,TC002,1.0,1,759,0.7,2,0.5,CM_100024,FD_200024
Western Europe,FR,Western Europe,FR,Western Europe,100024,100024,Hôpital Nice,Private Clinic,200024,FD Hôpital Nice,2024,PCI - Coronary,Guiding Catheters,TC001,1.2,1,96,0.95,7,0.1429,CM_100024,FD_200024
Western Europe,FR,Western Europe,FR,Western Europe,100024,100024,Hôpital Nice,Private Clinic,200024,FD Hôpital Nice,2024,PCI - Coronary,Guide Wires,TC002,2.0,1,96,0.98,7,0.1429,CM_100024,FD_200024
Western Europe,FR,Western Europe,FR,Western Europe,100024,100024,Hôpital Nice,Private Clinic,200024,FD Hôpital Nice,2024,PCI - Coronary,PTCA Balloon Catheters,TC003,1.5,1,96,0.85,7,0.1429,CM_100024,FD_200024
Western Europe,FR,Western Europe,FR,Western Europe,100024,100024,Hôpital Nice,Private Clinic,200024,FD Hôpital Nice,2024,PCI - Coronary,Drug-Eluting Stents,TC004,1.3,1,96,0.7,7,0.1429,CM_100024,FD_200024
Western Europe,FR,Western Europe,FR,Western Europe,100024,100024,Hôpital Nice,Private Clinic,200024,FD Hôpital Nice,2024,PCI - Coronary,Inflation Devices,TC009,1.0,1,96,0.9,7,0.1429,CM_100024,FD_200024
Western Europe,FR,Western Europe,FR,Western Europe,100024,100024,Hôpital Nice,Private Clinic,200024,FD Hôpital Nice,2024,PCI - Coronary,Hemostasis Valves,TC008,1.0,1,96,0.8,7,0.1429,CM_100024,FD_200024
Western Europe,FR,Western Europe,FR,Western Europe,100024,100024,Hôpital Nice,Private Clinic,200024,FD Hôpital Nice,2024,PCI - Coronary,Radial Access Kits,TC010,1.0,1,96,0.6,7,0.1429,CM_100024,FD_200024
Western Europe,FR,Western Europe,FR,Western Europe,100024,100024,Hôpital Nice,Private Clinic,200024,FD Hôpital Nice,2024,Diagnostic Angiography,Diagnostic Catheters,TC005,2.0,1,403,0.95,5,0.2,CM_100024,FD_200024
Western Europe,FR,Western Europe,FR,Western Europe,100024,100024,Hôpital Nice,Private Clinic,200024,FD Hôpital Nice,2024,Diagnostic Angiography,Guide Wires,TC002,1.5,1,403,0.9,5,0.2,CM_100024,FD_200024
Western Europe,FR,Western Europe,FR,Western Europe,100024,100024,Hôpital Nice,Private Clinic,200024,FD Hôpital Nice,2024,Diagnostic Angiography,Introducer Sheaths,TC007,1.0,1,403,0.85,5,0.2,CM_100024,FD_200024
Western Europe,FR,Western Europe,FR,Western Europe,100024,100024,Hôpital Nice,Private Clinic,200024,FD Hôpital Nice,2024,Diagnostic Angiography,Hemostasis Valves,TC008,1.0,1,403,0.7,5,0.2,CM_100024,FD_200024
Western Europe,FR,Western Europe,FR,Western Europe,100024,100024,Hôpital Nice,Private Clinic,200024,FD Hôpital Nice,2024,Diagnostic Angiography,Radial Access Kits,TC010,1.0,1,403,0.5,5,0.2,CM_100024,FD_200024
Northern Europe,GB,Northern Europe,GB,Northern Europe,100025,100025,Royal London,Private Clinic,200025,FD Royal London,2024,Structural Heart,Introducer Sheaths,TC007,2.0,1,656,0.85,2,0.5,CM_100025,FD_200025
Northern Europe,GB,Northern Europe,GB,Northern Europe,100025,100025,Royal London,Private Clinic,200025,FD Royal London,2024,Structural Heart,Guide Wires,TC002,1.0,1,656,0.7,2,0.5,CM_100025,FD_200025
Northern Europe,GB,Northern Europe,GB,Northern Europe,100025,100025,Royal London,Private Clinic,200025,FD Royal London,2024,Neurovascular Intervention,Microcatheters,TC006,2.0,1,606,0.95,2,0.5,CM_100025,FD_200025
Northern Europe,GB,Northern Europe,GB,Northern Europe,100025,100025,Royal London,Private Clinic,200025,FD Royal London,2024,Neurovascular Intervention,Guide Wires,TC002,2.0,1,606,0.9,2,0.5,CM_100025,FD_200025
Northern Europe,GB,Northern Europe,GB,Northern Europe,100025,100025,Royal London,Private Clinic,200025,FD Royal London,2024,Diagnostic Angiography,Diagnostic Catheters,TC005,2.0,1,807,0.95,5,0.2,CM_100025,FD_200025
Northern Europe,GB,Northern Europe,GB,Northern Europe,100025,100025,Royal London,Private Clinic,200025,FD Royal London,2024,Diagnostic Angiography,Guide Wires,TC002,1.5,1,807,0.9,5,0.2,CM_100025,FD_200025
Northern Europe,GB,Northern Europe,GB,Northern Europe,100025,100025,Royal London,Private Clinic,200025,FD Royal London,2024,Diagnostic Angiography,Introducer Sheaths,TC007,1.0,1,807,0.85,5,0.2,CM_100025,FD_200025
Northern Europe,GB,Northern Europe,GB,Northern Europe,100025,100025,Royal London,Private Clinic,200025,FD Royal London,2024,Diagnostic Angiography,Hemostasis Valves,TC008,1.0,1,807,0.7,5,0.2,CM_100025,FD_200025
Northern Europe,GB,Northern Europe,GB,Northern Europe,100025,100025,Royal London,Private Clinic,200025,FD Royal London,2024,Diagnostic Angiography,Radial Access Kits,TC010,1.0,1,807,0.5,5,0.2,CM_100025,FD_200025
Northern Europe,GB,Northern Europe,GB,Northern Europe,100025,100025,Royal London,Private Clinic,200025,FD Royal London,2024,PCI - Coronary,Guiding Catheters,TC001,1.2,1,412,0.95,7,0.1429,CM_100025,FD_200025
Northern Europe,GB,Northern Europe,GB,Northern Europe,100025,100025,Royal London,Private Clinic,200025,FD Royal London,2024,PCI - Coronary,Guide Wires,TC002,2.0,1,412,0.98,7,0.1429,CM_100025,FD_200025
Northern Europe,GB,Northern Europe,GB,Northern Europe,100025,100025,Royal London,Private Clinic,200025,FD Royal London,2024,PCI - Coronary,PTCA Balloon Catheters,TC003,1.5,1,412,0.85,7,0.1429,CM_100025,FD_200025
Northern Europe,GB,Northern Europe,GB,Northern Europe,100025,100025,Royal London,Private Clinic,200025,FD Royal London,2024,PCI - Coronary,Drug-Eluting Stents,TC004,1.3,1,412,0.7,7,0.1429,CM_100025,FD_200025
Northern Europe,GB,Northern Europe,GB,Northern Europe,100025,100025,Royal London,Private Clinic,200025,FD Royal London,2024,PCI - Coronary,Inflation Devices,TC009,1.0,1,412,0.9,7,0.1429,CM_100025,FD_200025
Northern Europe,GB,Northern Europe,GB,Northern Europe,100025,100025,Royal London,Private Clinic,200025,FD Royal London,2024,PCI - Coronary,Hemostasis Valves,TC008,1.0,1,412,0.8,7,0.1429,CM_100025,FD_200025
Northern Europe,GB,Northern Europe,GB,Northern Europe,100025,100025,Royal London,Private Clinic,200025,FD Royal London,2024,PCI - Coronary,Radial Access Kits,TC010,1.0,1,412,0.6,7,0.1429,CM_100025,FD_200025
Northern Europe,GB,Northern Europe,GB,Northern Europe,100025,100025,Royal London,Private Clinic,200025,FD Royal London,2024,Peripheral Intervention,Guide Wires,TC002,2.5,1,500,0.9,3,0.3333,CM_100025,FD_200025
Northern Europe,GB,Northern Europe,GB,Northern Europe,100025,100025,Royal London,Private Clinic,200025,FD Royal London,2024,Peripheral Intervention,Introducer Sheaths,TC007,1.5,1,500,0.8,3,0.3333,CM_100025,FD_200025
Northern Europe,GB,Northern Europe,GB,Northern Europe,100025,100025,Royal London,Private Clinic,200025,FD Royal London,2024,Peripheral Intervention,PTCA Balloon Catheters,TC003,1.0,1,500,0.6,3,0.3333,CM_100025,FD_200025
Northern Europe,GB,Northern Europe,GB,Northern Europe,100025,100025,Royal London,Private Clinic,200025,FD Royal London,2024,PCI - Complex,Guiding Catheters,TC001,1.5,1,171,0.98,5,0.2,CM_100025,FD_200025
Northern Europe,GB,Northern Europe,GB,Northern Europe,100025,100025,Royal London,Private Clinic,200025,FD Royal London,2024,PCI - Complex,Guide Wires,TC002,3.0,1,171,0.99,5,0.2,CM_100025,FD_200025
Northern Europe,GB,Northern Europe,GB,Northern Europe,100025,100025,Royal London,Private Clinic,200025,FD Royal London,2024,PCI - Complex,PTCA Balloon Catheters,TC003,2.0,1,171,0.9,5,0.2,CM_100025,FD_200025
Northern Europe,GB,Northern Europe,GB,Northern Europe,100025,100025,Royal London,Private Clinic,200025,FD Royal London,2024,PCI - Complex,Drug-Eluting Stents,TC004,2.0,1,171,0.8,5,0.2,CM_100025,FD_200025
Northern Europe,GB,Northern Europe,GB,Northern Europe,100025,100025,Royal London,Private Clinic,200025,FD Royal London,2024,PCI - Complex,Microcatheters,TC006,1.0,1,171,0.65,5,0.2,CM_100025,FD_200025
Northern Europe,GB,Northern Europe,GB,Northern Europe,100026,100026,St. Thomas' Manchester,Public Hospital,200026,FD St. Thomas' Manchester,2024,Peripheral Intervention,Guide Wires,TC002,2.5,1,528,0.9,3,0.3333,CM_100026,FD_200026
Northern Europe,GB,Northern Europe,GB,Northern Europe,100026,100026,St. Thomas' Manchester,Public Hospital,200026,FD St. Thomas' Manchester,2024,Peripheral Intervention,Introducer Sheaths,TC007,1.5,1,528,0.8,3,0.3333,CM_100026,FD_200026
Northern Europe,GB,Northern Europe,GB,Northern Europe,100026,100026,St. Thomas' Manchester,Public Hospital,200026,FD St. Thomas' Manchester,2024,Peripheral Intervention,PTCA Balloon Catheters,TC003,1.0,1,528,0.6,3,0.3333,CM_100026,FD_200026
Northern Europe,GB,Northern Europe,GB,Northern Europe,100026,100026,St. Thomas' Manchester,Public Hospital,200026,FD St. Thomas' Manchester,2024,Neurovascular Intervention,Microcatheters,TC006,2.0,1,508,0.95,2,0.5,CM_100026,FD_200026
Northern Europe,GB,Northern Europe,GB,Northern Europe,100026,100026,St. Thomas' Manchester,Public Hospital,200026,FD St. Thomas' Manchester,2024,Neurovascular Intervention,Guide Wires,TC002,2.0,1,508,0.9,2,0.5,CM_100026,FD_200026
Northern Europe,GB,Northern Europe,GB,Northern Europe,100026,100026,St. Thomas' Manchester,Public Hospital,200026,FD St. Thomas' Manchester,2024,Structural Heart,Introducer Sheaths,TC007,2.0,1,355,0.85,2,0.5,CM_100026,FD_200026
Northern Europe,GB,Northern Europe,GB,Northern Europe,100026,100026,St. Thomas' Manchester,Public Hospital,200026,FD St. Thomas' Manchester,2024,Structural Heart,Guide Wires,TC002,1.0,1,355,0.7,2,0.5,CM_100026,FD_200026
Northern Europe,GB,Northern Europe,GB,Northern Europe,100026,100026,St. Thomas' Manchester,Public Hospital,200026,FD St. Thomas' Manchester,2024,PCI - Coronary,Guiding Catheters,TC001,1.2,1,592,0.95,7,0.1429,CM_100026,FD_200026
Northern Europe,GB,Northern Europe,GB,Northern Europe,100026,100026,St. Thomas' Manchester,Public Hospital,200026,FD St. Thomas' Manchester,2024,PCI - Coronary,Guide Wires,TC002,2.0,1,592,0.98,7,0.1429,CM_100026,FD_200026
Northern Europe,GB,Northern Europe,GB,Northern Europe,100026,100026,St. Thomas' Manchester,Public Hospital,200026,FD St. Thomas' Manchester,2024,PCI - Coronary,PTCA Balloon Catheters,TC003,1.5,1,592,0.85,7,0.1429,CM_100026,FD_200026
Northern Europe,GB,Northern Europe,GB,Northern Europe,100026,100026,St. Thomas' Manchester,Public Hospital,200026,FD St. Thomas' Manchester,2024,PCI - Coronary,Drug-Eluting Stents,TC004,1.3,1,592,0.7,7,0.1429,CM_100026,FD_200026
Northern Europe,GB,Northern Europe,GB,Northern Europe,100026,100026,St. Thomas' Manchester,Public Hospital,200026,FD St. Thomas' Manchester,2024,PCI - Coronary,Inflation Devices,TC009,1.0,1,592,0.9,7,0.1429,CM_100026,FD_200026
Northern Europe,GB,Northern Europe,GB,Northern Europe,100026,100026,St. Thomas' Manchester,Public Hospital,200026,FD St. Thomas' Manchester,2024,PCI - Coronary,Hemostasis Valves,TC008,1.0,1,592,0.8,7,0.1429,CM_100026,FD_200026
Northern Europe,GB,Northern Europe,GB,Northern Europe,100026,100026,St. Thomas' Manchester,Public Hospital,200026,FD St. Thomas' Manchester,2024,PCI - Coronary,Radial Access Kits,TC010,1.0,1,592,0.6,7,0.1429,CM_100026,FD_200026
Northern Europe,GB,Northern Europe,GB,Northern Europe,100026,100026,St. Thomas' Manchester,Public Hospital,200026,FD St. Thomas' Manchester,2024,PCI - Complex,Guiding Catheters,TC001,1.5,1,469,0.98,5,0.2,CM_100026,FD_200026
Northern Europe,GB,Northern Europe,GB,Northern Europe,100026,100026,St. Thomas' Manchester,Public Hospital,200026,FD St. Thomas' Manchester,2024,PCI - Complex,Guide Wires,TC002,3.0,1,469,0.99,5,0.2,CM_100026,FD_200026
Northern Europe,GB,Northern Europe,GB,Northern Europe,100026,100026,St. Thomas' Manchester,Public Hospital,200026,FD St. Thomas' Manchester,2024,PCI - Complex,PTCA Balloon Catheters,TC003,2.0,1,469,0.9,5,0.2,CM_100026,FD_200026
Northern Europe,GB,Northern Europe,GB,Northern Europe,100026,100026,St. Thomas' Manchester,Public Hospital,200026,FD St. Thomas' Manchester,2024,PCI - Complex,Drug-Eluting Stents,TC004,2.0,1,469,0.8,5,0.2,CM_100026,FD_200026
Northern Europe,GB,Northern Europe,GB,Northern Europe,100026,100026,St. Thomas' Manchester,Public Hospital,200026,FD St. Thomas' Manchester,2024,PCI - Complex,Microcatheters,TC006,1.0,1,469,0.65,5,0.2,CM_100026,FD_200026
Northern Europe,GB,Northern Europe,GB,Northern Europe,100027,100027,University Hospital Birmingham,University Hospital,200027,FD University Hospital Birmingham,2024,Electrophysiology,Diagnostic Catheters,TC005,3.0,1,606,0.8,2,0.5,CM_100027,FD_200027
Northern Europe,GB,Northern Europe,GB,Northern Europe,100027,100027,University Hospital Birmingham,University Hospital,200027,FD University Hospital Birmingham,2024,Electrophysiology,Introducer Sheaths,TC007,1.0,1,606,0.75,2,0.5,CM_100027,FD_200027
Northern Europe,GB,Northern Europe,GB,Northern Europe,100027,100027,University Hospital Birmingham,University Hospital,200027,FD University Hospital Birmingham,2024,Neurovascular Intervention,Microcatheters,TC006,2.0,1,616,0.95,2,0.5,CM_100027,FD_200027
Northern Europe,GB,Northern Europe,GB,Northern Europe,100027,100027,University Hospital Birmingham,University Hospital,200027,FD University Hospital Birmingham,2024,Neurovascular Intervention,Guide Wires,TC002,2.0,1,616,0.9,2,0.5,CM_100027,FD_200027
Northern Europe,GB,Northern Europe,GB,Northern Europe,100027,100027,University Hospital Birmingham,University Hospital,200027,FD University Hospital Birmingham,2024,PCI - Complex,Guiding Catheters,TC001,1.5,1,1688,0.98,5,0.2,CM_100027,FD_200027
Northern Europe,GB,Northern Europe,GB,Northern Europe,100027,100027,University Hospital Birmingham,University Hospital,200027,FD University Hospital Birmingham,2024,PCI - Complex,Guide Wires,TC002,3.0,1,1688,0.99,5,0.2,CM_100027,FD_200027
Northern Europe,GB,Northern Europe,GB,Northern Europe,100027,100027,University Hospital Birmingham,University Hospital,200027,FD University Hospital Birmingham,2024,PCI - Complex,PTCA Balloon Catheters,TC003,2.0,1,1688,0.9,5,0.2,CM_100027,FD_200027
Northern Europe,GB,Northern Europe,GB,Northern Europe,100027,100027,University Hospital Birmingham,University Hospital,200027,FD University Hospital Birmingham,2024,PCI - Complex,Drug-Eluting Stents,TC004,2.0,1,1688,0.8,5,0.2,CM_100027,FD_200027
Northern Europe,GB,Northern Europe,GB,Northern Europe,100027,100027,University Hospital Birmingham,University Hospital,200027,FD University Hospital Birmingham,2024,PCI - Complex,Microcatheters,TC006,1.0,1,1688,0.65,5,0.2,CM_100027,FD_200027
Northern Europe,GB,Northern Europe,GB,Northern Europe,100027,100027,University Hospital Birmingham,University Hospital,200027,FD University Hospital Birmingham,2024,Diagnostic Angiography,Diagnostic Catheters,TC005,2.0,1,1685,0.95,5,0.2,CM_100027,FD_200027
Northern Europe,GB,Northern Europe,GB,Northern Europe,100027,100027,University Hospital Birmingham,University Hospital,200027,FD University Hospital Birmingham,2024,Diagnostic Angiography,Guide Wires,TC002,1.5,1,1685,0.9,5,0.2,CM_100027,FD_200027
Northern Europe,GB,Northern Europe,GB,Northern Europe,100027,100027,University Hospital Birmingham,University Hospital,200027,FD University Hospital Birmingham,2024,Diagnostic Angiography,Introducer Sheaths,TC007,1.0,1,1685,0.85,5,0.2,CM_100027,FD_200027
Northern Europe,GB,Northern Europe,GB,Northern Europe,100027,100027,University Hospital Birmingham,University Hospital,200027,FD University Hospital Birmingham,2024,Diagnostic Angiography,Hemostasis Valves,TC008,1.0,1,1685,0.7,5,0.2,CM_100027,FD_200027
Northern Europe,GB,Northern Europe,GB,Northern Europe,100027,100027,University Hospital Birmingham,University Hospital,200027,FD University Hospital Birmingham,2024,Diagnostic Angiography,Radial Access Kits,TC010,1.0,1,1685,0.5,5,0.2,CM_100027,FD_200027
Northern Europe,GB,Northern Europe,GB,Northern Europe,100027,100027,University Hospital Birmingham,University Hospital,200027,FD University Hospital Birmingham,2024,Structural Heart,Introducer Sheaths,TC007,2.0,1,427,0.85,2,0.5,CM_100027,FD_200027
Northern Europe,GB,Northern Europe,GB,Northern Europe,100027,100027,University Hospital Birmingham,University Hospital,200027,FD University Hospital Birmingham,2024,Structural Heart,Guide Wires,TC002,1.0,1,427,0.7,2,0.5,CM_100027,FD_200027
Northern Europe,GB,Northern Europe,GB,Northern Europe,100027,100027,University Hospital Birmingham,University Hospital,200027,FD University Hospital Birmingham,2024,PCI - Coronary,Guiding Catheters,TC001,1.2,1,1022,0.95,7,0.1429,CM_100027,FD_200027
Northern Europe,GB,Northern Europe,GB,Northern Europe,100027,100027,University Hospital Birmingham,University Hospital,200027,FD University Hospital Birmingham,2024,PCI - Coronary,Guide Wires,TC002,2.0,1,1022,0.98,7,0.1429,CM_100027,FD_200027
Northern Europe,GB,Northern Europe,GB,Northern Europe,100027,100027,University Hospital Birmingham,University Hospital,200027,FD University Hospital Birmingham,2024,PCI - Coronary,PTCA Balloon Catheters,TC003,1.5,1,1022,0.85,7,0.1429,CM_100027,FD_200027
Northern Europe,GB,Northern Europe,GB,Northern Europe,100027,100027,University Hospital Birmingham,University Hospital,200027,FD University Hospital Birmingham,2024,PCI - Coronary,Drug-Eluting Stents,TC004,1.3,1,1022,0.7,7,0.1429,CM_100027,FD_200027
Northern Europe,GB,Northern Europe,GB,Northern Europe,100027,100027,University Hospital Birmingham,University Hospital,200027,FD University Hospital Birmingham,2024,PCI - Coronary,Inflation Devices,TC009,1.0,1,1022,0.9,7,0.1429,CM_100027,FD_200027
Northern Europe,GB,Northern Europe,GB,Northern Europe,100027,100027,University Hospital Birmingham,University Hospital,200027,FD University Hospital Birmingham,2024,PCI - Coronary,Hemostasis Valves,TC008,1.0,1,1022,0.8,7,0.1429,CM_100027,FD_200027
Northern Europe,GB,Northern Europe,GB,Northern Europe,100027,100027,University Hospital Birmingham,University Hospital,200027,FD University Hospital Birmingham,2024,PCI - Coronary,Radial Access Kits,TC010,1.0,1,1022,0.6,7,0.1429,CM_100027,FD_200027
Northern Europe,GB,Northern Europe,GB,Northern Europe,100027,100027,University Hospital Birmingham,University Hospital,200027,FD University Hospital Birmingham,2024,Peripheral Intervention,Guide Wires,TC002,2.5,1,750,0.9,3,0.3333,CM_100027,FD_200027
Northern Europe,GB,Northern Europe,GB,Northern Europe,100027,100027,University Hospital Birmingham,University Hospital,200027,FD University Hospital Birmingham,2024,Peripheral Intervention,Introducer Sheaths,TC007,1.5,1,750,0.8,3,0.3333,CM_100027,FD_200027
Northern Europe,GB,Northern Europe,GB,Northern Europe,100027,100027,University Hospital Birmingham,University Hospital,200027,FD University Hospital Birmingham,2024,Peripheral Intervention,PTCA Balloon Catheters,TC003,1.0,1,750,0.6,3,0.3333,CM_100027,FD_200027
Northern Europe,GB,Northern Europe,GB,Northern Europe,100028,100028,Queen Elizabeth Leeds,Private Clinic,200028,FD Queen Elizabeth Leeds,2024,PCI - Complex,Guiding Catheters,TC001,1.5,1,650,0.98,5,0.2,CM_100028,FD_200028
Northern Europe,GB,Northern Europe,GB,Northern Europe,100028,100028,Queen Elizabeth Leeds,Private Clinic,200028,FD Queen Elizabeth Leeds,2024,PCI - Complex,Guide Wires,TC002,3.0,1,650,0.99,5,0.2,CM_100028,FD_200028
Northern Europe,GB,Northern Europe,GB,Northern Europe,100028,100028,Queen Elizabeth Leeds,Private Clinic,200028,FD Queen Elizabeth Leeds,2024,PCI - Complex,PTCA Balloon Catheters,TC003,2.0,1,650,0.9,5,0.2,CM_100028,FD_200028
Northern Europe,GB,Northern Europe,GB,Northern Europe,100028,100028,Queen Elizabeth Leeds,Private Clinic,200028,FD Queen Elizabeth Leeds,2024,PCI - Complex,Drug-Eluting Stents,TC004,2.0,1,650,0.8,5,0.2,CM_100028,FD_200028
Northern Europe,GB,Northern Europe,GB,Northern Europe,100028,100028,Queen Elizabeth Leeds,Private Clinic,200028,FD Queen Elizabeth Leeds,2024,PCI - Complex,Microcatheters,TC006,1.0,1,650,0.65,5,0.2,CM_100028,FD_200028
Northern Europe,GB,Northern Europe,GB,Northern Europe,100028,100028,Queen Elizabeth Leeds,Private Clinic,200028,FD Queen Elizabeth Leeds,2024,Electrophysiology,Diagnostic Catheters,TC005,3.0,1,155,0.8,2,0.5,CM_100028,FD_200028
Northern Europe,GB,Northern Europe,GB,Northern Europe,100028,100028,Queen Elizabeth Leeds,Private Clinic,200028,FD Queen Elizabeth Leeds,2024,Electrophysiology,Introducer Sheaths,TC007,1.0,1,155,0.75,2,0.5,CM_100028,FD_200028
Northern Europe,GB,Northern Europe,GB,Northern Europe,100028,100028,Queen Elizabeth Leeds,Private Clinic,200028,FD Queen Elizabeth Leeds,2024,Peripheral Intervention,Guide Wires,TC002,2.5,1,597,0.9,3,0.3333,CM_100028,FD_200028
Northern Europe,GB,Northern Europe,GB,Northern Europe,100028,100028,Queen Elizabeth Leeds,Private Clinic,200028,FD Queen Elizabeth Leeds,2024,Peripheral Intervention,Introducer Sheaths,TC007,1.5,1,597,0.8,3,0.3333,CM_100028,FD_200028
Northern Europe,GB,Northern Europe,GB,Northern Europe,100028,100028,Queen Elizabeth Leeds,Private Clinic,200028,FD Queen Elizabeth Leeds,2024,Peripheral Intervention,PTCA Balloon Catheters,TC003,1.0,1,597,0.6,3,0.3333,CM_100028,FD_200028
Northern Europe,GB,Northern Europe,GB,Northern Europe,100028,100028,Queen Elizabeth Leeds,Private Clinic,200028,FD Queen Elizabeth Leeds,2024,Neurovascular Intervention,Microcatheters,TC006,2.0,1,381,0.95,2,0.5,CM_100028,FD_200028
Northern Europe,GB,Northern Europe,GB,Northern Europe,100028,100028,Queen Elizabeth Leeds,Private Clinic,200028,FD Queen Elizabeth Leeds,2024,Neurovascular Intervention,Guide Wires,TC002,2.0,1,381,0.9,2,0.5,CM_100028,FD_200028
Northern Europe,GB,Northern Europe,GB,Northern Europe,100028,100028,Queen Elizabeth Leeds,Private Clinic,200028,FD Queen Elizabeth Leeds,2024,Diagnostic Angiography,Diagnostic Catheters,TC005,2.0,1,528,0.95,5,0.2,CM_100028,FD_200028
Northern Europe,GB,Northern Europe,GB,Northern Europe,100028,100028,Queen Elizabeth Leeds,Private Clinic,200028,FD Queen Elizabeth Leeds,2024,Diagnostic Angiography,Guide Wires,TC002,1.5,1,528,0.9,5,0.2,CM_100028,FD_200028
Northern Europe,GB,Northern Europe,GB,Northern Europe,100028,100028,Queen Elizabeth Leeds,Private Clinic,200028,FD Queen Elizabeth Leeds,2024,Diagnostic Angiography,Introducer Sheaths,TC007,1.0,1,528,0.85,5,0.2,CM_100028,FD_200028
Northern Europe,GB,Northern Europe,GB,Northern Europe,100028,100028,Queen Elizabeth Leeds,Private Clinic,200028,FD Queen Elizabeth Leeds,2024,Diagnostic Angiography,Hemostasis Valves,TC008,1.0,1,528,0.7,5,0.2,CM_100028,FD_200028
Northern Europe,GB,Northern Europe,GB,Northern Europe,100028,100028,Queen Elizabeth Leeds,Private Clinic,200028,FD Queen Elizabeth Leeds,2024,Diagnostic Angiography,Radial Access Kits,TC010,1.0,1,528,0.5,5,0.2,CM_100028,FD_200028
Northern Europe,GB,Northern Europe,GB,Northern Europe,100028,100028,Queen Elizabeth Leeds,Private Clinic,200028,FD Queen Elizabeth Leeds,2024,PCI - Coronary,Guiding Catheters,TC001,1.2,1,471,0.95,7,0.1429,CM_100028,FD_200028
Northern Europe,GB,Northern Europe,GB,Northern Europe,100028,100028,Queen Elizabeth Leeds,Private Clinic,200028,FD Queen Elizabeth Leeds,2024,PCI - Coronary,Guide Wires,TC002,2.0,1,471,0.98,7,0.1429,CM_100028,FD_200028
Northern Europe,GB,Northern Europe,GB,Northern Europe,100028,100028,Queen Elizabeth Leeds,Private Clinic,200028,FD Queen Elizabeth Leeds,2024,PCI - Coronary,PTCA Balloon Catheters,TC003,1.5,1,471,0.85,7,0.1429,CM_100028,FD_200028
Northern Europe,GB,Northern Europe,GB,Northern Europe,100028,100028,Queen Elizabeth Leeds,Private Clinic,200028,FD Queen Elizabeth Leeds,2024,PCI - Coronary,Drug-Eluting Stents,TC004,1.3,1,471,0.7,7,0.1429,CM_100028,FD_200028
Northern Europe,GB,Northern Europe,GB,Northern Europe,100028,100028,Queen Elizabeth Leeds,Private Clinic,200028,FD Queen Elizabeth Leeds,2024,PCI - Coronary,Inflation Devices,TC009,1.0,1,471,0.9,7,0.1429,CM_100028,FD_200028
Northern Europe,GB,Northern Europe,GB,Northern Europe,100028,100028,Queen Elizabeth Leeds,Private Clinic,200028,FD Queen Elizabeth Leeds,2024,PCI - Coronary,Hemostasis Valves,TC008,1.0,1,471,0.8,7,0.1429,CM_100028,FD_200028
Northern Europe,GB,Northern Europe,GB,Northern Europe,100028,100028,Queen Elizabeth Leeds,Private Clinic,200028,FD Queen Elizabeth Leeds,2024,PCI - Coronary,Radial Access Kits,TC010,1.0,1,471,0.6,7,0.1429,CM_100028,FD_200028
Northern Europe,GB,Northern Europe,GB,Northern Europe,100028,100028,Queen Elizabeth Leeds,Private Clinic,200028,FD Queen Elizabeth Leeds,2024,Structural Heart,Introducer Sheaths,TC007,2.0,1,196,0.85,2,0.5,CM_100028,FD_200028
Northern Europe,GB,Northern Europe,GB,Northern Europe,100028,100028,Queen Elizabeth Leeds,Private Clinic,200028,FD Queen Elizabeth Leeds,2024,Structural Heart,Guide Wires,TC002,1.0,1,196,0.7,2,0.5,CM_100028,FD_200028
Northern Europe,GB,Northern Europe,GB,Northern Europe,100029,100029,King's College Liverpool,University Hospital,200029,FD King's College Liverpool,2024,Peripheral Intervention,Guide Wires,TC002,2.5,1,63,0.9,3,0.3333,CM_100029,FD_200029
Northern Europe,GB,Northern Europe,GB,Northern Europe,100029,100029,King's College Liverpool,University Hospital,200029,FD King's College Liverpool,2024,Peripheral Intervention,Introducer Sheaths,TC007,1.5,1,63,0.8,3,0.3333,CM_100029,FD_200029
Northern Europe,GB,Northern Europe,GB,Northern Europe,100029,100029,King's College Liverpool,University Hospital,200029,FD King's College Liverpool,2024,Peripheral Intervention,PTCA Balloon Catheters,TC003,1.0,1,63,0.6,3,0.3333,CM_100029,FD_200029
Northern Europe,GB,Northern Europe,GB,Northern Europe,100029,100029,King's College Liverpool,University Hospital,200029,FD King's College Liverpool,2024,Electrophysiology,Diagnostic Catheters,TC005,3.0,1,480,0.8,2,0.5,CM_100029,FD_200029
Northern Europe,GB,Northern Europe,GB,Northern Europe,100029,100029,King's College Liverpool,University Hospital,200029,FD King's College Liverpool,2024,Electrophysiology,Introducer Sheaths,TC007,1.0,1,480,0.75,2,0.5,CM_100029,FD_200029
Northern Europe,GB,Northern Europe,GB,Northern Europe,100029,100029,King's College Liverpool,University Hospital,200029,FD King's College Liverpool,2024,Structural Heart,Introducer Sheaths,TC007,2.0,1,449,0.85,2,0.5,CM_100029,FD_200029
Northern Europe,GB,Northern Europe,GB,Northern Europe,100029,100029,King's College Liverpool,University Hospital,200029,FD King's College Liverpool,2024,Structural Heart,Guide Wires,TC002,1.0,1,449,0.7,2,0.5,CM_100029,FD_200029
Northern Europe,GB,Northern Europe,GB,Northern Europe,100029,100029,King's College Liverpool,University Hospital,200029,FD King's College Liverpool,2024,PCI - Complex,Guiding Catheters,TC001,1.5,1,321,0.98,5,0.2,CM_100029,FD_200029
Northern Europe,GB,Northern Europe,GB,Northern Europe,100029,100029,King's College Liverpool,University Hospital,200029,FD King's College Liverpool,2024,PCI - Complex,Guide Wires,TC002,3.0,1,321,0.99,5,0.2,CM_100029,FD_200029
Northern Europe,GB,Northern Europe,GB,Northern Europe,100029,100029,King's College Liverpool,University Hospital,200029,FD King's College Liverpool,2024,PCI - Complex,PTCA Balloon Catheters,TC003,2.0,1,321,0.9,5,0.2,CM_100029,FD_200029
Northern Europe,GB,Northern Europe,GB,Northern Europe,100029,100029,King's College Liverpool,University Hospital,200029,FD King's College Liverpool,2024,PCI - Complex,Drug-Eluting Stents,TC004,2.0,1,321,0.8,5,0.2,CM_100029,FD_200029
Northern Europe,GB,Northern Europe,GB,Northern Europe,100029,100029,King's College Liverpool,University Hospital,200029,FD King's College Liverpool,2024,PCI - Complex,Microcatheters,TC006,1.0,1,321,0.65,5,0.2,CM_100029,FD_200029
Northern Europe,GB,Northern Europe,GB,Northern Europe,100029,100029,King's College Liverpool,University Hospital,200029,FD King's College Liverpool,2024,Diagnostic Angiography,Diagnostic Catheters,TC005,2.0,1,594,0.95,5,0.2,CM_100029,FD_200029
Northern Europe,GB,Northern Europe,GB,Northern Europe,100029,100029,King's College Liverpool,University Hospital,200029,FD King's College Liverpool,2024,Diagnostic Angiography,Guide Wires,TC002,1.5,1,594,0.9,5,0.2,CM_100029,FD_200029
Northern Europe,GB,Northern Europe,GB,Northern Europe,100029,100029,King's College Liverpool,University Hospital,200029,FD King's College Liverpool,2024,Diagnostic Angiography,Introducer Sheaths,TC007,1.0,1,594,0.85,5,0.2,CM_100029,FD_200029
Northern Europe,GB,Northern Europe,GB,Northern Europe,100029,100029,King's College Liverpool,University Hospital,200029,FD King's College Liverpool,2024,Diagnostic Angiography,Hemostasis Valves,TC008,1.0,1,594,0.7,5,0.2,CM_100029,FD_200029
Northern Europe,GB,Northern Europe,GB,Northern Europe,100029,100029,King's College Liverpool,University Hospital,200029,FD King's College Liverpool,2024,Diagnostic Angiography,Radial Access Kits,TC010,1.0,1,594,0.5,5,0.2,CM_100029,FD_200029
Northern Europe,GB,Northern Europe,GB,Northern Europe,100030,100030,Royal Bristol,University Hospital,200030,FD Royal Bristol,2024,Diagnostic Angiography,Diagnostic Catheters,TC005,2.0,1,522,0.95,5,0.2,CM_100030,FD_200030
Northern Europe,GB,Northern Europe,GB,Northern Europe,100030,100030,Royal Bristol,University Hospital,200030,FD Royal Bristol,2024,Diagnostic Angiography,Guide Wires,TC002,1.5,1,522,0.9,5,0.2,CM_100030,FD_200030
Northern Europe,GB,Northern Europe,GB,Northern Europe,100030,100030,Royal Bristol,University Hospital,200030,FD Royal Bristol,2024,Diagnostic Angiography,Introducer Sheaths,TC007,1.0,1,522,0.85,5,0.2,CM_100030,FD_200030
Northern Europe,GB,Northern Europe,GB,Northern Europe,100030,100030,Royal Bristol,University Hospital,200030,FD Royal Bristol,2024,Diagnostic Angiography,Hemostasis Valves,TC008,1.0,1,522,0.7,5,0.2,CM_100030,FD_200030
Northern Europe,GB,Northern Europe,GB,Northern Europe,100030,100030,Royal Bristol,University Hospital,200030,FD Royal Bristol,2024,Diagnostic Angiography,Radial Access Kits,TC010,1.0,1,522,0.5,5,0.2,CM_100030,FD_200030
Northern Europe,GB,Northern Europe,GB,Northern Europe,100030,100030,Royal Bristol,University Hospital,200030,FD Royal Bristol,2024,PCI - Coronary,Guiding Catheters,TC001,1.2,1,544,0.95,7,0.1429,CM_100030,FD_200030
Northern Europe,GB,Northern Europe,GB,Northern Europe,100030,100030,Royal Bristol,University Hospital,200030,FD Royal Bristol,2024,PCI - Coronary,Guide Wires,TC002,2.0,1,544,0.98,7,0.1429,CM_100030,FD_200030
Northern Europe,GB,Northern Europe,GB,Northern Europe,100030,100030,Royal Bristol,University Hospital,200030,FD Royal Bristol,2024,PCI - Coronary,PTCA Balloon Catheters,TC003,1.5,1,544,0.85,7,0.1429,CM_100030,FD_200030
Northern Europe,GB,Northern Europe,GB,Northern Europe,100030,100030,Royal Bristol,University Hospital,200030,FD Royal Bristol,2024,PCI - Coronary,Drug-Eluting Stents,TC004,1.3,1,544,0.7,7,0.1429,CM_100030,FD_200030
Northern Europe,GB,Northern Europe,GB,Northern Europe,100030,100030,Royal Bristol,University Hospital,200030,FD Royal Bristol,2024,PCI - Coronary,Inflation Devices,TC009,1.0,1,544,0.9,7,0.1429,CM_100030,FD_200030
Northern Europe,GB,Northern Europe,GB,Northern Europe,100030,100030,Royal Bristol,University Hospital,200030,FD Royal Bristol,2024,PCI - Coronary,Hemostasis Valves,TC008,1.0,1,544,0.8,7,0.1429,CM_100030,FD_200030
Northern Europe,GB,Northern Europe,GB,Northern Europe,100030,100030,Royal Bristol,University Hospital,200030,FD Royal Bristol,2024,PCI - Coronary,Radial Access Kits,TC010,1.0,1,544,0.6,7,0.1429,CM_100030,FD_200030
Northern Europe,GB,Northern Europe,GB,Northern Europe,100030,100030,Royal Bristol,University Hospital,200030,FD Royal Bristol,2024,PCI - Complex,Guiding Catheters,TC001,1.5,1,439,0.98,5,0.2,CM_100030,FD_200030
Northern Europe,GB,Northern Europe,GB,Northern Europe,100030,100030,Royal Bristol,University Hospital,200030,FD Royal Bristol,2024,PCI - Complex,Guide Wires,TC002,3.0,1,439,0.99,5,0.2,CM_100030,FD_200030
Northern Europe,GB,Northern Europe,GB,Northern Europe,100030,100030,Royal Bristol,University Hospital,200030,FD Royal Bristol,2024,PCI - Complex,PTCA Balloon Catheters,TC003,2.0,1,439,0.9,5,0.2,CM_100030,FD_200030
Northern Europe,GB,Northern Europe,GB,Northern Europe,100030,100030,Royal Bristol,University Hospital,200030,FD Royal Bristol,2024,PCI - Complex,Drug-Eluting Stents,TC004,2.0,1,439,0.8,5,0.2,CM_100030,FD_200030
Northern Europe,GB,Northern Europe,GB,Northern Europe,100030,100030,Royal Bristol,University Hospital,200030,FD Royal Bristol,2024,PCI - Complex,Microcatheters,TC006,1.0,1,439,0.65,5,0.2,CM_100030,FD_200030
Northern Europe,GB,Northern Europe,GB,Northern Europe,100030,100030,Royal Bristol,University Hospital,200030,FD Royal Bristol,2024,Electrophysiology,Diagnostic Catheters,TC005,3.0,1,96,0.8,2,0.5,CM_100030,FD_200030
Northern Europe,GB,Northern Europe,GB,Northern Europe,100030,100030,Royal Bristol,University Hospital,200030,FD Royal Bristol,2024,Electrophysiology,Introducer Sheaths,TC007,1.0,1,96,0.75,2,0.5,CM_100030,FD_200030
Northern Europe,GB,Northern Europe,GB,Northern Europe,100030,100030,Royal Bristol,University Hospital,200030,FD Royal Bristol,2024,Structural Heart,Introducer Sheaths,TC007,2.0,1,470,0.85,2,0.5,CM_100030,FD_200030
Northern Europe,GB,Northern Europe,GB,Northern Europe,100030,100030,Royal Bristol,University Hospital,200030,FD Royal Bristol,2024,Structural Heart,Guide Wires,TC002,1.0,1,470,0.7,2,0.5,CM_100030,FD_200030
Northern Europe,GB,Northern Europe,GB,Northern Europe,100030,100030,Royal Bristol,University Hospital,200030,FD Royal Bristol,2024,Peripheral Intervention,Guide Wires,TC002,2.5,1,575,0.9,3,0.3333,CM_100030,FD_200030
Northern Europe,GB,Northern Europe,GB,Northern Europe,100030,100030,Royal Bristol,University Hospital,200030,FD Royal Bristol,2024,Peripheral Intervention,Introducer Sheaths,TC007,1.5,1,575,0.8,3,0.3333,CM_100030,FD_200030
Northern Europe,GB,Northern Europe,GB,Northern Europe,100030,100030,Royal Bristol,University Hospital,200030,FD Royal Bristol,2024,Peripheral Intervention,PTCA Balloon Catheters,TC003,1.0,1,575,0.6,3,0.3333,CM_100030,FD_200030
Northern Europe,GB,Northern Europe,GB,Northern Europe,100030,100030,Royal Bristol,University Hospital,200030,FD Royal Bristol,2024,Neurovascular Intervention,Microcatheters,TC006,2.0,1,496,0.95,2,0.5,CM_100030,FD_200030
Northern Europe,GB,Northern Europe,GB,Northern Europe,100030,100030,Royal Bristol,University Hospital,200030,FD Royal Bristol,2024,Neurovascular Intervention,Guide Wires,TC002,2.0,1,496,0.9,2,0.5,CM_100030,FD_200030
Northern Europe,GB,Northern Europe,GB,Northern Europe,100031,100031,St. Thomas' Oxford,Heart Center,200031,FD St. Thomas' Oxford,2024,PCI - Complex,Guiding Catheters,TC001,1.5,1,410,0.98,5,0.2,CM_100031,FD_200031
Northern Europe,GB,Northern Europe,GB,Northern Europe,100031,100031,St. Thomas' Oxford,Heart Center,200031,FD St. Thomas' Oxford,2024,PCI - Complex,Guide Wires,TC002,3.0,1,410,0.99,5,0.2,CM_100031,FD_200031
Northern Europe,GB,Northern Europe,GB,Northern Europe,100031,100031,St. Thomas' Oxford,Heart Center,200031,FD St. Thomas' Oxford,2024,PCI - Complex,PTCA Balloon Catheters,TC003,2.0,1,410,0.9,5,0.2,CM_100031,FD_200031
Northern Europe,GB,Northern Europe,GB,Northern Europe,100031,100031,St. Thomas' Oxford,Heart Center,200031,FD St. Thomas' Oxford,2024,PCI - Complex,Drug-Eluting Stents,TC004,2.0,1,410,0.8,5,0.2,CM_100031,FD_200031
Northern Europe,GB,Northern Europe,GB,Northern Europe,100031,100031,St. Thomas' Oxford,Heart Center,200031,FD St. Thomas' Oxford,2024,PCI - Complex,Microcatheters,TC006,1.0,1,410,0.65,5,0.2,CM_100031,FD_200031
Northern Europe,GB,Northern Europe,GB,Northern Europe,100031,100031,St. Thomas' Oxford,Heart Center,200031,FD St. Thomas' Oxford,2024,Structural Heart,Introducer Sheaths,TC007,2.0,1,405,0.85,2,0.5,CM_100031,FD_200031
Northern Europe,GB,Northern Europe,GB,Northern Europe,100031,100031,St. Thomas' Oxford,Heart Center,200031,FD St. Thomas' Oxford,2024,Structural Heart,Guide Wires,TC002,1.0,1,405,0.7,2,0.5,CM_100031,FD_200031
Northern Europe,GB,Northern Europe,GB,Northern Europe,100031,100031,St. Thomas' Oxford,Heart Center,200031,FD St. Thomas' Oxford,2024,Peripheral Intervention,Guide Wires,TC002,2.5,1,421,0.9,3,0.3333,CM_100031,FD_200031
Northern Europe,GB,Northern Europe,GB,Northern Europe,100031,100031,St. Thomas' Oxford,Heart Center,200031,FD St. Thomas' Oxford,2024,Peripheral Intervention,Introducer Sheaths,TC007,1.5,1,421,0.8,3,0.3333,CM_100031,FD_200031
Northern Europe,GB,Northern Europe,GB,Northern Europe,100031,100031,St. Thomas' Oxford,Heart Center,200031,FD St. Thomas' Oxford,2024,Peripheral Intervention,PTCA Balloon Catheters,TC003,1.0,1,421,0.6,3,0.3333,CM_100031,FD_200031
Northern Europe,GB,Northern Europe,GB,Northern Europe,100031,100031,St. Thomas' Oxford,Heart Center,200031,FD St. Thomas' Oxford,2024,Neurovascular Intervention,Microcatheters,TC006,2.0,1,131,0.95,2,0.5,CM_100031,FD_200031
Northern Europe,GB,Northern Europe,GB,Northern Europe,100031,100031,St. Thomas' Oxford,Heart Center,200031,FD St. Thomas' Oxford,2024,Neurovascular Intervention,Guide Wires,TC002,2.0,1,131,0.9,2,0.5,CM_100031,FD_200031
Northern Europe,GB,Northern Europe,GB,Northern Europe,100031,100031,St. Thomas' Oxford,Heart Center,200031,FD St. Thomas' Oxford,2024,Electrophysiology,Diagnostic Catheters,TC005,3.0,1,558,0.8,2,0.5,CM_100031,FD_200031
Northern Europe,GB,Northern Europe,GB,Northern Europe,100031,100031,St. Thomas' Oxford,Heart Center,200031,FD St. Thomas' Oxford,2024,Electrophysiology,Introducer Sheaths,TC007,1.0,1,558,0.75,2,0.5,CM_100031,FD_200031
Northern Europe,GB,Northern Europe,GB,Northern Europe,100031,100031,St. Thomas' Oxford,Heart Center,200031,FD St. Thomas' Oxford,2024,PCI - Coronary,Guiding Catheters,TC001,1.2,1,529,0.95,7,0.1429,CM_100031,FD_200031
Northern Europe,GB,Northern Europe,GB,Northern Europe,100031,100031,St. Thomas' Oxford,Heart Center,200031,FD St. Thomas' Oxford,2024,PCI - Coronary,Guide Wires,TC002,2.0,1,529,0.98,7,0.1429,CM_100031,FD_200031
Northern Europe,GB,Northern Europe,GB,Northern Europe,100031,100031,St. Thomas' Oxford,Heart Center,200031,FD St. Thomas' Oxford,2024,PCI - Coronary,PTCA Balloon Catheters,TC003,1.5,1,529,0.85,7,0.1429,CM_100031,FD_200031
Northern Europe,GB,Northern Europe,GB,Northern Europe,100031,100031,St. Thomas' Oxford,Heart Center,200031,FD St. Thomas' Oxford,2024,PCI - Coronary,Drug-Eluting Stents,TC004,1.3,1,529,0.7,7,0.1429,CM_100031,FD_200031
Northern Europe,GB,Northern Europe,GB,Northern Europe,100031,100031,St. Thomas' Oxford,Heart Center,200031,FD St. Thomas' Oxford,2024,PCI - Coronary,Inflation Devices,TC009,1.0,1,529,0.9,7,0.1429,CM_100031,FD_200031
Northern Europe,GB,Northern Europe,GB,Northern Europe,100031,100031,St. Thomas' Oxford,Heart Center,200031,FD St. Thomas' Oxford,2024,PCI - Coronary,Hemostasis Valves,TC008,1.0,1,529,0.8,7,0.1429,CM_100031,FD_200031
Northern Europe,GB,Northern Europe,GB,Northern Europe,100031,100031,St. Thomas' Oxford,Heart Center,200031,FD St. Thomas' Oxford,2024,PCI - Coronary,Radial Access Kits,TC010,1.0,1,529,0.6,7,0.1429,CM_100031,FD_200031
Northern Europe,GB,Northern Europe,GB,Northern Europe,100031,100031,St. Thomas' Oxford,Heart Center,200031,FD St. Thomas' Oxford,2024,Diagnostic Angiography,Diagnostic Catheters,TC005,2.0,1,609,0.95,5,0.2,CM_100031,FD_200031
Northern Europe,GB,Northern Europe,GB,Northern Europe,100031,100031,St. Thomas' Oxford,Heart Center,200031,FD St. Thomas' Oxford,2024,Diagnostic Angiography,Guide Wires,TC002,1.5,1,609,0.9,5,0.2,CM_100031,FD_200031
Northern Europe,GB,Northern Europe,GB,Northern Europe,100031,100031,St. Thomas' Oxford,Heart Center,200031,FD St. Thomas' Oxford,2024,Diagnostic Angiography,Introducer Sheaths,TC007,1.0,1,609,0.85,5,0.2,CM_100031,FD_200031
Northern Europe,GB,Northern Europe,GB,Northern Europe,100031,100031,St. Thomas' Oxford,Heart Center,200031,FD St. Thomas' Oxford,2024,Diagnostic Angiography,Hemostasis Valves,TC008,1.0,1,609,0.7,5,0.2,CM_100031,FD_200031
Northern Europe,GB,Northern Europe,GB,Northern Europe,100031,100031,St. Thomas' Oxford,Heart Center,200031,FD St. Thomas' Oxford,2024,Diagnostic Angiography,Radial Access Kits,TC010,1.0,1,609,0.5,5,0.2,CM_100031,FD_200031
Northern Europe,GB,Northern Europe,GB,Northern Europe,100032,100032,University Hospital Cambridge,University Hospital,200032,FD University Hospital Cambridge,2024,Peripheral Intervention,Guide Wires,TC002,2.5,1,1994,0.9,3,0.3333,CM_100032,FD_200032
Northern Europe,GB,Northern Europe,GB,Northern Europe,100032,100032,University Hospital Cambridge,University Hospital,200032,FD University Hospital Cambridge,2024,Peripheral Intervention,Introducer Sheaths,TC007,1.5,1,1994,0.8,3,0.3333,CM_100032,FD_200032
Northern Europe,GB,Northern Europe,GB,Northern Europe,100032,100032,University Hospital Cambridge,University Hospital,200032,FD University Hospital Cambridge,2024,Peripheral Intervention,PTCA Balloon Catheters,TC003,1.0,1,1994,0.6,3,0.3333,CM_100032,FD_200032
Northern Europe,GB,Northern Europe,GB,Northern Europe,100032,100032,University Hospital Cambridge,University Hospital,200032,FD University Hospital Cambridge,2024,PCI - Coronary,Guiding Catheters,TC001,1.2,1,1247,0.95,7,0.1429,CM_100032,FD_200032
Northern Europe,GB,Northern Europe,GB,Northern Europe,100032,100032,University Hospital Cambridge,University Hospital,200032,FD University Hospital Cambridge,2024,PCI - Coronary,Guide Wires,TC002,2.0,1,1247,0.98,7,0.1429,CM_100032,FD_200032
Northern Europe,GB,Northern Europe,GB,Northern Europe,100032,100032,University Hospital Cambridge,University Hospital,200032,FD University Hospital Cambridge,2024,PCI - Coronary,PTCA Balloon Catheters,TC003,1.5,1,1247,0.85,7,0.1429,CM_100032,FD_200032
Northern Europe,GB,Northern Europe,GB,Northern Europe,100032,100032,University Hospital Cambridge,University Hospital,200032,FD University Hospital Cambridge,2024,PCI - Coronary,Drug-Eluting Stents,TC004,1.3,1,1247,0.7,7,0.1429,CM_100032,FD_200032
Northern Europe,GB,Northern Europe,GB,Northern Europe,100032,100032,University Hospital Cambridge,University Hospital,200032,FD University Hospital Cambridge,2024,PCI - Coronary,Inflation Devices,TC009,1.0,1,1247,0.9,7,0.1429,CM_100032,FD_200032
Northern Europe,GB,Northern Europe,GB,Northern Europe,100032,100032,University Hospital Cambridge,University Hospital,200032,FD University Hospital Cambridge,2024,PCI - Coronary,Hemostasis Valves,TC008,1.0,1,1247,0.8,7,0.1429,CM_100032,FD_200032
Northern Europe,GB,Northern Europe,GB,Northern Europe,100032,100032,University Hospital Cambridge,University Hospital,200032,FD University Hospital Cambridge,2024,PCI - Coronary,Radial Access Kits,TC010,1.0,1,1247,0.6,7,0.1429,CM_100032,FD_200032
Northern Europe,GB,Northern Europe,GB,Northern Europe,100032,100032,University Hospital Cambridge,University Hospital,200032,FD University Hospital Cambridge,2024,Neurovascular Intervention,Microcatheters,TC006,2.0,1,458,0.95,2,0.5,CM_100032,FD_200032
Northern Europe,GB,Northern Europe,GB,Northern Europe,100032,100032,University Hospital Cambridge,University Hospital,200032,FD University Hospital Cambridge,2024,Neurovascular Intervention,Guide Wires,TC002,2.0,1,458,0.9,2,0.5,CM_100032,FD_200032
Northern Europe,GB,Northern Europe,GB,Northern Europe,100032,100032,University Hospital Cambridge,University Hospital,200032,FD University Hospital Cambridge,2024,PCI - Complex,Guiding Catheters,TC001,1.5,1,1613,0.98,5,0.2,CM_100032,FD_200032
Northern Europe,GB,Northern Europe,GB,Northern Europe,100032,100032,University Hospital Cambridge,University Hospital,200032,FD University Hospital Cambridge,2024,PCI - Complex,Guide Wires,TC002,3.0,1,1613,0.99,5,0.2,CM_100032,FD_200032
Northern Europe,GB,Northern Europe,GB,Northern Europe,100032,100032,University Hospital Cambridge,University Hospital,200032,FD University Hospital Cambridge,2024,PCI - Complex,PTCA Balloon Catheters,TC003,2.0,1,1613,0.9,5,0.2,CM_100032,FD_200032
Northern Europe,GB,Northern Europe,GB,Northern Europe,100032,100032,University Hospital Cambridge,University Hospital,200032,FD University Hospital Cambridge,2024,PCI - Complex,Drug-Eluting Stents,TC004,2.0,1,1613,0.8,5,0.2,CM_100032,FD_200032
Northern Europe,GB,Northern Europe,GB,Northern Europe,100032,100032,University Hospital Cambridge,University Hospital,200032,FD University Hospital Cambridge,2024,PCI - Complex,Microcatheters,TC006,1.0,1,1613,0.65,5,0.2,CM_100032,FD_200032
Northern Europe,GB,Northern Europe,GB,Northern Europe,100032,100032,University Hospital Cambridge,University Hospital,200032,FD University Hospital Cambridge,2024,Structural Heart,Introducer Sheaths,TC007,2.0,1,1007,0.85,2,0.5,CM_100032,FD_200032
Northern Europe,GB,Northern Europe,GB,Northern Europe,100032,100032,University Hospital Cambridge,University Hospital,200032,FD University Hospital Cambridge,2024,Structural Heart,Guide Wires,TC002,1.0,1,1007,0.7,2,0.5,CM_100032,FD_200032
Northern Europe,GB,Northern Europe,GB,Northern Europe,100032,100032,University Hospital Cambridge,University Hospital,200032,FD University Hospital Cambridge,2024,Electrophysiology,Diagnostic Catheters,TC005,3.0,1,1891,0.8,2,0.5,CM_100032,FD_200032
Northern Europe,GB,Northern Europe,GB,Northern Europe,100032,100032,University Hospital Cambridge,University Hospital,200032,FD University Hospital Cambridge,2024,Electrophysiology,Introducer Sheaths,TC007,1.0,1,1891,0.75,2,0.5,CM_100032,FD_200032
Northern Europe,GB,Northern Europe,GB,Northern Europe,100032,100032,University Hospital Cambridge,University Hospital,200032,FD University Hospital Cambridge,2024,Diagnostic Angiography,Diagnostic Catheters,TC005,2.0,1,776,0.95,5,0.2,CM_100032,FD_200032
Northern Europe,GB,Northern Europe,GB,Northern Europe,100032,100032,University Hospital Cambridge,University Hospital,200032,FD University Hospital Cambridge,2024,Diagnostic Angiography,Guide Wires,TC002,1.5,1,776,0.9,5,0.2,CM_100032,FD_200032
Northern Europe,GB,Northern Europe,GB,Northern Europe,100032,100032,University Hospital Cambridge,University Hospital,200032,FD University Hospital Cambridge,2024,Diagnostic Angiography,Introducer Sheaths,TC007,1.0,1,776,0.85,5,0.2,CM_100032,FD_200032
Northern Europe,GB,Northern Europe,GB,Northern Europe,100032,100032,University Hospital Cambridge,University Hospital,200032,FD University Hospital Cambridge,2024,Diagnostic Angiography,Hemostasis Valves,TC008,1.0,1,776,0.7,5,0.2,CM_100032,FD_200032
Northern Europe,GB,Northern Europe,GB,Northern Europe,100032,100032,University Hospital Cambridge,University Hospital,200032,FD University Hospital Cambridge,2024,Diagnostic Angiography,Radial Access Kits,TC010,1.0,1,776,0.5,5,0.2,CM_100032,FD_200032
Northern Europe,GB,Northern Europe,GB,Northern Europe,100033,100033,Queen Elizabeth Edinburgh,Private Clinic,200033,FD Queen Elizabeth Edinburgh,2024,Electrophysiology,Diagnostic Catheters,TC005,3.0,1,412,0.8,2,0.5,CM_100033,FD_200033
Northern Europe,GB,Northern Europe,GB,Northern Europe,100033,100033,Queen Elizabeth Edinburgh,Private Clinic,200033,FD Queen Elizabeth Edinburgh,2024,Electrophysiology,Introducer Sheaths,TC007,1.0,1,412,0.75,2,0.5,CM_100033,FD_200033
Northern Europe,GB,Northern Europe,GB,Northern Europe,100033,100033,Queen Elizabeth Edinburgh,Private Clinic,200033,FD Queen Elizabeth Edinburgh,2024,Structural Heart,Introducer Sheaths,TC007,2.0,1,229,0.85,2,0.5,CM_100033,FD_200033
Northern Europe,GB,Northern Europe,GB,Northern Europe,100033,100033,Queen Elizabeth Edinburgh,Private Clinic,200033,FD Queen Elizabeth Edinburgh,2024,Structural Heart,Guide Wires,TC002,1.0,1,229,0.7,2,0.5,CM_100033,FD_200033
Northern Europe,GB,Northern Europe,GB,Northern Europe,100033,100033,Queen Elizabeth Edinburgh,Private Clinic,200033,FD Queen Elizabeth Edinburgh,2024,Neurovascular Intervention,Microcatheters,TC006,2.0,1,412,0.95,2,0.5,CM_100033,FD_200033
Northern Europe,GB,Northern Europe,GB,Northern Europe,100033,100033,Queen Elizabeth Edinburgh,Private Clinic,200033,FD Queen Elizabeth Edinburgh,2024,Neurovascular Intervention,Guide Wires,TC002,2.0,1,412,0.9,2,0.5,CM_100033,FD_200033
Northern Europe,GB,Northern Europe,GB,Northern Europe,100033,100033,Queen Elizabeth Edinburgh,Private Clinic,200033,FD Queen Elizabeth Edinburgh,2024,Peripheral Intervention,Guide Wires,TC002,2.5,1,546,0.9,3,0.3333,CM_100033,FD_200033
Northern Europe,GB,Northern Europe,GB,Northern Europe,100033,100033,Queen Elizabeth Edinburgh,Private Clinic,200033,FD Queen Elizabeth Edinburgh,2024,Peripheral Intervention,Introducer Sheaths,TC007,1.5,1,546,0.8,3,0.3333,CM_100033,FD_200033
Northern Europe,GB,Northern Europe,GB,Northern Europe,100033,100033,Queen Elizabeth Edinburgh,Private Clinic,200033,FD Queen Elizabeth Edinburgh,2024,Peripheral Intervention,PTCA Balloon Catheters,TC003,1.0,1,546,0.6,3,0.3333,CM_100033,FD_200033
Northern Europe,GB,Northern Europe,GB,Northern Europe,100033,100033,Queen Elizabeth Edinburgh,Private Clinic,200033,FD Queen Elizabeth Edinburgh,2024,Diagnostic Angiography,Diagnostic Catheters,TC005,2.0,1,234,0.95,5,0.2,CM_100033,FD_200033
Northern Europe,GB,Northern Europe,GB,Northern Europe,100033,100033,Queen Elizabeth Edinburgh,Private Clinic,200033,FD Queen Elizabeth Edinburgh,2024,Diagnostic Angiography,Guide Wires,TC002,1.5,1,234,0.9,5,0.2,CM_100033,FD_200033
Northern Europe,GB,Northern Europe,GB,Northern Europe,100033,100033,Queen Elizabeth Edinburgh,Private Clinic,200033,FD Queen Elizabeth Edinburgh,2024,Diagnostic Angiography,Introducer Sheaths,TC007,1.0,1,234,0.85,5,0.2,CM_100033,FD_200033
Northern Europe,GB,Northern Europe,GB,Northern Europe,100033,100033,Queen Elizabeth Edinburgh,Private Clinic,200033,FD Queen Elizabeth Edinburgh,2024,Diagnostic Angiography,Hemostasis Valves,TC008,1.0,1,234,0.7,5,0.2,CM_100033,FD_200033
Northern Europe,GB,Northern Europe,GB,Northern Europe,100033,100033,Queen Elizabeth Edinburgh,Private Clinic,200033,FD Queen Elizabeth Edinburgh,2024,Diagnostic Angiography,Radial Access Kits,TC010,1.0,1,234,0.5,5,0.2,CM_100033,FD_200033
Northern Europe,GB,Northern Europe,GB,Northern Europe,100033,100033,Queen Elizabeth Edinburgh,Private Clinic,200033,FD Queen Elizabeth Edinburgh,2024,PCI - Complex,Guiding Catheters,TC001,1.5,1,202,0.98,5,0.2,CM_100033,FD_200033
Northern Europe,GB,Northern Europe,GB,Northern Europe,100033,100033,Queen Elizabeth Edinburgh,Private Clinic,200033,FD Queen Elizabeth Edinburgh,2024,PCI - Complex,Guide Wires,TC002,3.0,1,202,0.99,5,0.2,CM_100033,FD_200033
Northern Europe,GB,Northern Europe,GB,Northern Europe,100033,100033,Queen Elizabeth Edinburgh,Private Clinic,200033,FD Queen Elizabeth Edinburgh,2024,PCI - Complex,PTCA Balloon Catheters,TC003,2.0,1,202,0.9,5,0.2,CM_100033,FD_200033
Northern Europe,GB,Northern Europe,GB,Northern Europe,100033,100033,Queen Elizabeth Edinburgh,Private Clinic,200033,FD Queen Elizabeth Edinburgh,2024,PCI - Complex,Drug-Eluting Stents,TC004,2.0,1,202,0.8,5,0.2,CM_100033,FD_200033
Northern Europe,GB,Northern Europe,GB,Northern Europe,100033,100033,Queen Elizabeth Edinburgh,Private Clinic,200033,FD Queen Elizabeth Edinburgh,2024,PCI - Complex,Microcatheters,TC006,1.0,1,202,0.65,5,0.2,CM_100033,FD_200033
Northern Europe,GB,Northern Europe,GB,Northern Europe,100033,100033,Queen Elizabeth Edinburgh,Private Clinic,200033,FD Queen Elizabeth Edinburgh,2024,PCI - Coronary,Guiding Catheters,TC001,1.2,1,186,0.95,7,0.1429,CM_100033,FD_200033
Northern Europe,GB,Northern Europe,GB,Northern Europe,100033,100033,Queen Elizabeth Edinburgh,Private Clinic,200033,FD Queen Elizabeth Edinburgh,2024,PCI - Coronary,Guide Wires,TC002,2.0,1,186,0.98,7,0.1429,CM_100033,FD_200033
Northern Europe,GB,Northern Europe,GB,Northern Europe,100033,100033,Queen Elizabeth Edinburgh,Private Clinic,200033,FD Queen Elizabeth Edinburgh,2024,PCI - Coronary,PTCA Balloon Catheters,TC003,1.5,1,186,0.85,7,0.1429,CM_100033,FD_200033
Northern Europe,GB,Northern Europe,GB,Northern Europe,100033,100033,Queen Elizabeth Edinburgh,Private Clinic,200033,FD Queen Elizabeth Edinburgh,2024,PCI - Coronary,Drug-Eluting Stents,TC004,1.3,1,186,0.7,7,0.1429,CM_100033,FD_200033
Northern Europe,GB,Northern Europe,GB,Northern Europe,100033,100033,Queen Elizabeth Edinburgh,Private Clinic,200033,FD Queen Elizabeth Edinburgh,2024,PCI - Coronary,Inflation Devices,TC009,1.0,1,186,0.9,7,0.1429,CM_100033,FD_200033
Northern Europe,GB,Northern Europe,GB,Northern Europe,100033,100033,Queen Elizabeth Edinburgh,Private Clinic,200033,FD Queen Elizabeth Edinburgh,2024,PCI - Coronary,Hemostasis Valves,TC008,1.0,1,186,0.8,7,0.1429,CM_100033,FD_200033
Northern Europe,GB,Northern Europe,GB,Northern Europe,100033,100033,Queen Elizabeth Edinburgh,Private Clinic,200033,FD Queen Elizabeth Edinburgh,2024,PCI - Coronary,Radial Access Kits,TC010,1.0,1,186,0.6,7,0.1429,CM_100033,FD_200033
Northern Europe,GB,Northern Europe,GB,Northern Europe,100034,100034,King's College Glasgow,Private Clinic,200034,FD King's College Glasgow,2024,Peripheral Intervention,Guide Wires,TC002,2.5,1,388,0.9,3,0.3333,CM_100034,FD_200034
Northern Europe,GB,Northern Europe,GB,Northern Europe,100034,100034,King's College Glasgow,Private Clinic,200034,FD King's College Glasgow,2024,Peripheral Intervention,Introducer Sheaths,TC007,1.5,1,388,0.8,3,0.3333,CM_100034,FD_200034
Northern Europe,GB,Northern Europe,GB,Northern Europe,100034,100034,King's College Glasgow,Private Clinic,200034,FD King's College Glasgow,2024,Peripheral Intervention,PTCA Balloon Catheters,TC003,1.0,1,388,0.6,3,0.3333,CM_100034,FD_200034
Northern Europe,GB,Northern Europe,GB,Northern Europe,100034,100034,King's College Glasgow,Private Clinic,200034,FD King's College Glasgow,2024,PCI - Coronary,Guiding Catheters,TC001,1.2,1,237,0.95,7,0.1429,CM_100034,FD_200034
Northern Europe,GB,Northern Europe,GB,Northern Europe,100034,100034,King's College Glasgow,Private Clinic,200034,FD King's College Glasgow,2024,PCI - Coronary,Guide Wires,TC002,2.0,1,237,0.98,7,0.1429,CM_100034,FD_200034
Northern Europe,GB,Northern Europe,GB,Northern Europe,100034,100034,King's College Glasgow,Private Clinic,200034,FD King's College Glasgow,2024,PCI - Coronary,PTCA Balloon Catheters,TC003,1.5,1,237,0.85,7,0.1429,CM_100034,FD_200034
Northern Europe,GB,Northern Europe,GB,Northern Europe,100034,100034,King's College Glasgow,Private Clinic,200034,FD King's College Glasgow,2024,PCI - Coronary,Drug-Eluting Stents,TC004,1.3,1,237,0.7,7,0.1429,CM_100034,FD_200034
Northern Europe,GB,Northern Europe,GB,Northern Europe,100034,100034,King's College Glasgow,Private Clinic,200034,FD King's College Glasgow,2024,PCI - Coronary,Inflation Devices,TC009,1.0,1,237,0.9,7,0.1429,CM_100034,FD_200034
Northern Europe,GB,Northern Europe,GB,Northern Europe,100034,100034,King's College Glasgow,Private Clinic,200034,FD King's College Glasgow,2024,PCI - Coronary,Hemostasis Valves,TC008,1.0,1,237,0.8,7,0.1429,CM_100034,FD_200034
Northern Europe,GB,Northern Europe,GB,Northern Europe,100034,100034,King's College Glasgow,Private Clinic,200034,FD King's College Glasgow,2024,PCI - Coronary,Radial Access Kits,TC010,1.0,1,237,0.6,7,0.1429,CM_100034,FD_200034
Northern Europe,GB,Northern Europe,GB,Northern Europe,100034,100034,King's College Glasgow,Private Clinic,200034,FD King's College Glasgow,2024,Diagnostic Angiography,Diagnostic Catheters,TC005,2.0,1,724,0.95,5,0.2,CM_100034,FD_200034
Northern Europe,GB,Northern Europe,GB,Northern Europe,100034,100034,King's College Glasgow,Private Clinic,200034,FD King's College Glasgow,2024,Diagnostic Angiography,Guide Wires,TC002,1.5,1,724,0.9,5,0.2,CM_100034,FD_200034
Northern Europe,GB,Northern Europe,GB,Northern Europe,100034,100034,King's College Glasgow,Private Clinic,200034,FD King's College Glasgow,2024,Diagnostic Angiography,Introducer Sheaths,TC007,1.0,1,724,0.85,5,0.2,CM_100034,FD_200034
Northern Europe,GB,Northern Europe,GB,Northern Europe,100034,100034,King's College Glasgow,Private Clinic,200034,FD King's College Glasgow,2024,Diagnostic Angiography,Hemostasis Valves,TC008,1.0,1,724,0.7,5,0.2,CM_100034,FD_200034
Northern Europe,GB,Northern Europe,GB,Northern Europe,100034,100034,King's College Glasgow,Private Clinic,200034,FD King's College Glasgow,2024,Diagnostic Angiography,Radial Access Kits,TC010,1.0,1,724,0.5,5,0.2,CM_100034,FD_200034
Northern Europe,GB,Northern Europe,GB,Northern Europe,100034,100034,King's College Glasgow,Private Clinic,200034,FD King's College Glasgow,2024,PCI - Complex,Guiding Catheters,TC001,1.5,1,504,0.98,5,0.2,CM_100034,FD_200034
Northern Europe,GB,Northern Europe,GB,Northern Europe,100034,100034,King's College Glasgow,Private Clinic,200034,FD King's College Glasgow,2024,PCI - Complex,Guide Wires,TC002,3.0,1,504,0.99,5,0.2,CM_100034,FD_200034
Northern Europe,GB,Northern Europe,GB,Northern Europe,100034,100034,King's College Glasgow,Private Clinic,200034,FD King's College Glasgow,2024,PCI - Complex,PTCA Balloon Catheters,TC003,2.0,1,504,0.9,5,0.2,CM_100034,FD_200034
Northern Europe,GB,Northern Europe,GB,Northern Europe,100034,100034,King's College Glasgow,Private Clinic,200034,FD King's College Glasgow,2024,PCI - Complex,Drug-Eluting Stents,TC004,2.0,1,504,0.8,5,0.2,CM_100034,FD_200034
Northern Europe,GB,Northern Europe,GB,Northern Europe,100034,100034,King's College Glasgow,Private Clinic,200034,FD King's College Glasgow,2024,PCI - Complex,Microcatheters,TC006,1.0,1,504,0.65,5,0.2,CM_100034,FD_200034
Northern Europe,GB,Northern Europe,GB,Northern Europe,100034,100034,King's College Glasgow,Private Clinic,200034,FD King's College Glasgow,2024,Electrophysiology,Diagnostic Catheters,TC005,3.0,1,466,0.8,2,0.5,CM_100034,FD_200034
Northern Europe,GB,Northern Europe,GB,Northern Europe,100034,100034,King's College Glasgow,Private Clinic,200034,FD King's College Glasgow,2024,Electrophysiology,Introducer Sheaths,TC007,1.0,1,466,0.75,2,0.5,CM_100034,FD_200034
Northern Europe,GB,Northern Europe,GB,Northern Europe,100035,100035,Royal Cardiff,Private Clinic,200035,FD Royal Cardiff,2024,Structural Heart,Introducer Sheaths,TC007,2.0,1,328,0.85,2,0.5,CM_100035,FD_200035
Northern Europe,GB,Northern Europe,GB,Northern Europe,100035,100035,Royal Cardiff,Private Clinic,200035,FD Royal Cardiff,2024,Structural Heart,Guide Wires,TC002,1.0,1,328,0.7,2,0.5,CM_100035,FD_200035
Northern Europe,GB,Northern Europe,GB,Northern Europe,100035,100035,Royal Cardiff,Private Clinic,200035,FD Royal Cardiff,2024,PCI - Complex,Guiding Catheters,TC001,1.5,1,584,0.98,5,0.2,CM_100035,FD_200035
Northern Europe,GB,Northern Europe,GB,Northern Europe,100035,100035,Royal Cardiff,Private Clinic,200035,FD Royal Cardiff,2024,PCI - Complex,Guide Wires,TC002,3.0,1,584,0.99,5,0.2,CM_100035,FD_200035
Northern Europe,GB,Northern Europe,GB,Northern Europe,100035,100035,Royal Cardiff,Private Clinic,200035,FD Royal Cardiff,2024,PCI - Complex,PTCA Balloon Catheters,TC003,2.0,1,584,0.9,5,0.2,CM_100035,FD_200035
Northern Europe,GB,Northern Europe,GB,Northern Europe,100035,100035,Royal Cardiff,Private Clinic,200035,FD Royal Cardiff,2024,PCI - Complex,Drug-Eluting Stents,TC004,2.0,1,584,0.8,5,0.2,CM_100035,FD_200035
Northern Europe,GB,Northern Europe,GB,Northern Europe,100035,100035,Royal Cardiff,Private Clinic,200035,FD Royal Cardiff,2024,PCI - Complex,Microcatheters,TC006,1.0,1,584,0.65,5,0.2,CM_100035,FD_200035
Northern Europe,GB,Northern Europe,GB,Northern Europe,100035,100035,Royal Cardiff,Private Clinic,200035,FD Royal Cardiff,2024,Electrophysiology,Diagnostic Catheters,TC005,3.0,1,713,0.8,2,0.5,CM_100035,FD_200035
Northern Europe,GB,Northern Europe,GB,Northern Europe,100035,100035,Royal Cardiff,Private Clinic,200035,FD Royal Cardiff,2024,Electrophysiology,Introducer Sheaths,TC007,1.0,1,713,0.75,2,0.5,CM_100035,FD_200035
Northern Europe,GB,Northern Europe,GB,Northern Europe,100035,100035,Royal Cardiff,Private Clinic,200035,FD Royal Cardiff,2024,PCI - Coronary,Guiding Catheters,TC001,1.2,1,541,0.95,7,0.1429,CM_100035,FD_200035
Northern Europe,GB,Northern Europe,GB,Northern Europe,100035,100035,Royal Cardiff,Private Clinic,200035,FD Royal Cardiff,2024,PCI - Coronary,Guide Wires,TC002,2.0,1,541,0.98,7,0.1429,CM_100035,FD_200035
Northern Europe,GB,Northern Europe,GB,Northern Europe,100035,100035,Royal Cardiff,Private Clinic,200035,FD Royal Cardiff,2024,PCI - Coronary,PTCA Balloon Catheters,TC003,1.5,1,541,0.85,7,0.1429,CM_100035,FD_200035
Northern Europe,GB,Northern Europe,GB,Northern Europe,100035,100035,Royal Cardiff,Private Clinic,200035,FD Royal Cardiff,2024,PCI - Coronary,Drug-Eluting Stents,TC004,1.3,1,541,0.7,7,0.1429,CM_100035,FD_200035
Northern Europe,GB,Northern Europe,GB,Northern Europe,100035,100035,Royal Cardiff,Private Clinic,200035,FD Royal Cardiff,2024,PCI - Coronary,Inflation Devices,TC009,1.0,1,541,0.9,7,0.1429,CM_100035,FD_200035
Northern Europe,GB,Northern Europe,GB,Northern Europe,100035,100035,Royal Cardiff,Private Clinic,200035,FD Royal Cardiff,2024,PCI - Coronary,Hemostasis Valves,TC008,1.0,1,541,0.8,7,0.1429,CM_100035,FD_200035
Northern Europe,GB,Northern Europe,GB,Northern Europe,100035,100035,Royal Cardiff,Private Clinic,200035,FD Royal Cardiff,2024,PCI - Coronary,Radial Access Kits,TC010,1.0,1,541,0.6,7,0.1429,CM_100035,FD_200035
Northern Europe,GB,Northern Europe,GB,Northern Europe,100035,100035,Royal Cardiff,Private Clinic,200035,FD Royal Cardiff,2024,Neurovascular Intervention,Microcatheters,TC006,2.0,1,198,0.95,2,0.5,CM_100035,FD_200035
Northern Europe,GB,Northern Europe,GB,Northern Europe,100035,100035,Royal Cardiff,Private Clinic,200035,FD Royal Cardiff,2024,Neurovascular Intervention,Guide Wires,TC002,2.0,1,198,0.9,2,0.5,CM_100035,FD_200035
Northern Europe,GB,Northern Europe,GB,Northern Europe,100035,100035,Royal Cardiff,Private Clinic,200035,FD Royal Cardiff,2024,Diagnostic Angiography,Diagnostic Catheters,TC005,2.0,1,604,0.95,5,0.2,CM_100035,FD_200035
Northern Europe,GB,Northern Europe,GB,Northern Europe,100035,100035,Royal Cardiff,Private Clinic,200035,FD Royal Cardiff,2024,Diagnostic Angiography,Guide Wires,TC002,1.5,1,604,0.9,5,0.2,CM_100035,FD_200035
Northern Europe,GB,Northern Europe,GB,Northern Europe,100035,100035,Royal Cardiff,Private Clinic,200035,FD Royal Cardiff,2024,Diagnostic Angiography,Introducer Sheaths,TC007,1.0,1,604,0.85,5,0.2,CM_100035,FD_200035
Northern Europe,GB,Northern Europe,GB,Northern Europe,100035,100035,Royal Cardiff,Private Clinic,200035,FD Royal Cardiff,2024,Diagnostic Angiography,Hemostasis Valves,TC008,1.0,1,604,0.7,5,0.2,CM_100035,FD_200035
Northern Europe,GB,Northern Europe,GB,Northern Europe,100035,100035,Royal Cardiff,Private Clinic,200035,FD Royal Cardiff,2024,Diagnostic Angiography,Radial Access Kits,TC010,1.0,1,604,0.5,5,0.2,CM_100035,FD_200035
Northern Europe,GB,Northern Europe,GB,Northern Europe,100036,100036,St. Thomas' Brighton,University Hospital,200036,FD St. Thomas' Brighton,2024,Electrophysiology,Diagnostic Catheters,TC005,3.0,1,22,0.8,2,0.5,CM_100036,FD_200036
Northern Europe,GB,Northern Europe,GB,Northern Europe,100036,100036,St. Thomas' Brighton,University Hospital,200036,FD St. Thomas' Brighton,2024,Electrophysiology,Introducer Sheaths,TC007,1.0,1,22,0.75,2,0.5,CM_100036,FD_200036
Northern Europe,GB,Northern Europe,GB,Northern Europe,100036,100036,St. Thomas' Brighton,University Hospital,200036,FD St. Thomas' Brighton,2024,Neurovascular Intervention,Microcatheters,TC006,2.0,1,477,0.95,2,0.5,CM_100036,FD_200036
Northern Europe,GB,Northern Europe,GB,Northern Europe,100036,100036,St. Thomas' Brighton,University Hospital,200036,FD St. Thomas' Brighton,2024,Neurovascular Intervention,Guide Wires,TC002,2.0,1,477,0.9,2,0.5,CM_100036,FD_200036
Northern Europe,GB,Northern Europe,GB,Northern Europe,100036,100036,St. Thomas' Brighton,University Hospital,200036,FD St. Thomas' Brighton,2024,Peripheral Intervention,Guide Wires,TC002,2.5,1,369,0.9,3,0.3333,CM_100036,FD_200036
Northern Europe,GB,Northern Europe,GB,Northern Europe,100036,100036,St. Thomas' Brighton,University Hospital,200036,FD St. Thomas' Brighton,2024,Peripheral Intervention,Introducer Sheaths,TC007,1.5,1,369,0.8,3,0.3333,CM_100036,FD_200036
Northern Europe,GB,Northern Europe,GB,Northern Europe,100036,100036,St. Thomas' Brighton,University Hospital,200036,FD St. Thomas' Brighton,2024,Peripheral Intervention,PTCA Balloon Catheters,TC003,1.0,1,369,0.6,3,0.3333,CM_100036,FD_200036
Southern Europe,IT,Southern Europe,IT,Southern Europe,100037,100037,Ospedale Milan,Heart Center,200037,FD Ospedale Milan,2024,Neurovascular Intervention,Microcatheters,TC006,2.0,1,537,0.95,2,0.5,CM_100037,FD_200037
Southern Europe,IT,Southern Europe,IT,Southern Europe,100037,100037,Ospedale Milan,Heart Center,200037,FD Ospedale Milan,2024,Neurovascular Intervention,Guide Wires,TC002,2.0,1,537,0.9,2,0.5,CM_100037,FD_200037
Southern Europe,IT,Southern Europe,IT,Southern Europe,100037,100037,Ospedale Milan,Heart Center,200037,FD Ospedale Milan,2024,Structural Heart,Introducer Sheaths,TC007,2.0,1,364,0.85,2,0.5,CM_100037,FD_200037
Southern Europe,IT,Southern Europe,IT,Southern Europe,100037,100037,Ospedale Milan,Heart Center,200037,FD Ospedale Milan,2024,Structural Heart,Guide Wires,TC002,1.0,1,364,0.7,2,0.5,CM_100037,FD_200037
Southern Europe,IT,Southern Europe,IT,Southern Europe,100037,100037,Ospedale Milan,Heart Center,200037,FD Ospedale Milan,2024,Electrophysiology,Diagnostic Catheters,TC005,3.0,1,568,0.8,2,0.5,CM_100037,FD_200037
Southern Europe,IT,Southern Europe,IT,Southern Europe,100037,100037,Ospedale Milan,Heart Center,200037,FD Ospedale Milan,2024,Electrophysiology,Introducer Sheaths,TC007,1.0,1,568,0.75,2,0.5,CM_100037,FD_200037
Southern Europe,IT,Southern Europe,IT,Southern Europe,100037,100037,Ospedale Milan,Heart Center,200037,FD Ospedale Milan,2024,PCI - Complex,Guiding Catheters,TC001,1.5,1,212,0.98,5,0.2,CM_100037,FD_200037
Southern Europe,IT,Southern Europe,IT,Southern Europe,100037,100037,Ospedale Milan,Heart Center,200037,FD Ospedale Milan,2024,PCI - Complex,Guide Wires,TC002,3.0,1,212,0.99,5,0.2,CM_100037,FD_200037
Southern Europe,IT,Southern Europe,IT,Southern Europe,100037,100037,Ospedale Milan,Heart Center,200037,FD Ospedale Milan,2024,PCI - Complex,PTCA Balloon Catheters,TC003,2.0,1,212,0.9,5,0.2,CM_100037,FD_200037
Southern Europe,IT,Southern Europe,IT,Southern Europe,100037,100037,Ospedale Milan,Heart Center,200037,FD Ospedale Milan,2024,PCI - Complex,Drug-Eluting Stents,TC004,2.0,1,212,0.8,5,0.2,CM_100037,FD_200037
Southern Europe,IT,Southern Europe,IT,Southern Europe,100037,100037,Ospedale Milan,Heart Center,200037,FD Ospedale Milan,2024,PCI - Complex,Microcatheters,TC006,1.0,1,212,0.65,5,0.2,CM_100037,FD_200037
Southern Europe,IT,Southern Europe,IT,Southern Europe,100037,100037,Ospedale Milan,Heart Center,200037,FD Ospedale Milan,2024,Peripheral Intervention,Guide Wires,TC002,2.5,1,539,0.9,3,0.3333,CM_100037,FD_200037
Southern Europe,IT,Southern Europe,IT,Southern Europe,100037,100037,Ospedale Milan,Heart Center,200037,FD Ospedale Milan,2024,Peripheral Intervention,Introducer Sheaths,TC007,1.5,1,539,0.8,3,0.3333,CM_100037,FD_200037
Southern Europe,IT,Southern Europe,IT,Southern Europe,100037,100037,Ospedale Milan,Heart Center,200037,FD Ospedale Milan,2024,Peripheral Intervention,PTCA Balloon Catheters,TC003,1.0,1,539,0.6,3,0.3333,CM_100037,FD_200037
Southern Europe,IT,Southern Europe,IT,Southern Europe,100037,100037,Ospedale Milan,Heart Center,200037,FD Ospedale Milan,2024,PCI - Coronary,Guiding Catheters,TC001,1.2,1,464,0.95,7,0.1429,CM_100037,FD_200037
Southern Europe,IT,Southern Europe,IT,Southern Europe,100037,100037,Ospedale Milan,Heart Center,200037,FD Ospedale Milan,2024,PCI - Coronary,Guide Wires,TC002,2.0,1,464,0.98,7,0.1429,CM_100037,FD_200037
Southern Europe,IT,Southern Europe,IT,Southern Europe,100037,100037,Ospedale Milan,Heart Center,200037,FD Ospedale Milan,2024,PCI - Coronary,PTCA Balloon Catheters,TC003,1.5,1,464,0.85,7,0.1429,CM_100037,FD_200037
Southern Europe,IT,Southern Europe,IT,Southern Europe,100037,100037,Ospedale Milan,Heart Center,200037,FD Ospedale Milan,2024,PCI - Coronary,Drug-Eluting Stents,TC004,1.3,1,464,0.7,7,0.1429,CM_100037,FD_200037
Southern Europe,IT,Southern Europe,IT,Southern Europe,100037,100037,Ospedale Milan,Heart Center,200037,FD Ospedale Milan,2024,PCI - Coronary,Inflation Devices,TC009,1.0,1,464,0.9,7,0.1429,CM_100037,FD_200037
Southern Europe,IT,Southern Europe,IT,Southern Europe,100037,100037,Ospedale Milan,Heart Center,200037,FD Ospedale Milan,2024,PCI - Coronary,Hemostasis Valves,TC008,1.0,1,464,0.8,7,0.1429,CM_100037,FD_200037
Southern Europe,IT,Southern Europe,IT,Southern Europe,100037,100037,Ospedale Milan,Heart Center,200037,FD Ospedale Milan,2024,PCI - Coronary,Radial Access Kits,TC010,1.0,1,464,0.6,7,0.1429,CM_100037,FD_200037
Southern Europe,IT,Southern Europe,IT,Southern Europe,100038,100038,Policlinico Rome,University Hospital,200038,FD Policlinico Rome,2024,PCI - Complex,Guiding Catheters,TC001,1.5,1,150,0.98,5,0.2,CM_100038,FD_200038
Southern Europe,IT,Southern Europe,IT,Southern Europe,100038,100038,Policlinico Rome,University Hospital,200038,FD Policlinico Rome,2024,PCI - Complex,Guide Wires,TC002,3.0,1,150,0.99,5,0.2,CM_100038,FD_200038
Southern Europe,IT,Southern Europe,IT,Southern Europe,100038,100038,Policlinico Rome,University Hospital,200038,FD Policlinico Rome,2024,PCI - Complex,PTCA Balloon Catheters,TC003,2.0,1,150,0.9,5,0.2,CM_100038,FD_200038
Southern Europe,IT,Southern Europe,IT,Southern Europe,100038,100038,Policlinico Rome,University Hospital,200038,FD Policlinico Rome,2024,PCI - Complex,Drug-Eluting Stents,TC004,2.0,1,150,0.8,5,0.2,CM_100038,FD_200038
Southern Europe,IT,Southern Europe,IT,Southern Europe,100038,100038,Policlinico Rome,University Hospital,200038,FD Policlinico Rome,2024,PCI - Complex,Microcatheters,TC006,1.0,1,150,0.65,5,0.2,CM_100038,FD_200038
Southern Europe,IT,Southern Europe,IT,Southern Europe,100038,100038,Policlinico Rome,University Hospital,200038,FD Policlinico Rome,2024,Neurovascular Intervention,Microcatheters,TC006,2.0,1,532,0.95,2,0.5,CM_100038,FD_200038
Southern Europe,IT,Southern Europe,IT,Southern Europe,100038,100038,Policlinico Rome,University Hospital,200038,FD Policlinico Rome,2024,Neurovascular Intervention,Guide Wires,TC002,2.0,1,532,0.9,2,0.5,CM_100038,FD_200038
Southern Europe,IT,Southern Europe,IT,Southern Europe,100038,100038,Policlinico Rome,University Hospital,200038,FD Policlinico Rome,2024,Structural Heart,Introducer Sheaths,TC007,2.0,1,473,0.85,2,0.5,CM_100038,FD_200038
Southern Europe,IT,Southern Europe,IT,Southern Europe,100038,100038,Policlinico Rome,University Hospital,200038,FD Policlinico Rome,2024,Structural Heart,Guide Wires,TC002,1.0,1,473,0.7,2,0.5,CM_100038,FD_200038
Southern Europe,IT,Southern Europe,IT,Southern Europe,100038,100038,Policlinico Rome,University Hospital,200038,FD Policlinico Rome,2024,PCI - Coronary,Guiding Catheters,TC001,1.2,1,456,0.95,7,0.1429,CM_100038,FD_200038
Southern Europe,IT,Southern Europe,IT,Southern Europe,100038,100038,Policlinico Rome,University Hospital,200038,FD Policlinico Rome,2024,PCI - Coronary,Guide Wires,TC002,2.0,1,456,0.98,7,0.1429,CM_100038,FD_200038
Southern Europe,IT,Southern Europe,IT,Southern Europe,100038,100038,Policlinico Rome,University Hospital,200038,FD Policlinico Rome,2024,PCI - Coronary,PTCA Balloon Catheters,TC003,1.5,1,456,0.85,7,0.1429,CM_100038,FD_200038
Southern Europe,IT,Southern Europe,IT,Southern Europe,100038,100038,Policlinico Rome,University Hospital,200038,FD Policlinico Rome,2024,PCI - Coronary,Drug-Eluting Stents,TC004,1.3,1,456,0.7,7,0.1429,CM_100038,FD_200038
Southern Europe,IT,Southern Europe,IT,Southern Europe,100038,100038,Policlinico Rome,University Hospital,200038,FD Policlinico Rome,2024,PCI - Coronary,Inflation Devices,TC009,1.0,1,456,0.9,7,0.1429,CM_100038,FD_200038
Southern Europe,IT,Southern Europe,IT,Southern Europe,100038,100038,Policlinico Rome,University Hospital,200038,FD Policlinico Rome,2024,PCI - Coronary,Hemostasis Valves,TC008,1.0,1,456,0.8,7,0.1429,CM_100038,FD_200038
Southern Europe,IT,Southern Europe,IT,Southern Europe,100038,100038,Policlinico Rome,University Hospital,200038,FD Policlinico Rome,2024,PCI - Coronary,Radial Access Kits,TC010,1.0,1,456,0.6,7,0.1429,CM_100038,FD_200038
Southern Europe,IT,Southern Europe,IT,Southern Europe,100038,100038,Policlinico Rome,University Hospital,200038,FD Policlinico Rome,2024,Electrophysiology,Diagnostic Catheters,TC005,3.0,1,316,0.8,2,0.5,CM_100038,FD_200038
Southern Europe,IT,Southern Europe,IT,Southern Europe,100038,100038,Policlinico Rome,University Hospital,200038,FD Policlinico Rome,2024,Electrophysiology,Introducer Sheaths,TC007,1.0,1,316,0.75,2,0.5,CM_100038,FD_200038
Southern Europe,IT,Southern Europe,IT,Southern Europe,100038,100038,Policlinico Rome,University Hospital,200038,FD Policlinico Rome,2024,Peripheral Intervention,Guide Wires,TC002,2.5,1,381,0.9,3,0.3333,CM_100038,FD_200038
Southern Europe,IT,Southern Europe,IT,Southern Europe,100038,100038,Policlinico Rome,University Hospital,200038,FD Policlinico Rome,2024,Peripheral Intervention,Introducer Sheaths,TC007,1.5,1,381,0.8,3,0.3333,CM_100038,FD_200038
Southern Europe,IT,Southern Europe,IT,Southern Europe,100038,100038,Policlinico Rome,University Hospital,200038,FD Policlinico Rome,2024,Peripheral Intervention,PTCA Balloon Catheters,TC003,1.0,1,381,0.6,3,0.3333,CM_100038,FD_200038
Southern Europe,IT,Southern Europe,IT,Southern Europe,100039,100039,Centro Cardiologico Naples,University Hospital,200039,FD Centro Cardiologico Naples,2024,Diagnostic Angiography,Diagnostic Catheters,TC005,2.0,1,1321,0.95,5,0.2,CM_100039,FD_200039
Southern Europe,IT,Southern Europe,IT,Southern Europe,100039,100039,Centro Cardiologico Naples,University Hospital,200039,FD Centro Cardiologico Naples,2024,Diagnostic Angiography,Guide Wires,TC002,1.5,1,1321,0.9,5,0.2,CM_100039,FD_200039
Southern Europe,IT,Southern Europe,IT,Southern Europe,100039,100039,Centro Cardiologico Naples,University Hospital,200039,FD Centro Cardiologico Naples,2024,Diagnostic Angiography,Introducer Sheaths,TC007,1.0,1,1321,0.85,5,0.2,CM_100039,FD_200039
Southern Europe,IT,Southern Europe,IT,Southern Europe,100039,100039,Centro Cardiologico Naples,University Hospital,200039,FD Centro Cardiologico Naples,2024,Diagnostic Angiography,Hemostasis Valves,TC008,1.0,1,1321,0.7,5,0.2,CM_100039,FD_200039
Southern Europe,IT,Southern Europe,IT,Southern Europe,100039,100039,Centro Cardiologico Naples,University Hospital,200039,FD Centro Cardiologico Naples,2024,Diagnostic Angiography,Radial Access Kits,TC010,1.0,1,1321,0.5,5,0.2,CM_100039,FD_200039
Southern Europe,IT,Southern Europe,IT,Southern Europe,100039,100039,Centro Cardiologico Naples,University Hospital,200039,FD Centro Cardiologico Naples,2024,Electrophysiology,Diagnostic Catheters,TC005,3.0,1,1198,0.8,2,0.5,CM_100039,FD_200039
Southern Europe,IT,Southern Europe,IT,Southern Europe,100039,100039,Centro Cardiologico Naples,University Hospital,200039,FD Centro Cardiologico Naples,2024,Electrophysiology,Introducer Sheaths,TC007,1.0,1,1198,0.75,2,0.5,CM_100039,FD_200039
Southern Europe,IT,Southern Europe,IT,Southern Europe,100039,100039,Centro Cardiologico Naples,University Hospital,200039,FD Centro Cardiologico Naples,2024,Peripheral Intervention,Guide Wires,TC002,2.5,1,596,0.9,3,0.3333,CM_100039,FD_200039
Southern Europe,IT,Southern Europe,IT,Southern Europe,100039,100039,Centro Cardiologico Naples,University Hospital,200039,FD Centro Cardiologico Naples,2024,Peripheral Intervention,Introducer Sheaths,TC007,1.5,1,596,0.8,3,0.3333,CM_100039,FD_200039
Southern Europe,IT,Southern Europe,IT,Southern Europe,100039,100039,Centro Cardiologico Naples,University Hospital,200039,FD Centro Cardiologico Naples,2024,Peripheral Intervention,PTCA Balloon Catheters,TC003,1.0,1,596,0.6,3,0.3333,CM_100039,FD_200039
Southern Europe,IT,Southern Europe,IT,Southern Europe,100039,100039,Centro Cardiologico Naples,University Hospital,200039,FD Centro Cardiologico Naples,2024,Structural Heart,Introducer Sheaths,TC007,2.0,1,974,0.85,2,0.5,CM_100039,FD_200039
Southern Europe,IT,Southern Europe,IT,Southern Europe,100039,100039,Centro Cardiologico Naples,University Hospital,200039,FD Centro Cardiologico Naples,2024,Structural Heart,Guide Wires,TC002,1.0,1,974,0.7,2,0.5,CM_100039,FD_200039
Southern Europe,IT,Southern Europe,IT,Southern Europe,100039,100039,Centro Cardiologico Naples,University Hospital,200039,FD Centro Cardiologico Naples,2024,PCI - Complex,Guiding Catheters,TC001,1.5,1,847,0.98,5,0.2,CM_100039,FD_200039
Southern Europe,IT,Southern Europe,IT,Southern Europe,100039,100039,Centro Cardiologico Naples,University Hospital,200039,FD Centro Cardiologico Naples,2024,PCI - Complex,Guide Wires,TC002,3.0,1,847,0.99,5,0.2,CM_100039,FD_200039
Southern Europe,IT,Southern Europe,IT,Southern Europe,100039,100039,Centro Cardiologico Naples,University Hospital,200039,FD Centro Cardiologico Naples,2024,PCI - Complex,PTCA Balloon Catheters,TC003,2.0,1,847,0.9,5,0.2,CM_100039,FD_200039
Southern Europe,IT,Southern Europe,IT,Southern Europe,100039,100039,Centro Cardiologico Naples,University Hospital,200039,FD Centro Cardiologico Naples,2024,PCI - Complex,Drug-Eluting Stents,TC004,2.0,1,847,0.8,5,0.2,CM_100039,FD_200039
Southern Europe,IT,Southern Europe,IT,Southern Europe,100039,100039,Centro Cardiologico Naples,University Hospital,200039,FD Centro Cardiologico Naples,2024,PCI - Complex,Microcatheters,TC006,1.0,1,847,0.65,5,0.2,CM_100039,FD_200039
Southern Europe,IT,Southern Europe,IT,Southern Europe,100039,100039,Centro Cardiologico Naples,University Hospital,200039,FD Centro Cardiologico Naples,2024,Neurovascular Intervention,Microcatheters,TC006,2.0,1,1240,0.95,2,0.5,CM_100039,FD_200039
Southern Europe,IT,Southern Europe,IT,Southern Europe,100039,100039,Centro Cardiologico Naples,University Hospital,200039,FD Centro Cardiologico Naples,2024,Neurovascular Intervention,Guide Wires,TC002,2.0,1,1240,0.9,2,0.5,CM_100039,FD_200039
Southern Europe,IT,Southern Europe,IT,Southern Europe,100040,100040,Istituto Clinico Turin,University Hospital,200040,FD Istituto Clinico Turin,2024,Electrophysiology,Diagnostic Catheters,TC005,3.0,1,356,0.8,2,0.5,CM_100040,FD_200040
Southern Europe,IT,Southern Europe,IT,Southern Europe,100040,100040,Istituto Clinico Turin,University Hospital,200040,FD Istituto Clinico Turin,2024,Electrophysiology,Introducer Sheaths,TC007,1.0,1,356,0.75,2,0.5,CM_100040,FD_200040
Southern Europe,IT,Southern Europe,IT,Southern Europe,100040,100040,Istituto Clinico Turin,University Hospital,200040,FD Istituto Clinico Turin,2024,Structural Heart,Introducer Sheaths,TC007,2.0,1,400,0.85,2,0.5,CM_100040,FD_200040
Southern Europe,IT,Southern Europe,IT,Southern Europe,100040,100040,Istituto Clinico Turin,University Hospital,200040,FD Istituto Clinico Turin,2024,Structural Heart,Guide Wires,TC002,1.0,1,400,0.7,2,0.5,CM_100040,FD_200040
Southern Europe,IT,Southern Europe,IT,Southern Europe,100040,100040,Istituto Clinico Turin,University Hospital,200040,FD Istituto Clinico Turin,2024,PCI - Coronary,Guiding Catheters,TC001,1.2,1,20,0.95,7,0.1429,CM_100040,FD_200040
Southern Europe,IT,Southern Europe,IT,Southern Europe,100040,100040,Istituto Clinico Turin,University Hospital,200040,FD Istituto Clinico Turin,2024,PCI - Coronary,Guide Wires,TC002,2.0,1,20,0.98,7,0.1429,CM_100040,FD_200040
Southern Europe,IT,Southern Europe,IT,Southern Europe,100040,100040,Istituto Clinico Turin,University Hospital,200040,FD Istituto Clinico Turin,2024,PCI - Coronary,PTCA Balloon Catheters,TC003,1.5,1,20,0.85,7,0.1429,CM_100040,FD_200040
Southern Europe,IT,Southern Europe,IT,Southern Europe,100040,100040,Istituto Clinico Turin,University Hospital,200040,FD Istituto Clinico Turin,2024,PCI - Coronary,Drug-Eluting Stents,TC004,1.3,1,20,0.7,7,0.1429,CM_100040,FD_200040
Southern Europe,IT,Southern Europe,IT,Southern Europe,100040,100040,Istituto Clinico Turin,University Hospital,200040,FD Istituto Clinico Turin,2024,PCI - Coronary,Inflation Devices,TC009,1.0,1,20,0.9,7,0.1429,CM_100040,FD_200040
Southern Europe,IT,Southern Europe,IT,Southern Europe,100040,100040,Istituto Clinico Turin,University Hospital,200040,FD Istituto Clinico Turin,2024,PCI - Coronary,Hemostasis Valves,TC008,1.0,1,20,0.8,7,0.1429,CM_100040,FD_200040
Southern Europe,IT,Southern Europe,IT,Southern Europe,100040,100040,Istituto Clinico Turin,University Hospital,200040,FD Istituto Clinico Turin,2024,PCI - Coronary,Radial Access Kits,TC010,1.0,1,20,0.6,7,0.1429,CM_100040,FD_200040
Southern Europe,IT,Southern Europe,IT,Southern Europe,100041,100041,Fondazione Florence,Private Clinic,200041,FD Fondazione Florence,2024,Electrophysiology,Diagnostic Catheters,TC005,3.0,1,402,0.8,2,0.5,CM_100041,FD_200041
Southern Europe,IT,Southern Europe,IT,Southern Europe,100041,100041,Fondazione Florence,Private Clinic,200041,FD Fondazione Florence,2024,Electrophysiology,Introducer Sheaths,TC007,1.0,1,402,0.75,2,0.5,CM_100041,FD_200041
Southern Europe,IT,Southern Europe,IT,Southern Europe,100041,100041,Fondazione Florence,Private Clinic,200041,FD Fondazione Florence,2024,PCI - Coronary,Guiding Catheters,TC001,1.2,1,566,0.95,7,0.1429,CM_100041,FD_200041
Southern Europe,IT,Southern Europe,IT,Southern Europe,100041,100041,Fondazione Florence,Private Clinic,200041,FD Fondazione Florence,2024,PCI - Coronary,Guide Wires,TC002,2.0,1,566,0.98,7,0.1429,CM_100041,FD_200041
Southern Europe,IT,Southern Europe,IT,Southern Europe,100041,100041,Fondazione Florence,Private Clinic,200041,FD Fondazione Florence,2024,PCI - Coronary,PTCA Balloon Catheters,TC003,1.5,1,566,0.85,7,0.1429,CM_100041,FD_200041
Southern Europe,IT,Southern Europe,IT,Southern Europe,100041,100041,Fondazione Florence,Private Clinic,200041,FD Fondazione Florence,2024,PCI - Coronary,Drug-Eluting Stents,TC004,1.3,1,566,0.7,7,0.1429,CM_100041,FD_200041
Southern Europe,IT,Southern Europe,IT,Southern Europe,100041,100041,Fondazione Florence,Private Clinic,200041,FD Fondazione Florence,2024,PCI - Coronary,Inflation Devices,TC009,1.0,1,566,0.9,7,0.1429,CM_100041,FD_200041
Southern Europe,IT,Southern Europe,IT,Southern Europe,100041,100041,Fondazione Florence,Private Clinic,200041,FD Fondazione Florence,2024,PCI - Coronary,Hemostasis Valves,TC008,1.0,1,566,0.8,7,0.1429,CM_100041,FD_200041
Southern Europe,IT,Southern Europe,IT,Southern Europe,100041,100041,Fondazione Florence,Private Clinic,200041,FD Fondazione Florence,2024,PCI - Coronary,Radial Access Kits,TC010,1.0,1,566,0.6,7,0.1429,CM_100041,FD_200041
Southern Europe,IT,Southern Europe,IT,Southern Europe,100041,100041,Fondazione Florence,Private Clinic,200041,FD Fondazione Florence,2024,Neurovascular Intervention,Microcatheters,TC006,2.0,1,675,0.95,2,0.5,CM_100041,FD_200041
Southern Europe,IT,Southern Europe,IT,Southern Europe,100041,100041,Fondazione Florence,Private Clinic,200041,FD Fondazione Florence,2024,Neurovascular Intervention,Guide Wires,TC002,2.0,1,675,0.9,2,0.5,CM_100041,FD_200041
Southern Europe,IT,Southern Europe,IT,Southern Europe,100041,100041,Fondazione Florence,Private Clinic,200041,FD Fondazione Florence,2024,PCI - Complex,Guiding Catheters,TC001,1.5,1,639,0.98,5,0.2,CM_100041,FD_200041
Southern Europe,IT,Southern Europe,IT,Southern Europe,100041,100041,Fondazione Florence,Private Clinic,200041,FD Fondazione Florence,2024,PCI - Complex,Guide Wires,TC002,3.0,1,639,0.99,5,0.2,CM_100041,FD_200041
Southern Europe,IT,Southern Europe,IT,Southern Europe,100041,100041,Fondazione Florence,Private Clinic,200041,FD Fondazione Florence,2024,PCI - Complex,PTCA Balloon Catheters,TC003,2.0,1,639,0.9,5,0.2,CM_100041,FD_200041
Southern Europe,IT,Southern Europe,IT,Southern Europe,100041,100041,Fondazione Florence,Private Clinic,200041,FD Fondazione Florence,2024,PCI - Complex,Drug-Eluting Stents,TC004,2.0,1,639,0.8,5,0.2,CM_100041,FD_200041
Southern Europe,IT,Southern Europe,IT,Southern Europe,100041,100041,Fondazione Florence,Private Clinic,200041,FD Fondazione Florence,2024,PCI - Complex,Microcatheters,TC006,1.0,1,639,0.65,5,0.2,CM_100041,FD_200041
Southern Europe,IT,Southern Europe,IT,Southern Europe,100042,100042,Ospedale Bologna,Private Clinic,200042,FD Ospedale Bologna,2024,Structural Heart,Introducer Sheaths,TC007,2.0,1,406,0.85,2,0.5,CM_100042,FD_200042
Southern Europe,IT,Southern Europe,IT,Southern Europe,100042,100042,Ospedale Bologna,Private Clinic,200042,FD Ospedale Bologna,2024,Structural Heart,Guide Wires,TC002,1.0,1,406,0.7,2,0.5,CM_100042,FD_200042
Southern Europe,IT,Southern Europe,IT,Southern Europe,100042,100042,Ospedale Bologna,Private Clinic,200042,FD Ospedale Bologna,2024,Diagnostic Angiography,Diagnostic Catheters,TC005,2.0,1,298,0.95,5,0.2,CM_100042,FD_200042
Southern Europe,IT,Southern Europe,IT,Southern Europe,100042,100042,Ospedale Bologna,Private Clinic,200042,FD Ospedale Bologna,2024,Diagnostic Angiography,Guide Wires,TC002,1.5,1,298,0.9,5,0.2,CM_100042,FD_200042
Southern Europe,IT,Southern Europe,IT,Southern Europe,100042,100042,Ospedale Bologna,Private Clinic,200042,FD Ospedale Bologna,2024,Diagnostic Angiography,Introducer Sheaths,TC007,1.0,1,298,0.85,5,0.2,CM_100042,FD_200042
Southern Europe,IT,Southern Europe,IT,Southern Europe,100042,100042,Ospedale Bologna,Private Clinic,200042,FD Ospedale Bologna,2024,Diagnostic Angiography,Hemostasis Valves,TC008,1.0,1,298,0.7,5,0.2,CM_100042,FD_200042
Southern Europe,IT,Southern Europe,IT,Southern Europe,100042,100042,Ospedale Bologna,Private Clinic,200042,FD Ospedale Bologna,2024,Diagnostic Angiography,Radial Access Kits,TC010,1.0,1,298,0.5,5,0.2,CM_100042,FD_200042
Southern Europe,IT,Southern Europe,IT,Southern Europe,100042,100042,Ospedale Bologna,Private Clinic,200042,FD Ospedale Bologna,2024,Electrophysiology,Diagnostic Catheters,TC005,3.0,1,313,0.8,2,0.5,CM_100042,FD_200042
Southern Europe,IT,Southern Europe,IT,Southern Europe,100042,100042,Ospedale Bologna,Private Clinic,200042,FD Ospedale Bologna,2024,Electrophysiology,Introducer Sheaths,TC007,1.0,1,313,0.75,2,0.5,CM_100042,FD_200042
Southern Europe,IT,Southern Europe,IT,Southern Europe,100042,100042,Ospedale Bologna,Private Clinic,200042,FD Ospedale Bologna,2024,PCI - Complex,Guiding Catheters,TC001,1.5,1,580,0.98,5,0.2,CM_100042,FD_200042
Southern Europe,IT,Southern Europe,IT,Southern Europe,100042,100042,Ospedale Bologna,Private Clinic,200042,FD Ospedale Bologna,2024,PCI - Complex,Guide Wires,TC002,3.0,1,580,0.99,5,0.2,CM_100042,FD_200042
Southern Europe,IT,Southern Europe,IT,Southern Europe,100042,100042,Ospedale Bologna,Private Clinic,200042,FD Ospedale Bologna,2024,PCI - Complex,PTCA Balloon Catheters,TC003,2.0,1,580,0.9,5,0.2,CM_100042,FD_200042
Southern Europe,IT,Southern Europe,IT,Southern Europe,100042,100042,Ospedale Bologna,Private Clinic,200042,FD Ospedale Bologna,2024,PCI - Complex,Drug-Eluting Stents,TC004,2.0,1,580,0.8,5,0.2,CM_100042,FD_200042
Southern Europe,IT,Southern Europe,IT,Southern Europe,100042,100042,Ospedale Bologna,Private Clinic,200042,FD Ospedale Bologna,2024,PCI - Complex,Microcatheters,TC006,1.0,1,580,0.65,5,0.2,CM_100042,FD_200042
Southern Europe,IT,Southern Europe,IT,Southern Europe,100042,100042,Ospedale Bologna,Private Clinic,200042,FD Ospedale Bologna,2024,Neurovascular Intervention,Microcatheters,TC006,2.0,1,574,0.95,2,0.5,CM_100042,FD_200042
Southern Europe,IT,Southern Europe,IT,Southern Europe,100042,100042,Ospedale Bologna,Private Clinic,200042,FD Ospedale Bologna,2024,Neurovascular Intervention,Guide Wires,TC002,2.0,1,574,0.9,2,0.5,CM_100042,FD_200042
Southern Europe,IT,Southern Europe,IT,Southern Europe,100042,100042,Ospedale Bologna,Private Clinic,200042,FD Ospedale Bologna,2024,PCI - Coronary,Guiding Catheters,TC001,1.2,1,301,0.95,7,0.1429,CM_100042,FD_200042
Southern Europe,IT,Southern Europe,IT,Southern Europe,100042,100042,Ospedale Bologna,Private Clinic,200042,FD Ospedale Bologna,2024,PCI - Coronary,Guide Wires,TC002,2.0,1,301,0.98,7,0.1429,CM_100042,FD_200042
Southern Europe,IT,Southern Europe,IT,Southern Europe,100042,100042,Ospedale Bologna,Private Clinic,200042,FD Ospedale Bologna,2024,PCI - Coronary,PTCA Balloon Catheters,TC003,1.5,1,301,0.85,7,0.1429,CM_100042,FD_200042
Southern Europe,IT,Southern Europe,IT,Southern Europe,100042,100042,Ospedale Bologna,Private Clinic,200042,FD Ospedale Bologna,2024,PCI - Coronary,Drug-Eluting Stents,TC004,1.3,1,301,0.7,7,0.1429,CM_100042,FD_200042
Southern Europe,IT,Southern Europe,IT,Southern Europe,100042,100042,Ospedale Bologna,Private Clinic,200042,FD Ospedale Bologna,2024,PCI - Coronary,Inflation Devices,TC009,1.0,1,301,0.9,7,0.1429,CM_100042,FD_200042
Southern Europe,IT,Southern Europe,IT,Southern Europe,100042,100042,Ospedale Bologna,Private Clinic,200042,FD Ospedale Bologna,2024,PCI - Coronary,Hemostasis Valves,TC008,1.0,1,301,0.8,7,0.1429,CM_100042,FD_200042
Southern Europe,IT,Southern Europe,IT,Southern Europe,100042,100042,Ospedale Bologna,Private Clinic,200042,FD Ospedale Bologna,2024,PCI - Coronary,Radial Access Kits,TC010,1.0,1,301,0.6,7,0.1429,CM_100042,FD_200042
Southern Europe,IT,Southern Europe,IT,Southern Europe,100043,100043,Policlinico Genoa,Public Hospital,200043,FD Policlinico Genoa,2024,Peripheral Intervention,Guide Wires,TC002,2.5,1,605,0.9,3,0.3333,CM_100043,FD_200043
Southern Europe,IT,Southern Europe,IT,Southern Europe,100043,100043,Policlinico Genoa,Public Hospital,200043,FD Policlinico Genoa,2024,Peripheral Intervention,Introducer Sheaths,TC007,1.5,1,605,0.8,3,0.3333,CM_100043,FD_200043
Southern Europe,IT,Southern Europe,IT,Southern Europe,100043,100043,Policlinico Genoa,Public Hospital,200043,FD Policlinico Genoa,2024,Peripheral Intervention,PTCA Balloon Catheters,TC003,1.0,1,605,0.6,3,0.3333,CM_100043,FD_200043
Southern Europe,IT,Southern Europe,IT,Southern Europe,100043,100043,Policlinico Genoa,Public Hospital,200043,FD Policlinico Genoa,2024,Structural Heart,Introducer Sheaths,TC007,2.0,1,550,0.85,2,0.5,CM_100043,FD_200043
Southern Europe,IT,Southern Europe,IT,Southern Europe,100043,100043,Policlinico Genoa,Public Hospital,200043,FD Policlinico Genoa,2024,Structural Heart,Guide Wires,TC002,1.0,1,550,0.7,2,0.5,CM_100043,FD_200043
Southern Europe,IT,Southern Europe,IT,Southern Europe,100043,100043,Policlinico Genoa,Public Hospital,200043,FD Policlinico Genoa,2024,PCI - Complex,Guiding Catheters,TC001,1.5,1,514,0.98,5,0.2,CM_100043,FD_200043
Southern Europe,IT,Southern Europe,IT,Southern Europe,100043,100043,Policlinico Genoa,Public Hospital,200043,FD Policlinico Genoa,2024,PCI - Complex,Guide Wires,TC002,3.0,1,514,0.99,5,0.2,CM_100043,FD_200043
Southern Europe,IT,Southern Europe,IT,Southern Europe,100043,100043,Policlinico Genoa,Public Hospital,200043,FD Policlinico Genoa,2024,PCI - Complex,PTCA Balloon Catheters,TC003,2.0,1,514,0.9,5,0.2,CM_100043,FD_200043
Southern Europe,IT,Southern Europe,IT,Southern Europe,100043,100043,Policlinico Genoa,Public Hospital,200043,FD Policlinico Genoa,2024,PCI - Complex,Drug-Eluting Stents,TC004,2.0,1,514,0.8,5,0.2,CM_100043,FD_200043
Southern Europe,IT,Southern Europe,IT,Southern Europe,100043,100043,Policlinico Genoa,Public Hospital,200043,FD Policlinico Genoa,2024,PCI - Complex,Microcatheters,TC006,1.0,1,514,0.65,5,0.2,CM_100043,FD_200043
Southern Europe,IT,Southern Europe,IT,Southern Europe,100043,100043,Policlinico Genoa,Public Hospital,200043,FD Policlinico Genoa,2024,PCI - Coronary,Guiding Catheters,TC001,1.2,1,219,0.95,7,0.1429,CM_100043,FD_200043
Southern Europe,IT,Southern Europe,IT,Southern Europe,100043,100043,Policlinico Genoa,Public Hospital,200043,FD Policlinico Genoa,2024,PCI - Coronary,Guide Wires,TC002,2.0,1,219,0.98,7,0.1429,CM_100043,FD_200043
Southern Europe,IT,Southern Europe,IT,Southern Europe,100043,100043,Policlinico Genoa,Public Hospital,200043,FD Policlinico Genoa,2024,PCI - Coronary,PTCA Balloon Catheters,TC003,1.5,1,219,0.85,7,0.1429,CM_100043,FD_200043
Southern Europe,IT,Southern Europe,IT,Southern Europe,100043,100043,Policlinico Genoa,Public Hospital,200043,FD Policlinico Genoa,2024,PCI - Coronary,Drug-Eluting Stents,TC004,1.3,1,219,0.7,7,0.1429,CM_100043,FD_200043
Southern Europe,IT,Southern Europe,IT,Southern Europe,100043,100043,Policlinico Genoa,Public Hospital,200043,FD Policlinico Genoa,2024,PCI - Coronary,Inflation Devices,TC009,1.0,1,219,0.9,7,0.1429,CM_100043,FD_200043
Southern Europe,IT,Southern Europe,IT,Southern Europe,100043,100043,Policlinico Genoa,Public Hospital,200043,FD Policlinico Genoa,2024,PCI - Coronary,Hemostasis Valves,TC008,1.0,1,219,0.8,7,0.1429,CM_100043,FD_200043
Southern Europe,IT,Southern Europe,IT,Southern Europe,100043,100043,Policlinico Genoa,Public Hospital,200043,FD Policlinico Genoa,2024,PCI - Coronary,Radial Access Kits,TC010,1.0,1,219,0.6,7,0.1429,CM_100043,FD_200043
Southern Europe,IT,Southern Europe,IT,Southern Europe,100043,100043,Policlinico Genoa,Public Hospital,200043,FD Policlinico Genoa,2024,Diagnostic Angiography,Diagnostic Catheters,TC005,2.0,1,714,0.95,5,0.2,CM_100043,FD_200043
Southern Europe,IT,Southern Europe,IT,Southern Europe,100043,100043,Policlinico Genoa,Public Hospital,200043,FD Policlinico Genoa,2024,Diagnostic Angiography,Guide Wires,TC002,1.5,1,714,0.9,5,0.2,CM_100043,FD_200043
Southern Europe,IT,Southern Europe,IT,Southern Europe,100043,100043,Policlinico Genoa,Public Hospital,200043,FD Policlinico Genoa,2024,Diagnostic Angiography,Introducer Sheaths,TC007,1.0,1,714,0.85,5,0.2,CM_100043,FD_200043
Southern Europe,IT,Southern Europe,IT,Southern Europe,100043,100043,Policlinico Genoa,Public Hospital,200043,FD Policlinico Genoa,2024,Diagnostic Angiography,Hemostasis Valves,TC008,1.0,1,714,0.7,5,0.2,CM_100043,FD_200043
Southern Europe,IT,Southern Europe,IT,Southern Europe,100043,100043,Policlinico Genoa,Public Hospital,200043,FD Policlinico Genoa,2024,Diagnostic Angiography,Radial Access Kits,TC010,1.0,1,714,0.5,5,0.2,CM_100043,FD_200043
Southern Europe,IT,Southern Europe,IT,Southern Europe,100043,100043,Policlinico Genoa,Public Hospital,200043,FD Policlinico Genoa,2024,Electrophysiology,Diagnostic Catheters,TC005,3.0,1,698,0.8,2,0.5,CM_100043,FD_200043
Southern Europe,IT,Southern Europe,IT,Southern Europe,100043,100043,Policlinico Genoa,Public Hospital,200043,FD Policlinico Genoa,2024,Electrophysiology,Introducer Sheaths,TC007,1.0,1,698,0.75,2,0.5,CM_100043,FD_200043
Southern Europe,IT,Southern Europe,IT,Southern Europe,100044,100044,Centro Cardiologico Padua,University Hospital,200044,FD Centro Cardiologico Padua,2024,Diagnostic Angiography,Diagnostic Catheters,TC005,2.0,1,897,0.95,5,0.2,CM_100044,FD_200044
Southern Europe,IT,Southern Europe,IT,Southern Europe,100044,100044,Centro Cardiologico Padua,University Hospital,200044,FD Centro Cardiologico Padua,2024,Diagnostic Angiography,Guide Wires,TC002,1.5,1,897,0.9,5,0.2,CM_100044,FD_200044
Southern Europe,IT,Southern Europe,IT,Southern Europe,100044,100044,Centro Cardiologico Padua,University Hospital,200044,FD Centro Cardiologico Padua,2024,Diagnostic Angiography,Introducer Sheaths,TC007,1.0,1,897,0.85,5,0.2,CM_100044,FD_200044
Southern Europe,IT,Southern Europe,IT,Southern Europe,100044,100044,Centro Cardiologico Padua,University Hospital,200044,FD Centro Cardiologico Padua,2024,Diagnostic Angiography,Hemostasis Valves,TC008,1.0,1,897,0.7,5,0.2,CM_100044,FD_200044
Southern Europe,IT,Southern Europe,IT,Southern Europe,100044,100044,Centro Cardiologico Padua,University Hospital,200044,FD Centro Cardiologico Padua,2024,Diagnostic Angiography,Radial Access Kits,TC010,1.0,1,897,0.5,5,0.2,CM_100044,FD_200044
Southern Europe,IT,Southern Europe,IT,Southern Europe,100044,100044,Centro Cardiologico Padua,University Hospital,200044,FD Centro Cardiologico Padua,2024,Neurovascular Intervention,Microcatheters,TC006,2.0,1,849,0.95,2,0.5,CM_100044,FD_200044
Southern Europe,IT,Southern Europe,IT,Southern Europe,100044,100044,Centro Cardiologico Padua,University Hospital,200044,FD Centro Cardiologico Padua,2024,Neurovascular Intervention,Guide Wires,TC002,2.0,1,849,0.9,2,0.5,CM_100044,FD_200044
Southern Europe,IT,Southern Europe,IT,Southern Europe,100044,100044,Centro Cardiologico Padua,University Hospital,200044,FD Centro Cardiologico Padua,2024,Peripheral Intervention,Guide Wires,TC002,2.5,1,937,0.9,3,0.3333,CM_100044,FD_200044
Southern Europe,IT,Southern Europe,IT,Southern Europe,100044,100044,Centro Cardiologico Padua,University Hospital,200044,FD Centro Cardiologico Padua,2024,Peripheral Intervention,Introducer Sheaths,TC007,1.5,1,937,0.8,3,0.3333,CM_100044,FD_200044
Southern Europe,IT,Southern Europe,IT,Southern Europe,100044,100044,Centro Cardiologico Padua,University Hospital,200044,FD Centro Cardiologico Padua,2024,Peripheral Intervention,PTCA Balloon Catheters,TC003,1.0,1,937,0.6,3,0.3333,CM_100044,FD_200044
Southern Europe,IT,Southern Europe,IT,Southern Europe,100045,100045,Istituto Clinico Verona,University Hospital,200045,FD Istituto Clinico Verona,2024,Electrophysiology,Diagnostic Catheters,TC005,3.0,1,370,0.8,2,0.5,CM_100045,FD_200045
Southern Europe,IT,Southern Europe,IT,Southern Europe,100045,100045,Istituto Clinico Verona,University Hospital,200045,FD Istituto Clinico Verona,2024,Electrophysiology,Introducer Sheaths,TC007,1.0,1,370,0.75,2,0.5,CM_100045,FD_200045
Southern Europe,IT,Southern Europe,IT,Southern Europe,100045,100045,Istituto Clinico Verona,University Hospital,200045,FD Istituto Clinico Verona,2024,Peripheral Intervention,Guide Wires,TC002,2.5,1,345,0.9,3,0.3333,CM_100045,FD_200045
Southern Europe,IT,Southern Europe,IT,Southern Europe,100045,100045,Istituto Clinico Verona,University Hospital,200045,FD Istituto Clinico Verona,2024,Peripheral Intervention,Introducer Sheaths,TC007,1.5,1,345,0.8,3,0.3333,CM_100045,FD_200045
Southern Europe,IT,Southern Europe,IT,Southern Europe,100045,100045,Istituto Clinico Verona,University Hospital,200045,FD Istituto Clinico Verona,2024,Peripheral Intervention,PTCA Balloon Catheters,TC003,1.0,1,345,0.6,3,0.3333,CM_100045,FD_200045
Southern Europe,IT,Southern Europe,IT,Southern Europe,100045,100045,Istituto Clinico Verona,University Hospital,200045,FD Istituto Clinico Verona,2024,PCI - Coronary,Guiding Catheters,TC001,1.2,1,229,0.95,7,0.1429,CM_100045,FD_200045
Southern Europe,IT,Southern Europe,IT,Southern Europe,100045,100045,Istituto Clinico Verona,University Hospital,200045,FD Istituto Clinico Verona,2024,PCI - Coronary,Guide Wires,TC002,2.0,1,229,0.98,7,0.1429,CM_100045,FD_200045
Southern Europe,IT,Southern Europe,IT,Southern Europe,100045,100045,Istituto Clinico Verona,University Hospital,200045,FD Istituto Clinico Verona,2024,PCI - Coronary,PTCA Balloon Catheters,TC003,1.5,1,229,0.85,7,0.1429,CM_100045,FD_200045
Southern Europe,IT,Southern Europe,IT,Southern Europe,100045,100045,Istituto Clinico Verona,University Hospital,200045,FD Istituto Clinico Verona,2024,PCI - Coronary,Drug-Eluting Stents,TC004,1.3,1,229,0.7,7,0.1429,CM_100045,FD_200045
Southern Europe,IT,Southern Europe,IT,Southern Europe,100045,100045,Istituto Clinico Verona,University Hospital,200045,FD Istituto Clinico Verona,2024,PCI - Coronary,Inflation Devices,TC009,1.0,1,229,0.9,7,0.1429,CM_100045,FD_200045
Southern Europe,IT,Southern Europe,IT,Southern Europe,100045,100045,Istituto Clinico Verona,University Hospital,200045,FD Istituto Clinico Verona,2024,PCI - Coronary,Hemostasis Valves,TC008,1.0,1,229,0.8,7,0.1429,CM_100045,FD_200045
Southern Europe,IT,Southern Europe,IT,Southern Europe,100045,100045,Istituto Clinico Verona,University Hospital,200045,FD Istituto Clinico Verona,2024,PCI - Coronary,Radial Access Kits,TC010,1.0,1,229,0.6,7,0.1429,CM_100045,FD_200045
Southern Europe,IT,Southern Europe,IT,Southern Europe,100045,100045,Istituto Clinico Verona,University Hospital,200045,FD Istituto Clinico Verona,2024,Structural Heart,Introducer Sheaths,TC007,2.0,1,348,0.85,2,0.5,CM_100045,FD_200045
Southern Europe,IT,Southern Europe,IT,Southern Europe,100045,100045,Istituto Clinico Verona,University Hospital,200045,FD Istituto Clinico Verona,2024,Structural Heart,Guide Wires,TC002,1.0,1,348,0.7,2,0.5,CM_100045,FD_200045
Southern Europe,IT,Southern Europe,IT,Southern Europe,100045,100045,Istituto Clinico Verona,University Hospital,200045,FD Istituto Clinico Verona,2024,PCI - Complex,Guiding Catheters,TC001,1.5,1,20,0.98,5,0.2,CM_100045,FD_200045
Southern Europe,IT,Southern Europe,IT,Southern Europe,100045,100045,Istituto Clinico Verona,University Hospital,200045,FD Istituto Clinico Verona,2024,PCI - Complex,Guide Wires,TC002,3.0,1,20,0.99,5,0.2,CM_100045,FD_200045
Southern Europe,IT,Southern Europe,IT,Southern Europe,100045,100045,Istituto Clinico Verona,University Hospital,200045,FD Istituto Clinico Verona,2024,PCI - Complex,PTCA Balloon Catheters,TC003,2.0,1,20,0.9,5,0.2,CM_100045,FD_200045
Southern Europe,IT,Southern Europe,IT,Southern Europe,100045,100045,Istituto Clinico Verona,University Hospital,200045,FD Istituto Clinico Verona,2024,PCI - Complex,Drug-Eluting Stents,TC004,2.0,1,20,0.8,5,0.2,CM_100045,FD_200045
Southern Europe,IT,Southern Europe,IT,Southern Europe,100045,100045,Istituto Clinico Verona,University Hospital,200045,FD Istituto Clinico Verona,2024,PCI - Complex,Microcatheters,TC006,1.0,1,20,0.65,5,0.2,CM_100045,FD_200045
Southern Europe,IT,Southern Europe,IT,Southern Europe,100045,100045,Istituto Clinico Verona,University Hospital,200045,FD Istituto Clinico Verona,2024,Diagnostic Angiography,Diagnostic Catheters,TC005,2.0,1,354,0.95,5,0.2,CM_100045,FD_200045
Southern Europe,IT,Southern Europe,IT,Southern Europe,100045,100045,Istituto Clinico Verona,University Hospital,200045,FD Istituto Clinico Verona,2024,Diagnostic Angiography,Guide Wires,TC002,1.5,1,354,0.9,5,0.2,CM_100045,FD_200045
Southern Europe,IT,Southern Europe,IT,Southern Europe,100045,100045,Istituto Clinico Verona,University Hospital,200045,FD Istituto Clinico Verona,2024,Diagnostic Angiography,Introducer Sheaths,TC007,1.0,1,354,0.85,5,0.2,CM_100045,FD_200045
Southern Europe,IT,Southern Europe,IT,Southern Europe,100045,100045,Istituto Clinico Verona,University Hospital,200045,FD Istituto Clinico Verona,2024,Diagnostic Angiography,Hemostasis Valves,TC008,1.0,1,354,0.7,5,0.2,CM_100045,FD_200045
Southern Europe,IT,Southern Europe,IT,Southern Europe,100045,100045,Istituto Clinico Verona,University Hospital,200045,FD Istituto Clinico Verona,2024,Diagnostic Angiography,Radial Access Kits,TC010,1.0,1,354,0.5,5,0.2,CM_100045,FD_200045
Southern Europe,IT,Southern Europe,IT,Southern Europe,100046,100046,Fondazione Catania,Public Hospital,200046,FD Fondazione Catania,2024,Electrophysiology,Diagnostic Catheters,TC005,3.0,1,671,0.8,2,0.5,CM_100046,FD_200046
Southern Europe,IT,Southern Europe,IT,Southern Europe,100046,100046,Fondazione Catania,Public Hospital,200046,FD Fondazione Catania,2024,Electrophysiology,Introducer Sheaths,TC007,1.0,1,671,0.75,2,0.5,CM_100046,FD_200046
Southern Europe,IT,Southern Europe,IT,Southern Europe,100046,100046,Fondazione Catania,Public Hospital,200046,FD Fondazione Catania,2024,Peripheral Intervention,Guide Wires,TC002,2.5,1,565,0.9,3,0.3333,CM_100046,FD_200046
Southern Europe,IT,Southern Europe,IT,Southern Europe,100046,100046,Fondazione Catania,Public Hospital,200046,FD Fondazione Catania,2024,Peripheral Intervention,Introducer Sheaths,TC007,1.5,1,565,0.8,3,0.3333,CM_100046,FD_200046
Southern Europe,IT,Southern Europe,IT,Southern Europe,100046,100046,Fondazione Catania,Public Hospital,200046,FD Fondazione Catania,2024,Peripheral Intervention,PTCA Balloon Catheters,TC003,1.0,1,565,0.6,3,0.3333,CM_100046,FD_200046
Southern Europe,IT,Southern Europe,IT,Southern Europe,100046,100046,Fondazione Catania,Public Hospital,200046,FD Fondazione Catania,2024,Structural Heart,Introducer Sheaths,TC007,2.0,1,153,0.85,2,0.5,CM_100046,FD_200046
Southern Europe,IT,Southern Europe,IT,Southern Europe,100046,100046,Fondazione Catania,Public Hospital,200046,FD Fondazione Catania,2024,Structural Heart,Guide Wires,TC002,1.0,1,153,0.7,2,0.5,CM_100046,FD_200046
Southern Europe,IT,Southern Europe,IT,Southern Europe,100046,100046,Fondazione Catania,Public Hospital,200046,FD Fondazione Catania,2024,Neurovascular Intervention,Microcatheters,TC006,2.0,1,665,0.95,2,0.5,CM_100046,FD_200046
Southern Europe,IT,Southern Europe,IT,Southern Europe,100046,100046,Fondazione Catania,Public Hospital,200046,FD Fondazione Catania,2024,Neurovascular Intervention,Guide Wires,TC002,2.0,1,665,0.9,2,0.5,CM_100046,FD_200046
Southern Europe,IT,Southern Europe,IT,Southern Europe,100046,100046,Fondazione Catania,Public Hospital,200046,FD Fondazione Catania,2024,Diagnostic Angiography,Diagnostic Catheters,TC005,2.0,1,556,0.95,5,0.2,CM_100046,FD_200046
Southern Europe,IT,Southern Europe,IT,Southern Europe,100046,100046,Fondazione Catania,Public Hospital,200046,FD Fondazione Catania,2024,Diagnostic Angiography,Guide Wires,TC002,1.5,1,556,0.9,5,0.2,CM_100046,FD_200046
Southern Europe,IT,Southern Europe,IT,Southern Europe,100046,100046,Fondazione Catania,Public Hospital,200046,FD Fondazione Catania,2024,Diagnostic Angiography,Introducer Sheaths,TC007,1.0,1,556,0.85,5,0.2,CM_100046,FD_200046
Southern Europe,IT,Southern Europe,IT,Southern Europe,100046,100046,Fondazione Catania,Public Hospital,200046,FD Fondazione Catania,2024,Diagnostic Angiography,Hemostasis Valves,TC008,1.0,1,556,0.7,5,0.2,CM_100046,FD_200046
Southern Europe,IT,Southern Europe,IT,Southern Europe,100046,100046,Fondazione Catania,Public Hospital,200046,FD Fondazione Catania,2024,Diagnostic Angiography,Radial Access Kits,TC010,1.0,1,556,0.5,5,0.2,CM_100046,FD_200046
Southern Europe,IT,Southern Europe,IT,Southern Europe,100046,100046,Fondazione Catania,Public Hospital,200046,FD Fondazione Catania,2024,PCI - Complex,Guiding Catheters,TC001,1.5,1,396,0.98,5,0.2,CM_100046,FD_200046
Southern Europe,IT,Southern Europe,IT,Southern Europe,100046,100046,Fondazione Catania,Public Hospital,200046,FD Fondazione Catania,2024,PCI - Complex,Guide Wires,TC002,3.0,1,396,0.99,5,0.2,CM_100046,FD_200046
Southern Europe,IT,Southern Europe,IT,Southern Europe,100046,100046,Fondazione Catania,Public Hospital,200046,FD Fondazione Catania,2024,PCI - Complex,PTCA Balloon Catheters,TC003,2.0,1,396,0.9,5,0.2,CM_100046,FD_200046
Southern Europe,IT,Southern Europe,IT,Southern Europe,100046,100046,Fondazione Catania,Public Hospital,200046,FD Fondazione Catania,2024,PCI - Complex,Drug-Eluting Stents,TC004,2.0,1,396,0.8,5,0.2,CM_100046,FD_200046
Southern Europe,IT,Southern Europe,IT,Southern Europe,100046,100046,Fondazione Catania,Public Hospital,200046,FD Fondazione Catania,2024,PCI - Complex,Microcatheters,TC006,1.0,1,396,0.65,5,0.2,CM_100046,FD_200046
Southern Europe,IT,Southern Europe,IT,Southern Europe,100046,100046,Fondazione Catania,Public Hospital,200046,FD Fondazione Catania,2024,PCI - Coronary,Guiding Catheters,TC001,1.2,1,564,0.95,7,0.1429,CM_100046,FD_200046
Southern Europe,IT,Southern Europe,IT,Southern Europe,100046,100046,Fondazione Catania,Public Hospital,200046,FD Fondazione Catania,2024,PCI - Coronary,Guide Wires,TC002,2.0,1,564,0.98,7,0.1429,CM_100046,FD_200046
Southern Europe,IT,Southern Europe,IT,Southern Europe,100046,100046,Fondazione Catania,Public Hospital,200046,FD Fondazione Catania,2024,PCI - Coronary,PTCA Balloon Catheters,TC003,1.5,1,564,0.85,7,0.1429,CM_100046,FD_200046
Southern Europe,IT,Southern Europe,IT,Southern Europe,100046,100046,Fondazione Catania,Public Hospital,200046,FD Fondazione Catania,2024,PCI - Coronary,Drug-Eluting Stents,TC004,1.3,1,564,0.7,7,0.1429,CM_100046,FD_200046
Southern Europe,IT,Southern Europe,IT,Southern Europe,100046,100046,Fondazione Catania,Public Hospital,200046,FD Fondazione Catania,2024,PCI - Coronary,Inflation Devices,TC009,1.0,1,564,0.9,7,0.1429,CM_100046,FD_200046
Southern Europe,IT,Southern Europe,IT,Southern Europe,100046,100046,Fondazione Catania,Public Hospital,200046,FD Fondazione Catania,2024,PCI - Coronary,Hemostasis Valves,TC008,1.0,1,564,0.8,7,0.1429,CM_100046,FD_200046
Southern Europe,IT,Southern Europe,IT,Southern Europe,100046,100046,Fondazione Catania,Public Hospital,200046,FD Fondazione Catania,2024,PCI - Coronary,Radial Access Kits,TC010,1.0,1,564,0.6,7,0.1429,CM_100046,FD_200046
Southern Europe,IT,Southern Europe,IT,Southern Europe,100047,100047,Ospedale Bari,Private Clinic,200047,FD Ospedale Bari,2024,Structural Heart,Introducer Sheaths,TC007,2.0,1,244,0.85,2,0.5,CM_100047,FD_200047
Southern Europe,IT,Southern Europe,IT,Southern Europe,100047,100047,Ospedale Bari,Private Clinic,200047,FD Ospedale Bari,2024,Structural Heart,Guide Wires,TC002,1.0,1,244,0.7,2,0.5,CM_100047,FD_200047
Southern Europe,IT,Southern Europe,IT,Southern Europe,100047,100047,Ospedale Bari,Private Clinic,200047,FD Ospedale Bari,2024,Peripheral Intervention,Guide Wires,TC002,2.5,1,401,0.9,3,0.3333,CM_100047,FD_200047
Southern Europe,IT,Southern Europe,IT,Southern Europe,100047,100047,Ospedale Bari,Private Clinic,200047,FD Ospedale Bari,2024,Peripheral Intervention,Introducer Sheaths,TC007,1.5,1,401,0.8,3,0.3333,CM_100047,FD_200047
Southern Europe,IT,Southern Europe,IT,Southern Europe,100047,100047,Ospedale Bari,Private Clinic,200047,FD Ospedale Bari,2024,Peripheral Intervention,PTCA Balloon Catheters,TC003,1.0,1,401,0.6,3,0.3333,CM_100047,FD_200047
Southern Europe,IT,Southern Europe,IT,Southern Europe,100047,100047,Ospedale Bari,Private Clinic,200047,FD Ospedale Bari,2024,Diagnostic Angiography,Diagnostic Catheters,TC005,2.0,1,383,0.95,5,0.2,CM_100047,FD_200047
Southern Europe,IT,Southern Europe,IT,Southern Europe,100047,100047,Ospedale Bari,Private Clinic,200047,FD Ospedale Bari,2024,Diagnostic Angiography,Guide Wires,TC002,1.5,1,383,0.9,5,0.2,CM_100047,FD_200047
Southern Europe,IT,Southern Europe,IT,Southern Europe,100047,100047,Ospedale Bari,Private Clinic,200047,FD Ospedale Bari,2024,Diagnostic Angiography,Introducer Sheaths,TC007,1.0,1,383,0.85,5,0.2,CM_100047,FD_200047
Southern Europe,IT,Southern Europe,IT,Southern Europe,100047,100047,Ospedale Bari,Private Clinic,200047,FD Ospedale Bari,2024,Diagnostic Angiography,Hemostasis Valves,TC008,1.0,1,383,0.7,5,0.2,CM_100047,FD_200047
Southern Europe,IT,Southern Europe,IT,Southern Europe,100047,100047,Ospedale Bari,Private Clinic,200047,FD Ospedale Bari,2024,Diagnostic Angiography,Radial Access Kits,TC010,1.0,1,383,0.5,5,0.2,CM_100047,FD_200047
Southern Europe,IT,Southern Europe,IT,Southern Europe,100047,100047,Ospedale Bari,Private Clinic,200047,FD Ospedale Bari,2024,PCI - Coronary,Guiding Catheters,TC001,1.2,1,516,0.95,7,0.1429,CM_100047,FD_200047
Southern Europe,IT,Southern Europe,IT,Southern Europe,100047,100047,Ospedale Bari,Private Clinic,200047,FD Ospedale Bari,2024,PCI - Coronary,Guide Wires,TC002,2.0,1,516,0.98,7,0.1429,CM_100047,FD_200047
Southern Europe,IT,Southern Europe,IT,Southern Europe,100047,100047,Ospedale Bari,Private Clinic,200047,FD Ospedale Bari,2024,PCI - Coronary,PTCA Balloon Catheters,TC003,1.5,1,516,0.85,7,0.1429,CM_100047,FD_200047
Southern Europe,IT,Southern Europe,IT,Southern Europe,100047,100047,Ospedale Bari,Private Clinic,200047,FD Ospedale Bari,2024,PCI - Coronary,Drug-Eluting Stents,TC004,1.3,1,516,0.7,7,0.1429,CM_100047,FD_200047
Southern Europe,IT,Southern Europe,IT,Southern Europe,100047,100047,Ospedale Bari,Private Clinic,200047,FD Ospedale Bari,2024,PCI - Coronary,Inflation Devices,TC009,1.0,1,516,0.9,7,0.1429,CM_100047,FD_200047
Southern Europe,IT,Southern Europe,IT,Southern Europe,100047,100047,Ospedale Bari,Private Clinic,200047,FD Ospedale Bari,2024,PCI - Coronary,Hemostasis Valves,TC008,1.0,1,516,0.8,7,0.1429,CM_100047,FD_200047
Southern Europe,IT,Southern Europe,IT,Southern Europe,100047,100047,Ospedale Bari,Private Clinic,200047,FD Ospedale Bari,2024,PCI - Coronary,Radial Access Kits,TC010,1.0,1,516,0.6,7,0.1429,CM_100047,FD_200047
Southern Europe,IT,Southern Europe,IT,Southern Europe,100047,100047,Ospedale Bari,Private Clinic,200047,FD Ospedale Bari,2024,PCI - Complex,Guiding Catheters,TC001,1.5,1,125,0.98,5,0.2,CM_100047,FD_200047
Southern Europe,IT,Southern Europe,IT,Southern Europe,100047,100047,Ospedale Bari,Private Clinic,200047,FD Ospedale Bari,2024,PCI - Complex,Guide Wires,TC002,3.0,1,125,0.99,5,0.2,CM_100047,FD_200047
Southern Europe,IT,Southern Europe,IT,Southern Europe,100047,100047,Ospedale Bari,Private Clinic,200047,FD Ospedale Bari,2024,PCI - Complex,PTCA Balloon Catheters,TC003,2.0,1,125,0.9,5,0.2,CM_100047,FD_200047
Southern Europe,IT,Southern Europe,IT,Southern Europe,100047,100047,Ospedale Bari,Private Clinic,200047,FD Ospedale Bari,2024,PCI - Complex,Drug-Eluting Stents,TC004,2.0,1,125,0.8,5,0.2,CM_100047,FD_200047
Southern Europe,IT,Southern Europe,IT,Southern Europe,100047,100047,Ospedale Bari,Private Clinic,200047,FD Ospedale Bari,2024,PCI - Complex,Microcatheters,TC006,1.0,1,125,0.65,5,0.2,CM_100047,FD_200047
Southern Europe,IT,Southern Europe,IT,Southern Europe,100047,100047,Ospedale Bari,Private Clinic,200047,FD Ospedale Bari,2024,Neurovascular Intervention,Microcatheters,TC006,2.0,1,207,0.95,2,0.5,CM_100047,FD_200047
Southern Europe,IT,Southern Europe,IT,Southern Europe,100047,100047,Ospedale Bari,Private Clinic,200047,FD Ospedale Bari,2024,Neurovascular Intervention,Guide Wires,TC002,2.0,1,207,0.9,2,0.5,CM_100047,FD_200047
Southern Europe,IT,Southern Europe,IT,Southern Europe,100047,100047,Ospedale Bari,Private Clinic,200047,FD Ospedale Bari,2024,Electrophysiology,Diagnostic Catheters,TC005,3.0,1,213,0.8,2,0.5,CM_100047,FD_200047
Southern Europe,IT,Southern Europe,IT,Southern Europe,100047,100047,Ospedale Bari,Private Clinic,200047,FD Ospedale Bari,2024,Electrophysiology,Introducer Sheaths,TC007,1.0,1,213,0.75,2,0.5,CM_100047,FD_200047
Southern Europe,IT,Southern Europe,IT,Southern Europe,100048,100048,Policlinico Palermo,University Hospital,200048,FD Policlinico Palermo,2024,PCI - Coronary,Guiding Catheters,TC001,1.2,1,325,0.95,7,0.1429,CM_100048,FD_200048
Southern Europe,IT,Southern Europe,IT,Southern Europe,100048,100048,Policlinico Palermo,University Hospital,200048,FD Policlinico Palermo,2024,PCI - Coronary,Guide Wires,TC002,2.0,1,325,0.98,7,0.1429,CM_100048,FD_200048
Southern Europe,IT,Southern Europe,IT,Southern Europe,100048,100048,Policlinico Palermo,University Hospital,200048,FD Policlinico Palermo,2024,PCI - Coronary,PTCA Balloon Catheters,TC003,1.5,1,325,0.85,7,0.1429,CM_100048,FD_200048
Southern Europe,IT,Southern Europe,IT,Southern Europe,100048,100048,Policlinico Palermo,University Hospital,200048,FD Policlinico Palermo,2024,PCI - Coronary,Drug-Eluting Stents,TC004,1.3,1,325,0.7,7,0.1429,CM_100048,FD_200048
Southern Europe,IT,Southern Europe,IT,Southern Europe,100048,100048,Policlinico Palermo,University Hospital,200048,FD Policlinico Palermo,2024,PCI - Coronary,Inflation Devices,TC009,1.0,1,325,0.9,7,0.1429,CM_100048,FD_200048
Southern Europe,IT,Southern Europe,IT,Southern Europe,100048,100048,Policlinico Palermo,University Hospital,200048,FD Policlinico Palermo,2024,PCI - Coronary,Hemostasis Valves,TC008,1.0,1,325,0.8,7,0.1429,CM_100048,FD_200048
Southern Europe,IT,Southern Europe,IT,Southern Europe,100048,100048,Policlinico Palermo,University Hospital,200048,FD Policlinico Palermo,2024,PCI - Coronary,Radial Access Kits,TC010,1.0,1,325,0.6,7,0.1429,CM_100048,FD_200048
Southern Europe,IT,Southern Europe,IT,Southern Europe,100048,100048,Policlinico Palermo,University Hospital,200048,FD Policlinico Palermo,2024,PCI - Complex,Guiding Catheters,TC001,1.5,1,281,0.98,5,0.2,CM_100048,FD_200048
Southern Europe,IT,Southern Europe,IT,Southern Europe,100048,100048,Policlinico Palermo,University Hospital,200048,FD Policlinico Palermo,2024,PCI - Complex,Guide Wires,TC002,3.0,1,281,0.99,5,0.2,CM_100048,FD_200048
Southern Europe,IT,Southern Europe,IT,Southern Europe,100048,100048,Policlinico Palermo,University Hospital,200048,FD Policlinico Palermo,2024,PCI - Complex,PTCA Balloon Catheters,TC003,2.0,1,281,0.9,5,0.2,CM_100048,FD_200048
Southern Europe,IT,Southern Europe,IT,Southern Europe,100048,100048,Policlinico Palermo,University Hospital,200048,FD Policlinico Palermo,2024,PCI - Complex,Drug-Eluting Stents,TC004,2.0,1,281,0.8,5,0.2,CM_100048,FD_200048
Southern Europe,IT,Southern Europe,IT,Southern Europe,100048,100048,Policlinico Palermo,University Hospital,200048,FD Policlinico Palermo,2024,PCI - Complex,Microcatheters,TC006,1.0,1,281,0.65,5,0.2,CM_100048,FD_200048
Southern Europe,IT,Southern Europe,IT,Southern Europe,100048,100048,Policlinico Palermo,University Hospital,200048,FD Policlinico Palermo,2024,Peripheral Intervention,Guide Wires,TC002,2.5,1,350,0.9,3,0.3333,CM_100048,FD_200048
Southern Europe,IT,Southern Europe,IT,Southern Europe,100048,100048,Policlinico Palermo,University Hospital,200048,FD Policlinico Palermo,2024,Peripheral Intervention,Introducer Sheaths,TC007,1.5,1,350,0.8,3,0.3333,CM_100048,FD_200048
Southern Europe,IT,Southern Europe,IT,Southern Europe,100048,100048,Policlinico Palermo,University Hospital,200048,FD Policlinico Palermo,2024,Peripheral Intervention,PTCA Balloon Catheters,TC003,1.0,1,350,0.6,3,0.3333,CM_100048,FD_200048
Southern Europe,IT,Southern Europe,IT,Southern Europe,100048,100048,Policlinico Palermo,University Hospital,200048,FD Policlinico Palermo,2024,Neurovascular Intervention,Microcatheters,TC006,2.0,1,146,0.95,2,0.5,CM_100048,FD_200048
Southern Europe,IT,Southern Europe,IT,Southern Europe,100048,100048,Policlinico Palermo,University Hospital,200048,FD Policlinico Palermo,2024,Neurovascular Intervention,Guide Wires,TC002,2.0,1,146,0.9,2,0.5,CM_100048,FD_200048
Southern Europe,ES,Southern Europe,ES,Southern Europe,100049,100049,Hospital Universitario Madrid,University Hospital,200049,FD Hospital Universitario Madrid,2024,Electrophysiology,Diagnostic Catheters,TC005,3.0,1,820,0.8,2,0.5,CM_100049,FD_200049
Southern Europe,ES,Southern Europe,ES,Southern Europe,100049,100049,Hospital Universitario Madrid,University Hospital,200049,FD Hospital Universitario Madrid,2024,Electrophysiology,Introducer Sheaths,TC007,1.0,1,820,0.75,2,0.5,CM_100049,FD_200049
Southern Europe,ES,Southern Europe,ES,Southern Europe,100049,100049,Hospital Universitario Madrid,University Hospital,200049,FD Hospital Universitario Madrid,2024,PCI - Coronary,Guiding Catheters,TC001,1.2,1,658,0.95,7,0.1429,CM_100049,FD_200049
Southern Europe,ES,Southern Europe,ES,Southern Europe,100049,100049,Hospital Universitario Madrid,University Hospital,200049,FD Hospital Universitario Madrid,2024,PCI - Coronary,Guide Wires,TC002,2.0,1,658,0.98,7,0.1429,CM_100049,FD_200049
Southern Europe,ES,Southern Europe,ES,Southern Europe,100049,100049,Hospital Universitario Madrid,University Hospital,200049,FD Hospital Universitario Madrid,2024,PCI - Coronary,PTCA Balloon Catheters,TC003,1.5,1,658,0.85,7,0.1429,CM_100049,FD_200049
Southern Europe,ES,Southern Europe,ES,Southern Europe,100049,100049,Hospital Universitario Madrid,University Hospital,200049,FD Hospital Universitario Madrid,2024,PCI - Coronary,Drug-Eluting Stents,TC004,1.3,1,658,0.7,7,0.1429,CM_100049,FD_200049
Southern Europe,ES,Southern Europe,ES,Southern Europe,100049,100049,Hospital Universitario Madrid,University Hospital,200049,FD Hospital Universitario Madrid,2024,PCI - Coronary,Inflation Devices,TC009,1.0,1,658,0.9,7,0.1429,CM_100049,FD_200049
Southern Europe,ES,Southern Europe,ES,Southern Europe,100049,100049,Hospital Universitario Madrid,University Hospital,200049,FD Hospital Universitario Madrid,2024,PCI - Coronary,Hemostasis Valves,TC008,1.0,1,658,0.8,7,0.1429,CM_100049,FD_200049
Southern Europe,ES,Southern Europe,ES,Southern Europe,100049,100049,Hospital Universitario Madrid,University Hospital,200049,FD Hospital Universitario Madrid,2024,PCI - Coronary,Radial Access Kits,TC010,1.0,1,658,0.6,7,0.1429,CM_100049,FD_200049
Southern Europe,ES,Southern Europe,ES,Southern Europe,100049,100049,Hospital Universitario Madrid,University Hospital,200049,FD Hospital Universitario Madrid,2024,Structural Heart,Introducer Sheaths,TC007,2.0,1,510,0.85,2,0.5,CM_100049,FD_200049
Southern Europe,ES,Southern Europe,ES,Southern Europe,100049,100049,Hospital Universitario Madrid,University Hospital,200049,FD Hospital Universitario Madrid,2024,Structural Heart,Guide Wires,TC002,1.0,1,510,0.7,2,0.5,CM_100049,FD_200049
Southern Europe,ES,Southern Europe,ES,Southern Europe,100049,100049,Hospital Universitario Madrid,University Hospital,200049,FD Hospital Universitario Madrid,2024,Diagnostic Angiography,Diagnostic Catheters,TC005,2.0,1,453,0.95,5,0.2,CM_100049,FD_200049
Southern Europe,ES,Southern Europe,ES,Southern Europe,100049,100049,Hospital Universitario Madrid,University Hospital,200049,FD Hospital Universitario Madrid,2024,Diagnostic Angiography,Guide Wires,TC002,1.5,1,453,0.9,5,0.2,CM_100049,FD_200049
Southern Europe,ES,Southern Europe,ES,Southern Europe,100049,100049,Hospital Universitario Madrid,University Hospital,200049,FD Hospital Universitario Madrid,2024,Diagnostic Angiography,Introducer Sheaths,TC007,1.0,1,453,0.85,5,0.2,CM_100049,FD_200049
Southern Europe,ES,Southern Europe,ES,Southern Europe,100049,100049,Hospital Universitario Madrid,University Hospital,200049,FD Hospital Universitario Madrid,2024,Diagnostic Angiography,Hemostasis Valves,TC008,1.0,1,453,0.7,5,0.2,CM_100049,FD_200049
Southern Europe,ES,Southern Europe,ES,Southern Europe,100049,100049,Hospital Universitario Madrid,University Hospital,200049,FD Hospital Universitario Madrid,2024,Diagnostic Angiography,Radial Access Kits,TC010,1.0,1,453,0.5,5,0.2,CM_100049,FD_200049
Southern Europe,ES,Southern Europe,ES,Southern Europe,100049,100049,Hospital Universitario Madrid,University Hospital,200049,FD Hospital Universitario Madrid,2024,Neurovascular Intervention,Microcatheters,TC006,2.0,1,583,0.95,2,0.5,CM_100049,FD_200049
Southern Europe,ES,Southern Europe,ES,Southern Europe,100049,100049,Hospital Universitario Madrid,University Hospital,200049,FD Hospital Universitario Madrid,2024,Neurovascular Intervention,Guide Wires,TC002,2.0,1,583,0.9,2,0.5,CM_100049,FD_200049
Southern Europe,ES,Southern Europe,ES,Southern Europe,100049,100049,Hospital Universitario Madrid,University Hospital,200049,FD Hospital Universitario Madrid,2024,PCI - Complex,Guiding Catheters,TC001,1.5,1,440,0.98,5,0.2,CM_100049,FD_200049
Southern Europe,ES,Southern Europe,ES,Southern Europe,100049,100049,Hospital Universitario Madrid,University Hospital,200049,FD Hospital Universitario Madrid,2024,PCI - Complex,Guide Wires,TC002,3.0,1,440,0.99,5,0.2,CM_100049,FD_200049
Southern Europe,ES,Southern Europe,ES,Southern Europe,100049,100049,Hospital Universitario Madrid,University Hospital,200049,FD Hospital Universitario Madrid,2024,PCI - Complex,PTCA Balloon Catheters,TC003,2.0,1,440,0.9,5,0.2,CM_100049,FD_200049
Southern Europe,ES,Southern Europe,ES,Southern Europe,100049,100049,Hospital Universitario Madrid,University Hospital,200049,FD Hospital Universitario Madrid,2024,PCI - Complex,Drug-Eluting Stents,TC004,2.0,1,440,0.8,5,0.2,CM_100049,FD_200049
Southern Europe,ES,Southern Europe,ES,Southern Europe,100049,100049,Hospital Universitario Madrid,University Hospital,200049,FD Hospital Universitario Madrid,2024,PCI - Complex,Microcatheters,TC006,1.0,1,440,0.65,5,0.2,CM_100049,FD_200049
Southern Europe,ES,Southern Europe,ES,Southern Europe,100050,100050,Clínica Barcelona,Private Clinic,200050,FD Clínica Barcelona,2024,Diagnostic Angiography,Diagnostic Catheters,TC005,2.0,1,165,0.95,5,0.2,CM_100050,FD_200050
Southern Europe,ES,Southern Europe,ES,Southern Europe,100050,100050,Clínica Barcelona,Private Clinic,200050,FD Clínica Barcelona,2024,Diagnostic Angiography,Guide Wires,TC002,1.5,1,165,0.9,5,0.2,CM_100050,FD_200050
Southern Europe,ES,Southern Europe,ES,Southern Europe,100050,100050,Clínica Barcelona,Private Clinic,200050,FD Clínica Barcelona,2024,Diagnostic Angiography,Introducer Sheaths,TC007,1.0,1,165,0.85,5,0.2,CM_100050,FD_200050
Southern Europe,ES,Southern Europe,ES,Southern Europe,100050,100050,Clínica Barcelona,Private Clinic,200050,FD Clínica Barcelona,2024,Diagnostic Angiography,Hemostasis Valves,TC008,1.0,1,165,0.7,5,0.2,CM_100050,FD_200050
Southern Europe,ES,Southern Europe,ES,Southern Europe,100050,100050,Clínica Barcelona,Private Clinic,200050,FD Clínica Barcelona,2024,Diagnostic Angiography,Radial Access Kits,TC010,1.0,1,165,0.5,5,0.2,CM_100050,FD_200050
Southern Europe,ES,Southern Europe,ES,Southern Europe,100050,100050,Clínica Barcelona,Private Clinic,200050,FD Clínica Barcelona,2024,Electrophysiology,Diagnostic Catheters,TC005,3.0,1,214,0.8,2,0.5,CM_100050,FD_200050
Southern Europe,ES,Southern Europe,ES,Southern Europe,100050,100050,Clínica Barcelona,Private Clinic,200050,FD Clínica Barcelona,2024,Electrophysiology,Introducer Sheaths,TC007,1.0,1,214,0.75,2,0.5,CM_100050,FD_200050
Southern Europe,ES,Southern Europe,ES,Southern Europe,100050,100050,Clínica Barcelona,Private Clinic,200050,FD Clínica Barcelona,2024,Peripheral Intervention,Guide Wires,TC002,2.5,1,212,0.9,3,0.3333,CM_100050,FD_200050
Southern Europe,ES,Southern Europe,ES,Southern Europe,100050,100050,Clínica Barcelona,Private Clinic,200050,FD Clínica Barcelona,2024,Peripheral Intervention,Introducer Sheaths,TC007,1.5,1,212,0.8,3,0.3333,CM_100050,FD_200050
Southern Europe,ES,Southern Europe,ES,Southern Europe,100050,100050,Clínica Barcelona,Private Clinic,200050,FD Clínica Barcelona,2024,Peripheral Intervention,PTCA Balloon Catheters,TC003,1.0,1,212,0.6,3,0.3333,CM_100050,FD_200050
Southern Europe,ES,Southern Europe,ES,Southern Europe,100050,100050,Clínica Barcelona,Private Clinic,200050,FD Clínica Barcelona,2024,Structural Heart,Introducer Sheaths,TC007,2.0,1,245,0.85,2,0.5,CM_100050,FD_200050
Southern Europe,ES,Southern Europe,ES,Southern Europe,100050,100050,Clínica Barcelona,Private Clinic,200050,FD Clínica Barcelona,2024,Structural Heart,Guide Wires,TC002,1.0,1,245,0.7,2,0.5,CM_100050,FD_200050
Southern Europe,ES,Southern Europe,ES,Southern Europe,100050,100050,Clínica Barcelona,Private Clinic,200050,FD Clínica Barcelona,2024,PCI - Complex,Guiding Catheters,TC001,1.5,1,240,0.98,5,0.2,CM_100050,FD_200050
Southern Europe,ES,Southern Europe,ES,Southern Europe,100050,100050,Clínica Barcelona,Private Clinic,200050,FD Clínica Barcelona,2024,PCI - Complex,Guide Wires,TC002,3.0,1,240,0.99,5,0.2,CM_100050,FD_200050
Southern Europe,ES,Southern Europe,ES,Southern Europe,100050,100050,Clínica Barcelona,Private Clinic,200050,FD Clínica Barcelona,2024,PCI - Complex,PTCA Balloon Catheters,TC003,2.0,1,240,0.9,5,0.2,CM_100050,FD_200050
Southern Europe,ES,Southern Europe,ES,Southern Europe,100050,100050,Clínica Barcelona,Private Clinic,200050,FD Clínica Barcelona,2024,PCI - Complex,Drug-Eluting Stents,TC004,2.0,1,240,0.8,5,0.2,CM_100050,FD_200050
Southern Europe,ES,Southern Europe,ES,Southern Europe,100050,100050,Clínica Barcelona,Private Clinic,200050,FD Clínica Barcelona,2024,PCI - Complex,Microcatheters,TC006,1.0,1,240,0.65,5,0.2,CM_100050,FD_200050
Southern Europe,ES,Southern Europe,ES,Southern Europe,100050,100050,Clínica Barcelona,Private Clinic,200050,FD Clínica Barcelona,2024,Neurovascular Intervention,Microcatheters,TC006,2.0,1,183,0.95,2,0.5,CM_100050,FD_200050
Southern Europe,ES,Southern Europe,ES,Southern Europe,100050,100050,Clínica Barcelona,Private Clinic,200050,FD Clínica Barcelona,2024,Neurovascular Intervention,Guide Wires,TC002,2.0,1,183,0.9,2,0.5,CM_100050,FD_200050
Southern Europe,ES,Southern Europe,ES,Southern Europe,100050,100050,Clínica Barcelona,Private Clinic,200050,FD Clínica Barcelona,2024,PCI - Coronary,Guiding Catheters,TC001,1.2,1,134,0.95,7,0.1429,CM_100050,FD_200050
Southern Europe,ES,Southern Europe,ES,Southern Europe,100050,100050,Clínica Barcelona,Private Clinic,200050,FD Clínica Barcelona,2024,PCI - Coronary,Guide Wires,TC002,2.0,1,134,0.98,7,0.1429,CM_100050,FD_200050
Southern Europe,ES,Southern Europe,ES,Southern Europe,100050,100050,Clínica Barcelona,Private Clinic,200050,FD Clínica Barcelona,2024,PCI - Coronary,PTCA Balloon Catheters,TC003,1.5,1,134,0.85,7,0.1429,CM_100050,FD_200050
Southern Europe,ES,Southern Europe,ES,Southern Europe,100050,100050,Clínica Barcelona,Private Clinic,200050,FD Clínica Barcelona,2024,PCI - Coronary,Drug-Eluting Stents,TC004,1.3,1,134,0.7,7,0.1429,CM_100050,FD_200050
Southern Europe,ES,Southern Europe,ES,Southern Europe,100050,100050,Clínica Barcelona,Private Clinic,200050,FD Clínica Barcelona,2024,PCI - Coronary,Inflation Devices,TC009,1.0,1,134,0.9,7,0.1429,CM_100050,FD_200050
Southern Europe,ES,Southern Europe,ES,Southern Europe,100050,100050,Clínica Barcelona,Private Clinic,200050,FD Clínica Barcelona,2024,PCI - Coronary,Hemostasis Valves,TC008,1.0,1,134,0.8,7,0.1429,CM_100050,FD_200050
Southern Europe,ES,Southern Europe,ES,Southern Europe,100050,100050,Clínica Barcelona,Private Clinic,200050,FD Clínica Barcelona,2024,PCI - Coronary,Radial Access Kits,TC010,1.0,1,134,0.6,7,0.1429,CM_100050,FD_200050
Southern Europe,ES,Southern Europe,ES,Southern Europe,100051,100051,Hospital General Valencia,Heart Center,200051,FD Hospital General Valencia,2024,Structural Heart,Introducer Sheaths,TC007,2.0,1,525,0.85,2,0.5,CM_100051,FD_200051
Southern Europe,ES,Southern Europe,ES,Southern Europe,100051,100051,Hospital General Valencia,Heart Center,200051,FD Hospital General Valencia,2024,Structural Heart,Guide Wires,TC002,1.0,1,525,0.7,2,0.5,CM_100051,FD_200051
Southern Europe,ES,Southern Europe,ES,Southern Europe,100051,100051,Hospital General Valencia,Heart Center,200051,FD Hospital General Valencia,2024,Peripheral Intervention,Guide Wires,TC002,2.5,1,272,0.9,3,0.3333,CM_100051,FD_200051
Southern Europe,ES,Southern Europe,ES,Southern Europe,100051,100051,Hospital General Valencia,Heart Center,200051,FD Hospital General Valencia,2024,Peripheral Intervention,Introducer Sheaths,TC007,1.5,1,272,0.8,3,0.3333,CM_100051,FD_200051
Southern Europe,ES,Southern Europe,ES,Southern Europe,100051,100051,Hospital General Valencia,Heart Center,200051,FD Hospital General Valencia,2024,Peripheral Intervention,PTCA Balloon Catheters,TC003,1.0,1,272,0.6,3,0.3333,CM_100051,FD_200051
Southern Europe,ES,Southern Europe,ES,Southern Europe,100051,100051,Hospital General Valencia,Heart Center,200051,FD Hospital General Valencia,2024,Diagnostic Angiography,Diagnostic Catheters,TC005,2.0,1,267,0.95,5,0.2,CM_100051,FD_200051
Southern Europe,ES,Southern Europe,ES,Southern Europe,100051,100051,Hospital General Valencia,Heart Center,200051,FD Hospital General Valencia,2024,Diagnostic Angiography,Guide Wires,TC002,1.5,1,267,0.9,5,0.2,CM_100051,FD_200051
Southern Europe,ES,Southern Europe,ES,Southern Europe,100051,100051,Hospital General Valencia,Heart Center,200051,FD Hospital General Valencia,2024,Diagnostic Angiography,Introducer Sheaths,TC007,1.0,1,267,0.85,5,0.2,CM_100051,FD_200051
Southern Europe,ES,Southern Europe,ES,Southern Europe,100051,100051,Hospital General Valencia,Heart Center,200051,FD Hospital General Valencia,2024,Diagnostic Angiography,Hemostasis Valves,TC008,1.0,1,267,0.7,5,0.2,CM_100051,FD_200051
Southern Europe,ES,Southern Europe,ES,Southern Europe,100051,100051,Hospital General Valencia,Heart Center,200051,FD Hospital General Valencia,2024,Diagnostic Angiography,Radial Access Kits,TC010,1.0,1,267,0.5,5,0.2,CM_100051,FD_200051
Southern Europe,ES,Southern Europe,ES,Southern Europe,100051,100051,Hospital General Valencia,Heart Center,200051,FD Hospital General Valencia,2024,Neurovascular Intervention,Microcatheters,TC006,2.0,1,408,0.95,2,0.5,CM_100051,FD_200051
Southern Europe,ES,Southern Europe,ES,Southern Europe,100051,100051,Hospital General Valencia,Heart Center,200051,FD Hospital General Valencia,2024,Neurovascular Intervention,Guide Wires,TC002,2.0,1,408,0.9,2,0.5,CM_100051,FD_200051
Southern Europe,ES,Southern Europe,ES,Southern Europe,100052,100052,Centro Médico Seville,Private Clinic,200052,FD Centro Médico Seville,2024,PCI - Coronary,Guiding Catheters,TC001,1.2,1,338,0.95,7,0.1429,CM_100052,FD_200052
Southern Europe,ES,Southern Europe,ES,Southern Europe,100052,100052,Centro Médico Seville,Private Clinic,200052,FD Centro Médico Seville,2024,PCI - Coronary,Guide Wires,TC002,2.0,1,338,0.98,7,0.1429,CM_100052,FD_200052
Southern Europe,ES,Southern Europe,ES,Southern Europe,100052,100052,Centro Médico Seville,Private Clinic,200052,FD Centro Médico Seville,2024,PCI - Coronary,PTCA Balloon Catheters,TC003,1.5,1,338,0.85,7,0.1429,CM_100052,FD_200052
Southern Europe,ES,Southern Europe,ES,Southern Europe,100052,100052,Centro Médico Seville,Private Clinic,200052,FD Centro Médico Seville,2024,PCI - Coronary,Drug-Eluting Stents,TC004,1.3,1,338,0.7,7,0.1429,CM_100052,FD_200052
Southern Europe,ES,Southern Europe,ES,Southern Europe,100052,100052,Centro Médico Seville,Private Clinic,200052,FD Centro Médico Seville,2024,PCI - Coronary,Inflation Devices,TC009,1.0,1,338,0.9,7,0.1429,CM_100052,FD_200052
Southern Europe,ES,Southern Europe,ES,Southern Europe,100052,100052,Centro Médico Seville,Private Clinic,200052,FD Centro Médico Seville,2024,PCI - Coronary,Hemostasis Valves,TC008,1.0,1,338,0.8,7,0.1429,CM_100052,FD_200052
Southern Europe,ES,Southern Europe,ES,Southern Europe,100052,100052,Centro Médico Seville,Private Clinic,200052,FD Centro Médico Seville,2024,PCI - Coronary,Radial Access Kits,TC010,1.0,1,338,0.6,7,0.1429,CM_100052,FD_200052
Southern Europe,ES,Southern Europe,ES,Southern Europe,100052,100052,Centro Médico Seville,Private Clinic,200052,FD Centro Médico Seville,2024,Structural Heart,Introducer Sheaths,TC007,2.0,1,311,0.85,2,0.5,CM_100052,FD_200052
Southern Europe,ES,Southern Europe,ES,Southern Europe,100052,100052,Centro Médico Seville,Private Clinic,200052,FD Centro Médico Seville,2024,Structural Heart,Guide Wires,TC002,1.0,1,311,0.7,2,0.5,CM_100052,FD_200052
Southern Europe,ES,Southern Europe,ES,Southern Europe,100052,100052,Centro Médico Seville,Private Clinic,200052,FD Centro Médico Seville,2024,Neurovascular Intervention,Microcatheters,TC006,2.0,1,224,0.95,2,0.5,CM_100052,FD_200052
Southern Europe,ES,Southern Europe,ES,Southern Europe,100052,100052,Centro Médico Seville,Private Clinic,200052,FD Centro Médico Seville,2024,Neurovascular Intervention,Guide Wires,TC002,2.0,1,224,0.9,2,0.5,CM_100052,FD_200052
Southern Europe,ES,Southern Europe,ES,Southern Europe,100052,100052,Centro Médico Seville,Private Clinic,200052,FD Centro Médico Seville,2024,PCI - Complex,Guiding Catheters,TC001,1.5,1,578,0.98,5,0.2,CM_100052,FD_200052
Southern Europe,ES,Southern Europe,ES,Southern Europe,100052,100052,Centro Médico Seville,Private Clinic,200052,FD Centro Médico Seville,2024,PCI - Complex,Guide Wires,TC002,3.0,1,578,0.99,5,0.2,CM_100052,FD_200052
Southern Europe,ES,Southern Europe,ES,Southern Europe,100052,100052,Centro Médico Seville,Private Clinic,200052,FD Centro Médico Seville,2024,PCI - Complex,PTCA Balloon Catheters,TC003,2.0,1,578,0.9,5,0.2,CM_100052,FD_200052
Southern Europe,ES,Southern Europe,ES,Southern Europe,100052,100052,Centro Médico Seville,Private Clinic,200052,FD Centro Médico Seville,2024,PCI - Complex,Drug-Eluting Stents,TC004,2.0,1,578,0.8,5,0.2,CM_100052,FD_200052
Southern Europe,ES,Southern Europe,ES,Southern Europe,100052,100052,Centro Médico Seville,Private Clinic,200052,FD Centro Médico Seville,2024,PCI - Complex,Microcatheters,TC006,1.0,1,578,0.65,5,0.2,CM_100052,FD_200052
Southern Europe,ES,Southern Europe,ES,Southern Europe,100052,100052,Centro Médico Seville,Private Clinic,200052,FD Centro Médico Seville,2024,Peripheral Intervention,Guide Wires,TC002,2.5,1,170,0.9,3,0.3333,CM_100052,FD_200052
Southern Europe,ES,Southern Europe,ES,Southern Europe,100052,100052,Centro Médico Seville,Private Clinic,200052,FD Centro Médico Seville,2024,Peripheral Intervention,Introducer Sheaths,TC007,1.5,1,170,0.8,3,0.3333,CM_100052,FD_200052
Southern Europe,ES,Southern Europe,ES,Southern Europe,100052,100052,Centro Médico Seville,Private Clinic,200052,FD Centro Médico Seville,2024,Peripheral Intervention,PTCA Balloon Catheters,TC003,1.0,1,170,0.6,3,0.3333,CM_100052,FD_200052
Southern Europe,ES,Southern Europe,ES,Southern Europe,100053,100053,Hospital Clínic Bilbao,Heart Center,200053,FD Hospital Clínic Bilbao,2024,Electrophysiology,Diagnostic Catheters,TC005,3.0,1,147,0.8,2,0.5,CM_100053,FD_200053
Southern Europe,ES,Southern Europe,ES,Southern Europe,100053,100053,Hospital Clínic Bilbao,Heart Center,200053,FD Hospital Clínic Bilbao,2024,Electrophysiology,Introducer Sheaths,TC007,1.0,1,147,0.75,2,0.5,CM_100053,FD_200053
Southern Europe,ES,Southern Europe,ES,Southern Europe,100053,100053,Hospital Clínic Bilbao,Heart Center,200053,FD Hospital Clínic Bilbao,2024,PCI - Coronary,Guiding Catheters,TC001,1.2,1,270,0.95,7,0.1429,CM_100053,FD_200053
Southern Europe,ES,Southern Europe,ES,Southern Europe,100053,100053,Hospital Clínic Bilbao,Heart Center,200053,FD Hospital Clínic Bilbao,2024,PCI - Coronary,Guide Wires,TC002,2.0,1,270,0.98,7,0.1429,CM_100053,FD_200053
Southern Europe,ES,Southern Europe,ES,Southern Europe,100053,100053,Hospital Clínic Bilbao,Heart Center,200053,FD Hospital Clínic Bilbao,2024,PCI - Coronary,PTCA Balloon Catheters,TC003,1.5,1,270,0.85,7,0.1429,CM_100053,FD_200053
Southern Europe,ES,Southern Europe,ES,Southern Europe,100053,100053,Hospital Clínic Bilbao,Heart Center,200053,FD Hospital Clínic Bilbao,2024,PCI - Coronary,Drug-Eluting Stents,TC004,1.3,1,270,0.7,7,0.1429,CM_100053,FD_200053
Southern Europe,ES,Southern Europe,ES,Southern Europe,100053,100053,Hospital Clínic Bilbao,Heart Center,200053,FD Hospital Clínic Bilbao,2024,PCI - Coronary,Inflation Devices,TC009,1.0,1,270,0.9,7,0.1429,CM_100053,FD_200053
Southern Europe,ES,Southern Europe,ES,Southern Europe,100053,100053,Hospital Clínic Bilbao,Heart Center,200053,FD Hospital Clínic Bilbao,2024,PCI - Coronary,Hemostasis Valves,TC008,1.0,1,270,0.8,7,0.1429,CM_100053,FD_200053
Southern Europe,ES,Southern Europe,ES,Southern Europe,100053,100053,Hospital Clínic Bilbao,Heart Center,200053,FD Hospital Clínic Bilbao,2024,PCI - Coronary,Radial Access Kits,TC010,1.0,1,270,0.6,7,0.1429,CM_100053,FD_200053
Southern Europe,ES,Southern Europe,ES,Southern Europe,100053,100053,Hospital Clínic Bilbao,Heart Center,200053,FD Hospital Clínic Bilbao,2024,Neurovascular Intervention,Microcatheters,TC006,2.0,1,433,0.95,2,0.5,CM_100053,FD_200053
Southern Europe,ES,Southern Europe,ES,Southern Europe,100053,100053,Hospital Clínic Bilbao,Heart Center,200053,FD Hospital Clínic Bilbao,2024,Neurovascular Intervention,Guide Wires,TC002,2.0,1,433,0.9,2,0.5,CM_100053,FD_200053
Southern Europe,ES,Southern Europe,ES,Southern Europe,100054,100054,Hospital Universitario Malaga,University Hospital,200054,FD Hospital Universitario Malaga,2024,PCI - Complex,Guiding Catheters,TC001,1.5,1,882,0.98,5,0.2,CM_100054,FD_200054
Southern Europe,ES,Southern Europe,ES,Southern Europe,100054,100054,Hospital Universitario Malaga,University Hospital,200054,FD Hospital Universitario Malaga,2024,PCI - Complex,Guide Wires,TC002,3.0,1,882,0.99,5,0.2,CM_100054,FD_200054
Southern Europe,ES,Southern Europe,ES,Southern Europe,100054,100054,Hospital Universitario Malaga,University Hospital,200054,FD Hospital Universitario Malaga,2024,PCI - Complex,PTCA Balloon Catheters,TC003,2.0,1,882,0.9,5,0.2,CM_100054,FD_200054
Southern Europe,ES,Southern Europe,ES,Southern Europe,100054,100054,Hospital Universitario Malaga,University Hospital,200054,FD Hospital Universitario Malaga,2024,PCI - Complex,Drug-Eluting Stents,TC004,2.0,1,882,0.8,5,0.2,CM_100054,FD_200054
Southern Europe,ES,Southern Europe,ES,Southern Europe,100054,100054,Hospital Universitario Malaga,University Hospital,200054,FD Hospital Universitario Malaga,2024,PCI - Complex,Microcatheters,TC006,1.0,1,882,0.65,5,0.2,CM_100054,FD_200054
Southern Europe,ES,Southern Europe,ES,Southern Europe,100054,100054,Hospital Universitario Malaga,University Hospital,200054,FD Hospital Universitario Malaga,2024,PCI - Coronary,Guiding Catheters,TC001,1.2,1,477,0.95,7,0.1429,CM_100054,FD_200054
Southern Europe,ES,Southern Europe,ES,Southern Europe,100054,100054,Hospital Universitario Malaga,University Hospital,200054,FD Hospital Universitario Malaga,2024,PCI - Coronary,Guide Wires,TC002,2.0,1,477,0.98,7,0.1429,CM_100054,FD_200054
Southern Europe,ES,Southern Europe,ES,Southern Europe,100054,100054,Hospital Universitario Malaga,University Hospital,200054,FD Hospital Universitario Malaga,2024,PCI - Coronary,PTCA Balloon Catheters,TC003,1.5,1,477,0.85,7,0.1429,CM_100054,FD_200054
Southern Europe,ES,Southern Europe,ES,Southern Europe,100054,100054,Hospital Universitario Malaga,University Hospital,200054,FD Hospital Universitario Malaga,2024,PCI - Coronary,Drug-Eluting Stents,TC004,1.3,1,477,0.7,7,0.1429,CM_100054,FD_200054
Southern Europe,ES,Southern Europe,ES,Southern Europe,100054,100054,Hospital Universitario Malaga,University Hospital,200054,FD Hospital Universitario Malaga,2024,PCI - Coronary,Inflation Devices,TC009,1.0,1,477,0.9,7,0.1429,CM_100054,FD_200054
Southern Europe,ES,Southern Europe,ES,Southern Europe,100054,100054,Hospital Universitario Malaga,University Hospital,200054,FD Hospital Universitario Malaga,2024,PCI - Coronary,Hemostasis Valves,TC008,1.0,1,477,0.8,7,0.1429,CM_100054,FD_200054
Southern Europe,ES,Southern Europe,ES,Southern Europe,100054,100054,Hospital Universitario Malaga,University Hospital,200054,FD Hospital Universitario Malaga,2024,PCI - Coronary,Radial Access Kits,TC010,1.0,1,477,0.6,7,0.1429,CM_100054,FD_200054
Southern Europe,ES,Southern Europe,ES,Southern Europe,100054,100054,Hospital Universitario Malaga,University Hospital,200054,FD Hospital Universitario Malaga,2024,Diagnostic Angiography,Diagnostic Catheters,TC005,2.0,1,1127,0.95,5,0.2,CM_100054,FD_200054
Southern Europe,ES,Southern Europe,ES,Southern Europe,100054,100054,Hospital Universitario Malaga,University Hospital,200054,FD Hospital Universitario Malaga,2024,Diagnostic Angiography,Guide Wires,TC002,1.5,1,1127,0.9,5,0.2,CM_100054,FD_200054
Southern Europe,ES,Southern Europe,ES,Southern Europe,100054,100054,Hospital Universitario Malaga,University Hospital,200054,FD Hospital Universitario Malaga,2024,Diagnostic Angiography,Introducer Sheaths,TC007,1.0,1,1127,0.85,5,0.2,CM_100054,FD_200054
Southern Europe,ES,Southern Europe,ES,Southern Europe,100054,100054,Hospital Universitario Malaga,University Hospital,200054,FD Hospital Universitario Malaga,2024,Diagnostic Angiography,Hemostasis Valves,TC008,1.0,1,1127,0.7,5,0.2,CM_100054,FD_200054
Southern Europe,ES,Southern Europe,ES,Southern Europe,100054,100054,Hospital Universitario Malaga,University Hospital,200054,FD Hospital Universitario Malaga,2024,Diagnostic Angiography,Radial Access Kits,TC010,1.0,1,1127,0.5,5,0.2,CM_100054,FD_200054
Southern Europe,ES,Southern Europe,ES,Southern Europe,100054,100054,Hospital Universitario Malaga,University Hospital,200054,FD Hospital Universitario Malaga,2024,Peripheral Intervention,Guide Wires,TC002,2.5,1,939,0.9,3,0.3333,CM_100054,FD_200054
Southern Europe,ES,Southern Europe,ES,Southern Europe,100054,100054,Hospital Universitario Malaga,University Hospital,200054,FD Hospital Universitario Malaga,2024,Peripheral Intervention,Introducer Sheaths,TC007,1.5,1,939,0.8,3,0.3333,CM_100054,FD_200054
Southern Europe,ES,Southern Europe,ES,Southern Europe,100054,100054,Hospital Universitario Malaga,University Hospital,200054,FD Hospital Universitario Malaga,2024,Peripheral Intervention,PTCA Balloon Catheters,TC003,1.0,1,939,0.6,3,0.3333,CM_100054,FD_200054
Southern Europe,ES,Southern Europe,ES,Southern Europe,100054,100054,Hospital Universitario Malaga,University Hospital,200054,FD Hospital Universitario Malaga,2024,Structural Heart,Introducer Sheaths,TC007,2.0,1,910,0.85,2,0.5,CM_100054,FD_200054
Southern Europe,ES,Southern Europe,ES,Southern Europe,100054,100054,Hospital Universitario Malaga,University Hospital,200054,FD Hospital Universitario Malaga,2024,Structural Heart,Guide Wires,TC002,1.0,1,910,0.7,2,0.5,CM_100054,FD_200054
Southern Europe,ES,Southern Europe,ES,Southern Europe,100055,100055,Clínica Zaragoza,Private Clinic,200055,FD Clínica Zaragoza,2024,Diagnostic Angiography,Diagnostic Catheters,TC005,2.0,1,193,0.95,5,0.2,CM_100055,FD_200055
Southern Europe,ES,Southern Europe,ES,Southern Europe,100055,100055,Clínica Zaragoza,Private Clinic,200055,FD Clínica Zaragoza,2024,Diagnostic Angiography,Guide Wires,TC002,1.5,1,193,0.9,5,0.2,CM_100055,FD_200055
Southern Europe,ES,Southern Europe,ES,Southern Europe,100055,100055,Clínica Zaragoza,Private Clinic,200055,FD Clínica Zaragoza,2024,Diagnostic Angiography,Introducer Sheaths,TC007,1.0,1,193,0.85,5,0.2,CM_100055,FD_200055
Southern Europe,ES,Southern Europe,ES,Southern Europe,100055,100055,Clínica Zaragoza,Private Clinic,200055,FD Clínica Zaragoza,2024,Diagnostic Angiography,Hemostasis Valves,TC008,1.0,1,193,0.7,5,0.2,CM_100055,FD_200055
Southern Europe,ES,Southern Europe,ES,Southern Europe,100055,100055,Clínica Zaragoza,Private Clinic,200055,FD Clínica Zaragoza,2024,Diagnostic Angiography,Radial Access Kits,TC010,1.0,1,193,0.5,5,0.2,CM_100055,FD_200055
Southern Europe,ES,Southern Europe,ES,Southern Europe,100055,100055,Clínica Zaragoza,Private Clinic,200055,FD Clínica Zaragoza,2024,PCI - Coronary,Guiding Catheters,TC001,1.2,1,191,0.95,7,0.1429,CM_100055,FD_200055
Southern Europe,ES,Southern Europe,ES,Southern Europe,100055,100055,Clínica Zaragoza,Private Clinic,200055,FD Clínica Zaragoza,2024,PCI - Coronary,Guide Wires,TC002,2.0,1,191,0.98,7,0.1429,CM_100055,FD_200055
Southern Europe,ES,Southern Europe,ES,Southern Europe,100055,100055,Clínica Zaragoza,Private Clinic,200055,FD Clínica Zaragoza,2024,PCI - Coronary,PTCA Balloon Catheters,TC003,1.5,1,191,0.85,7,0.1429,CM_100055,FD_200055
Southern Europe,ES,Southern Europe,ES,Southern Europe,100055,100055,Clínica Zaragoza,Private Clinic,200055,FD Clínica Zaragoza,2024,PCI - Coronary,Drug-Eluting Stents,TC004,1.3,1,191,0.7,7,0.1429,CM_100055,FD_200055
Southern Europe,ES,Southern Europe,ES,Southern Europe,100055,100055,Clínica Zaragoza,Private Clinic,200055,FD Clínica Zaragoza,2024,PCI - Coronary,Inflation Devices,TC009,1.0,1,191,0.9,7,0.1429,CM_100055,FD_200055
Southern Europe,ES,Southern Europe,ES,Southern Europe,100055,100055,Clínica Zaragoza,Private Clinic,200055,FD Clínica Zaragoza,2024,PCI - Coronary,Hemostasis Valves,TC008,1.0,1,191,0.8,7,0.1429,CM_100055,FD_200055
Southern Europe,ES,Southern Europe,ES,Southern Europe,100055,100055,Clínica Zaragoza,Private Clinic,200055,FD Clínica Zaragoza,2024,PCI - Coronary,Radial Access Kits,TC010,1.0,1,191,0.6,7,0.1429,CM_100055,FD_200055
Southern Europe,ES,Southern Europe,ES,Southern Europe,100055,100055,Clínica Zaragoza,Private Clinic,200055,FD Clínica Zaragoza,2024,PCI - Complex,Guiding Catheters,TC001,1.5,1,110,0.98,5,0.2,CM_100055,FD_200055
Southern Europe,ES,Southern Europe,ES,Southern Europe,100055,100055,Clínica Zaragoza,Private Clinic,200055,FD Clínica Zaragoza,2024,PCI - Complex,Guide Wires,TC002,3.0,1,110,0.99,5,0.2,CM_100055,FD_200055
Southern Europe,ES,Southern Europe,ES,Southern Europe,100055,100055,Clínica Zaragoza,Private Clinic,200055,FD Clínica Zaragoza,2024,PCI - Complex,PTCA Balloon Catheters,TC003,2.0,1,110,0.9,5,0.2,CM_100055,FD_200055
Southern Europe,ES,Southern Europe,ES,Southern Europe,100055,100055,Clínica Zaragoza,Private Clinic,200055,FD Clínica Zaragoza,2024,PCI - Complex,Drug-Eluting Stents,TC004,2.0,1,110,0.8,5,0.2,CM_100055,FD_200055
Southern Europe,ES,Southern Europe,ES,Southern Europe,100055,100055,Clínica Zaragoza,Private Clinic,200055,FD Clínica Zaragoza,2024,PCI - Complex,Microcatheters,TC006,1.0,1,110,0.65,5,0.2,CM_100055,FD_200055
Southern Europe,ES,Southern Europe,ES,Southern Europe,100055,100055,Clínica Zaragoza,Private Clinic,200055,FD Clínica Zaragoza,2024,Structural Heart,Introducer Sheaths,TC007,2.0,1,230,0.85,2,0.5,CM_100055,FD_200055
Southern Europe,ES,Southern Europe,ES,Southern Europe,100055,100055,Clínica Zaragoza,Private Clinic,200055,FD Clínica Zaragoza,2024,Structural Heart,Guide Wires,TC002,1.0,1,230,0.7,2,0.5,CM_100055,FD_200055
Southern Europe,ES,Southern Europe,ES,Southern Europe,100055,100055,Clínica Zaragoza,Private Clinic,200055,FD Clínica Zaragoza,2024,Electrophysiology,Diagnostic Catheters,TC005,3.0,1,147,0.8,2,0.5,CM_100055,FD_200055
Southern Europe,ES,Southern Europe,ES,Southern Europe,100055,100055,Clínica Zaragoza,Private Clinic,200055,FD Clínica Zaragoza,2024,Electrophysiology,Introducer Sheaths,TC007,1.0,1,147,0.75,2,0.5,CM_100055,FD_200055
Southern Europe,ES,Southern Europe,ES,Southern Europe,100055,100055,Clínica Zaragoza,Private Clinic,200055,FD Clínica Zaragoza,2024,Neurovascular Intervention,Microcatheters,TC006,2.0,1,115,0.95,2,0.5,CM_100055,FD_200055
Southern Europe,ES,Southern Europe,ES,Southern Europe,100055,100055,Clínica Zaragoza,Private Clinic,200055,FD Clínica Zaragoza,2024,Neurovascular Intervention,Guide Wires,TC002,2.0,1,115,0.9,2,0.5,CM_100055,FD_200055
Southern Europe,ES,Southern Europe,ES,Southern Europe,100055,100055,Clínica Zaragoza,Private Clinic,200055,FD Clínica Zaragoza,2024,Peripheral Intervention,Guide Wires,TC002,2.5,1,139,0.9,3,0.3333,CM_100055,FD_200055
Southern Europe,ES,Southern Europe,ES,Southern Europe,100055,100055,Clínica Zaragoza,Private Clinic,200055,FD Clínica Zaragoza,2024,Peripheral Intervention,Introducer Sheaths,TC007,1.5,1,139,0.8,3,0.3333,CM_100055,FD_200055
Southern Europe,ES,Southern Europe,ES,Southern Europe,100055,100055,Clínica Zaragoza,Private Clinic,200055,FD Clínica Zaragoza,2024,Peripheral Intervention,PTCA Balloon Catheters,TC003,1.0,1,139,0.6,3,0.3333,CM_100055,FD_200055
Southern Europe,ES,Southern Europe,ES,Southern Europe,100056,100056,Hospital General Murcia,Private Clinic,200056,FD Hospital General Murcia,2024,Neurovascular Intervention,Microcatheters,TC006,2.0,1,262,0.95,2,0.5,CM_100056,FD_200056
Southern Europe,ES,Southern Europe,ES,Southern Europe,100056,100056,Hospital General Murcia,Private Clinic,200056,FD Hospital General Murcia,2024,Neurovascular Intervention,Guide Wires,TC002,2.0,1,262,0.9,2,0.5,CM_100056,FD_200056
Southern Europe,ES,Southern Europe,ES,Southern Europe,100056,100056,Hospital General Murcia,Private Clinic,200056,FD Hospital General Murcia,2024,PCI - Coronary,Guiding Catheters,TC001,1.2,1,240,0.95,7,0.1429,CM_100056,FD_200056
Southern Europe,ES,Southern Europe,ES,Southern Europe,100056,100056,Hospital General Murcia,Private Clinic,200056,FD Hospital General Murcia,2024,PCI - Coronary,Guide Wires,TC002,2.0,1,240,0.98,7,0.1429,CM_100056,FD_200056
Southern Europe,ES,Southern Europe,ES,Southern Europe,100056,100056,Hospital General Murcia,Private Clinic,200056,FD Hospital General Murcia,2024,PCI - Coronary,PTCA Balloon Catheters,TC003,1.5,1,240,0.85,7,0.1429,CM_100056,FD_200056
Southern Europe,ES,Southern Europe,ES,Southern Europe,100056,100056,Hospital General Murcia,Private Clinic,200056,FD Hospital General Murcia,2024,PCI - Coronary,Drug-Eluting Stents,TC004,1.3,1,240,0.7,7,0.1429,CM_100056,FD_200056
Southern Europe,ES,Southern Europe,ES,Southern Europe,100056,100056,Hospital General Murcia,Private Clinic,200056,FD Hospital General Murcia,2024,PCI - Coronary,Inflation Devices,TC009,1.0,1,240,0.9,7,0.1429,CM_100056,FD_200056
Southern Europe,ES,Southern Europe,ES,Southern Europe,100056,100056,Hospital General Murcia,Private Clinic,200056,FD Hospital General Murcia,2024,PCI - Coronary,Hemostasis Valves,TC008,1.0,1,240,0.8,7,0.1429,CM_100056,FD_200056
Southern Europe,ES,Southern Europe,ES,Southern Europe,100056,100056,Hospital General Murcia,Private Clinic,200056,FD Hospital General Murcia,2024,PCI - Coronary,Radial Access Kits,TC010,1.0,1,240,0.6,7,0.1429,CM_100056,FD_200056
Southern Europe,ES,Southern Europe,ES,Southern Europe,100056,100056,Hospital General Murcia,Private Clinic,200056,FD Hospital General Murcia,2024,Electrophysiology,Diagnostic Catheters,TC005,3.0,1,321,0.8,2,0.5,CM_100056,FD_200056
Southern Europe,ES,Southern Europe,ES,Southern Europe,100056,100056,Hospital General Murcia,Private Clinic,200056,FD Hospital General Murcia,2024,Electrophysiology,Introducer Sheaths,TC007,1.0,1,321,0.75,2,0.5,CM_100056,FD_200056
Southern Europe,ES,Southern Europe,ES,Southern Europe,100056,100056,Hospital General Murcia,Private Clinic,200056,FD Hospital General Murcia,2024,Structural Heart,Introducer Sheaths,TC007,2.0,1,342,0.85,2,0.5,CM_100056,FD_200056
Southern Europe,ES,Southern Europe,ES,Southern Europe,100056,100056,Hospital General Murcia,Private Clinic,200056,FD Hospital General Murcia,2024,Structural Heart,Guide Wires,TC002,1.0,1,342,0.7,2,0.5,CM_100056,FD_200056
Southern Europe,ES,Southern Europe,ES,Southern Europe,100056,100056,Hospital General Murcia,Private Clinic,200056,FD Hospital General Murcia,2024,Peripheral Intervention,Guide Wires,TC002,2.5,1,431,0.9,3,0.3333,CM_100056,FD_200056
Southern Europe,ES,Southern Europe,ES,Southern Europe,100056,100056,Hospital General Murcia,Private Clinic,200056,FD Hospital General Murcia,2024,Peripheral Intervention,Introducer Sheaths,TC007,1.5,1,431,0.8,3,0.3333,CM_100056,FD_200056
Southern Europe,ES,Southern Europe,ES,Southern Europe,100056,100056,Hospital General Murcia,Private Clinic,200056,FD Hospital General Murcia,2024,Peripheral Intervention,PTCA Balloon Catheters,TC003,1.0,1,431,0.6,3,0.3333,CM_100056,FD_200056
Southern Europe,ES,Southern Europe,ES,Southern Europe,100056,100056,Hospital General Murcia,Private Clinic,200056,FD Hospital General Murcia,2024,Diagnostic Angiography,Diagnostic Catheters,TC005,2.0,1,302,0.95,5,0.2,CM_100056,FD_200056
Southern Europe,ES,Southern Europe,ES,Southern Europe,100056,100056,Hospital General Murcia,Private Clinic,200056,FD Hospital General Murcia,2024,Diagnostic Angiography,Guide Wires,TC002,1.5,1,302,0.9,5,0.2,CM_100056,FD_200056
Southern Europe,ES,Southern Europe,ES,Southern Europe,100056,100056,Hospital General Murcia,Private Clinic,200056,FD Hospital General Murcia,2024,Diagnostic Angiography,Introducer Sheaths,TC007,1.0,1,302,0.85,5,0.2,CM_100056,FD_200056
Southern Europe,ES,Southern Europe,ES,Southern Europe,100056,100056,Hospital General Murcia,Private Clinic,200056,FD Hospital General Murcia,2024,Diagnostic Angiography,Hemostasis Valves,TC008,1.0,1,302,0.7,5,0.2,CM_100056,FD_200056
Southern Europe,ES,Southern Europe,ES,Southern Europe,100056,100056,Hospital General Murcia,Private Clinic,200056,FD Hospital General Murcia,2024,Diagnostic Angiography,Radial Access Kits,TC010,1.0,1,302,0.5,5,0.2,CM_100056,FD_200056
Southern Europe,ES,Southern Europe,ES,Southern Europe,100056,100056,Hospital General Murcia,Private Clinic,200056,FD Hospital General Murcia,2024,PCI - Complex,Guiding Catheters,TC001,1.5,1,217,0.98,5,0.2,CM_100056,FD_200056
Southern Europe,ES,Southern Europe,ES,Southern Europe,100056,100056,Hospital General Murcia,Private Clinic,200056,FD Hospital General Murcia,2024,PCI - Complex,Guide Wires,TC002,3.0,1,217,0.99,5,0.2,CM_100056,FD_200056
Southern Europe,ES,Southern Europe,ES,Southern Europe,100056,100056,Hospital General Murcia,Private Clinic,200056,FD Hospital General Murcia,2024,PCI - Complex,PTCA Balloon Catheters,TC003,2.0,1,217,0.9,5,0.2,CM_100056,FD_200056
Southern Europe,ES,Southern Europe,ES,Southern Europe,100056,100056,Hospital General Murcia,Private Clinic,200056,FD Hospital General Murcia,2024,PCI - Complex,Drug-Eluting Stents,TC004,2.0,1,217,0.8,5,0.2,CM_100056,FD_200056
Southern Europe,ES,Southern Europe,ES,Southern Europe,100056,100056,Hospital General Murcia,Private Clinic,200056,FD Hospital General Murcia,2024,PCI - Complex,Microcatheters,TC006,1.0,1,217,0.65,5,0.2,CM_100056,FD_200056
Southern Europe,ES,Southern Europe,ES,Southern Europe,100057,100057,Centro Médico Santiago,Private Clinic,200057,FD Centro Médico Santiago,2024,Diagnostic Angiography,Diagnostic Catheters,TC005,2.0,1,244,0.95,5,0.2,CM_100057,FD_200057
Southern Europe,ES,Southern Europe,ES,Southern Europe,100057,100057,Centro Médico Santiago,Private Clinic,200057,FD Centro Médico Santiago,2024,Diagnostic Angiography,Guide Wires,TC002,1.5,1,244,0.9,5,0.2,CM_100057,FD_200057
Southern Europe,ES,Southern Europe,ES,Southern Europe,100057,100057,Centro Médico Santiago,Private Clinic,200057,FD Centro Médico Santiago,2024,Diagnostic Angiography,Introducer Sheaths,TC007,1.0,1,244,0.85,5,0.2,CM_100057,FD_200057
Southern Europe,ES,Southern Europe,ES,Southern Europe,100057,100057,Centro Médico Santiago,Private Clinic,200057,FD Centro Médico Santiago,2024,Diagnostic Angiography,Hemostasis Valves,TC008,1.0,1,244,0.7,5,0.2,CM_100057,FD_200057
Southern Europe,ES,Southern Europe,ES,Southern Europe,100057,100057,Centro Médico Santiago,Private Clinic,200057,FD Centro Médico Santiago,2024,Diagnostic Angiography,Radial Access Kits,TC010,1.0,1,244,0.5,5,0.2,CM_100057,FD_200057
Southern Europe,ES,Southern Europe,ES,Southern Europe,100057,100057,Centro Médico Santiago,Private Clinic,200057,FD Centro Médico Santiago,2024,Structural Heart,Introducer Sheaths,TC007,2.0,1,378,0.85,2,0.5,CM_100057,FD_200057
Southern Europe,ES,Southern Europe,ES,Southern Europe,100057,100057,Centro Médico Santiago,Private Clinic,200057,FD Centro Médico Santiago,2024,Structural Heart,Guide Wires,TC002,1.0,1,378,0.7,2,0.5,CM_100057,FD_200057
Southern Europe,ES,Southern Europe,ES,Southern Europe,100057,100057,Centro Médico Santiago,Private Clinic,200057,FD Centro Médico Santiago,2024,Electrophysiology,Diagnostic Catheters,TC005,3.0,1,337,0.8,2,0.5,CM_100057,FD_200057
Southern Europe,ES,Southern Europe,ES,Southern Europe,100057,100057,Centro Médico Santiago,Private Clinic,200057,FD Centro Médico Santiago,2024,Electrophysiology,Introducer Sheaths,TC007,1.0,1,337,0.75,2,0.5,CM_100057,FD_200057
Southern Europe,ES,Southern Europe,ES,Southern Europe,100057,100057,Centro Médico Santiago,Private Clinic,200057,FD Centro Médico Santiago,2024,Peripheral Intervention,Guide Wires,TC002,2.5,1,280,0.9,3,0.3333,CM_100057,FD_200057
Southern Europe,ES,Southern Europe,ES,Southern Europe,100057,100057,Centro Médico Santiago,Private Clinic,200057,FD Centro Médico Santiago,2024,Peripheral Intervention,Introducer Sheaths,TC007,1.5,1,280,0.8,3,0.3333,CM_100057,FD_200057
Southern Europe,ES,Southern Europe,ES,Southern Europe,100057,100057,Centro Médico Santiago,Private Clinic,200057,FD Centro Médico Santiago,2024,Peripheral Intervention,PTCA Balloon Catheters,TC003,1.0,1,280,0.6,3,0.3333,CM_100057,FD_200057
Southern Europe,ES,Southern Europe,ES,Southern Europe,100058,100058,Hospital Clínic Valladolid,Public Hospital,200058,FD Hospital Clínic Valladolid,2024,Structural Heart,Introducer Sheaths,TC007,2.0,1,511,0.85,2,0.5,CM_100058,FD_200058
Southern Europe,ES,Southern Europe,ES,Southern Europe,100058,100058,Hospital Clínic Valladolid,Public Hospital,200058,FD Hospital Clínic Valladolid,2024,Structural Heart,Guide Wires,TC002,1.0,1,511,0.7,2,0.5,CM_100058,FD_200058
Southern Europe,ES,Southern Europe,ES,Southern Europe,100058,100058,Hospital Clínic Valladolid,Public Hospital,200058,FD Hospital Clínic Valladolid,2024,PCI - Complex,Guiding Catheters,TC001,1.5,1,488,0.98,5,0.2,CM_100058,FD_200058
Southern Europe,ES,Southern Europe,ES,Southern Europe,100058,100058,Hospital Clínic Valladolid,Public Hospital,200058,FD Hospital Clínic Valladolid,2024,PCI - Complex,Guide Wires,TC002,3.0,1,488,0.99,5,0.2,CM_100058,FD_200058
Southern Europe,ES,Southern Europe,ES,Southern Europe,100058,100058,Hospital Clínic Valladolid,Public Hospital,200058,FD Hospital Clínic Valladolid,2024,PCI - Complex,PTCA Balloon Catheters,TC003,2.0,1,488,0.9,5,0.2,CM_100058,FD_200058
Southern Europe,ES,Southern Europe,ES,Southern Europe,100058,100058,Hospital Clínic Valladolid,Public Hospital,200058,FD Hospital Clínic Valladolid,2024,PCI - Complex,Drug-Eluting Stents,TC004,2.0,1,488,0.8,5,0.2,CM_100058,FD_200058
Southern Europe,ES,Southern Europe,ES,Southern Europe,100058,100058,Hospital Clínic Valladolid,Public Hospital,200058,FD Hospital Clínic Valladolid,2024,PCI - Complex,Microcatheters,TC006,1.0,1,488,0.65,5,0.2,CM_100058,FD_200058
Southern Europe,ES,Southern Europe,ES,Southern Europe,100058,100058,Hospital Clínic Valladolid,Public Hospital,200058,FD Hospital Clínic Valladolid,2024,Peripheral Intervention,Guide Wires,TC002,2.5,1,177,0.9,3,0.3333,CM_100058,FD_200058
Southern Europe,ES,Southern Europe,ES,Southern Europe,100058,100058,Hospital Clínic Valladolid,Public Hospital,200058,FD Hospital Clínic Valladolid,2024,Peripheral Intervention,Introducer Sheaths,TC007,1.5,1,177,0.8,3,0.3333,CM_100058,FD_200058
Southern Europe,ES,Southern Europe,ES,Southern Europe,100058,100058,Hospital Clínic Valladolid,Public Hospital,200058,FD Hospital Clínic Valladolid,2024,Peripheral Intervention,PTCA Balloon Catheters,TC003,1.0,1,177,0.6,3,0.3333,CM_100058,FD_200058
Southern Europe,ES,Southern Europe,ES,Southern Europe,100058,100058,Hospital Clínic Valladolid,Public Hospital,200058,FD Hospital Clínic Valladolid,2024,PCI - Coronary,Guiding Catheters,TC001,1.2,1,365,0.95,7,0.1429,CM_100058,FD_200058
Southern Europe,ES,Southern Europe,ES,Southern Europe,100058,100058,Hospital Clínic Valladolid,Public Hospital,200058,FD Hospital Clínic Valladolid,2024,PCI - Coronary,Guide Wires,TC002,2.0,1,365,0.98,7,0.1429,CM_100058,FD_200058
Southern Europe,ES,Southern Europe,ES,Southern Europe,100058,100058,Hospital Clínic Valladolid,Public Hospital,200058,FD Hospital Clínic Valladolid,2024,PCI - Coronary,PTCA Balloon Catheters,TC003,1.5,1,365,0.85,7,0.1429,CM_100058,FD_200058
Southern Europe,ES,Southern Europe,ES,Southern Europe,100058,100058,Hospital Clínic Valladolid,Public Hospital,200058,FD Hospital Clínic Valladolid,2024,PCI - Coronary,Drug-Eluting Stents,TC004,1.3,1,365,0.7,7,0.1429,CM_100058,FD_200058
Southern Europe,ES,Southern Europe,ES,Southern Europe,100058,100058,Hospital Clínic Valladolid,Public Hospital,200058,FD Hospital Clínic Valladolid,2024,PCI - Coronary,Inflation Devices,TC009,1.0,1,365,0.9,7,0.1429,CM_100058,FD_200058
Southern Europe,ES,Southern Europe,ES,Southern Europe,100058,100058,Hospital Clínic Valladolid,Public Hospital,200058,FD Hospital Clínic Valladolid,2024,PCI - Coronary,Hemostasis Valves,TC008,1.0,1,365,0.8,7,0.1429,CM_100058,FD_200058
Southern Europe,ES,Southern Europe,ES,Southern Europe,100058,100058,Hospital Clínic Valladolid,Public Hospital,200058,FD Hospital Clínic Valladolid,2024,PCI - Coronary,Radial Access Kits,TC010,1.0,1,365,0.6,7,0.1429,CM_100058,FD_200058
Southern Europe,ES,Southern Europe,ES,Southern Europe,100058,100058,Hospital Clínic Valladolid,Public Hospital,200058,FD Hospital Clínic Valladolid,2024,Diagnostic Angiography,Diagnostic Catheters,TC005,2.0,1,331,0.95,5,0.2,CM_100058,FD_200058
Southern Europe,ES,Southern Europe,ES,Southern Europe,100058,100058,Hospital Clínic Valladolid,Public Hospital,200058,FD Hospital Clínic Valladolid,2024,Diagnostic Angiography,Guide Wires,TC002,1.5,1,331,0.9,5,0.2,CM_100058,FD_200058
Southern Europe,ES,Southern Europe,ES,Southern Europe,100058,100058,Hospital Clínic Valladolid,Public Hospital,200058,FD Hospital Clínic Valladolid,2024,Diagnostic Angiography,Introducer Sheaths,TC007,1.0,1,331,0.85,5,0.2,CM_100058,FD_200058
Southern Europe,ES,Southern Europe,ES,Southern Europe,100058,100058,Hospital Clínic Valladolid,Public Hospital,200058,FD Hospital Clínic Valladolid,2024,Diagnostic Angiography,Hemostasis Valves,TC008,1.0,1,331,0.7,5,0.2,CM_100058,FD_200058
Southern Europe,ES,Southern Europe,ES,Southern Europe,100058,100058,Hospital Clínic Valladolid,Public Hospital,200058,FD Hospital Clínic Valladolid,2024,Diagnostic Angiography,Radial Access Kits,TC010,1.0,1,331,0.5,5,0.2,CM_100058,FD_200058
Southern Europe,ES,Southern Europe,ES,Southern Europe,100058,100058,Hospital Clínic Valladolid,Public Hospital,200058,FD Hospital Clínic Valladolid,2024,Neurovascular Intervention,Microcatheters,TC006,2.0,1,229,0.95,2,0.5,CM_100058,FD_200058
Southern Europe,ES,Southern Europe,ES,Southern Europe,100058,100058,Hospital Clínic Valladolid,Public Hospital,200058,FD Hospital Clínic Valladolid,2024,Neurovascular Intervention,Guide Wires,TC002,2.0,1,229,0.9,2,0.5,CM_100058,FD_200058
Southern Europe,ES,Southern Europe,ES,Southern Europe,100058,100058,Hospital Clínic Valladolid,Public Hospital,200058,FD Hospital Clínic Valladolid,2024,Electrophysiology,Diagnostic Catheters,TC005,3.0,1,486,0.8,2,0.5,CM_100058,FD_200058
Southern Europe,ES,Southern Europe,ES,Southern Europe,100058,100058,Hospital Clínic Valladolid,Public Hospital,200058,FD Hospital Clínic Valladolid,2024,Electrophysiology,Introducer Sheaths,TC007,1.0,1,486,0.75,2,0.5,CM_100058,FD_200058
Southern Europe,ES,Southern Europe,ES,Southern Europe,100059,100059,Hospital Universitario Salamanca,University Hospital,200059,FD Hospital Universitario Salamanca,2024,Diagnostic Angiography,Diagnostic Catheters,TC005,2.0,1,1080,0.95,5,0.2,CM_100059,FD_200059
Southern Europe,ES,Southern Europe,ES,Southern Europe,100059,100059,Hospital Universitario Salamanca,University Hospital,200059,FD Hospital Universitario Salamanca,2024,Diagnostic Angiography,Guide Wires,TC002,1.5,1,1080,0.9,5,0.2,CM_100059,FD_200059
Southern Europe,ES,Southern Europe,ES,Southern Europe,100059,100059,Hospital Universitario Salamanca,University Hospital,200059,FD Hospital Universitario Salamanca,2024,Diagnostic Angiography,Introducer Sheaths,TC007,1.0,1,1080,0.85,5,0.2,CM_100059,FD_200059
Southern Europe,ES,Southern Europe,ES,Southern Europe,100059,100059,Hospital Universitario Salamanca,University Hospital,200059,FD Hospital Universitario Salamanca,2024,Diagnostic Angiography,Hemostasis Valves,TC008,1.0,1,1080,0.7,5,0.2,CM_100059,FD_200059
Southern Europe,ES,Southern Europe,ES,Southern Europe,100059,100059,Hospital Universitario Salamanca,University Hospital,200059,FD Hospital Universitario Salamanca,2024,Diagnostic Angiography,Radial Access Kits,TC010,1.0,1,1080,0.5,5,0.2,CM_100059,FD_200059
Southern Europe,ES,Southern Europe,ES,Southern Europe,100059,100059,Hospital Universitario Salamanca,University Hospital,200059,FD Hospital Universitario Salamanca,2024,Peripheral Intervention,Guide Wires,TC002,2.5,1,625,0.9,3,0.3333,CM_100059,FD_200059
Southern Europe,ES,Southern Europe,ES,Southern Europe,100059,100059,Hospital Universitario Salamanca,University Hospital,200059,FD Hospital Universitario Salamanca,2024,Peripheral Intervention,Introducer Sheaths,TC007,1.5,1,625,0.8,3,0.3333,CM_100059,FD_200059
Southern Europe,ES,Southern Europe,ES,Southern Europe,100059,100059,Hospital Universitario Salamanca,University Hospital,200059,FD Hospital Universitario Salamanca,2024,Peripheral Intervention,PTCA Balloon Catheters,TC003,1.0,1,625,0.6,3,0.3333,CM_100059,FD_200059
Southern Europe,ES,Southern Europe,ES,Southern Europe,100059,100059,Hospital Universitario Salamanca,University Hospital,200059,FD Hospital Universitario Salamanca,2024,PCI - Coronary,Guiding Catheters,TC001,1.2,1,627,0.95,7,0.1429,CM_100059,FD_200059
Southern Europe,ES,Southern Europe,ES,Southern Europe,100059,100059,Hospital Universitario Salamanca,University Hospital,200059,FD Hospital Universitario Salamanca,2024,PCI - Coronary,Guide Wires,TC002,2.0,1,627,0.98,7,0.1429,CM_100059,FD_200059
Southern Europe,ES,Southern Europe,ES,Southern Europe,100059,100059,Hospital Universitario Salamanca,University Hospital,200059,FD Hospital Universitario Salamanca,2024,PCI - Coronary,PTCA Balloon Catheters,TC003,1.5,1,627,0.85,7,0.1429,CM_100059,FD_200059
Southern Europe,ES,Southern Europe,ES,Southern Europe,100059,100059,Hospital Universitario Salamanca,University Hospital,200059,FD Hospital Universitario Salamanca,2024,PCI - Coronary,Drug-Eluting Stents,TC004,1.3,1,627,0.7,7,0.1429,CM_100059,FD_200059
Southern Europe,ES,Southern Europe,ES,Southern Europe,100059,100059,Hospital Universitario Salamanca,University Hospital,200059,FD Hospital Universitario Salamanca,2024,PCI - Coronary,Inflation Devices,TC009,1.0,1,627,0.9,7,0.1429,CM_100059,FD_200059
Southern Europe,ES,Southern Europe,ES,Southern Europe,100059,100059,Hospital Universitario Salamanca,University Hospital,200059,FD Hospital Universitario Salamanca,2024,PCI - Coronary,Hemostasis Valves,TC008,1.0,1,627,0.8,7,0.1429,CM_100059,FD_200059
Southern Europe,ES,Southern Europe,ES,Southern Europe,100059,100059,Hospital Universitario Salamanca,University Hospital,200059,FD Hospital Universitario Salamanca,2024,PCI - Coronary,Radial Access Kits,TC010,1.0,1,627,0.6,7,0.1429,CM_100059,FD_200059
Southern Europe,ES,Southern Europe,ES,Southern Europe,100059,100059,Hospital Universitario Salamanca,University Hospital,200059,FD Hospital Universitario Salamanca,2024,Structural Heart,Introducer Sheaths,TC007,2.0,1,754,0.85,2,0.5,CM_100059,FD_200059
Southern Europe,ES,Southern Europe,ES,Southern Europe,100059,100059,Hospital Universitario Salamanca,University Hospital,200059,FD Hospital Universitario Salamanca,2024,Structural Heart,Guide Wires,TC002,1.0,1,754,0.7,2,0.5,CM_100059,FD_200059
Southern Europe,ES,Southern Europe,ES,Southern Europe,100059,100059,Hospital Universitario Salamanca,University Hospital,200059,FD Hospital Universitario Salamanca,2024,Electrophysiology,Diagnostic Catheters,TC005,3.0,1,1059,0.8,2,0.5,CM_100059,FD_200059
Southern Europe,ES,Southern Europe,ES,Southern Europe,100059,100059,Hospital Universitario Salamanca,University Hospital,200059,FD Hospital Universitario Salamanca,2024,Electrophysiology,Introducer Sheaths,TC007,1.0,1,1059,0.75,2,0.5,CM_100059,FD_200059
Southern Europe,ES,Southern Europe,ES,Southern Europe,100059,100059,Hospital Universitario Salamanca,University Hospital,200059,FD Hospital Universitario Salamanca,2024,PCI - Complex,Guiding Catheters,TC001,1.5,1,829,0.98,5,0.2,CM_100059,FD_200059
Southern Europe,ES,Southern Europe,ES,Southern Europe,100059,100059,Hospital Universitario Salamanca,University Hospital,200059,FD Hospital Universitario Salamanca,2024,PCI - Complex,Guide Wires,TC002,3.0,1,829,0.99,5,0.2,CM_100059,FD_200059
Southern Europe,ES,Southern Europe,ES,Southern Europe,100059,100059,Hospital Universitario Salamanca,University Hospital,200059,FD Hospital Universitario Salamanca,2024,PCI - Complex,PTCA Balloon Catheters,TC003,2.0,1,829,0.9,5,0.2,CM_100059,FD_200059
Southern Europe,ES,Southern Europe,ES,Southern Europe,100059,100059,Hospital Universitario Salamanca,University Hospital,200059,FD Hospital Universitario Salamanca,2024,PCI - Complex,Drug-Eluting Stents,TC004,2.0,1,829,0.8,5,0.2,CM_100059,FD_200059
Southern Europe,ES,Southern Europe,ES,Southern Europe,100059,100059,Hospital Universitario Salamanca,University Hospital,200059,FD Hospital Universitario Salamanca,2024,PCI - Complex,Microcatheters,TC006,1.0,1,829,0.65,5,0.2,CM_100059,FD_200059
Southern Europe,ES,Southern Europe,ES,Southern Europe,100059,100059,Hospital Universitario Salamanca,University Hospital,200059,FD Hospital Universitario Salamanca,2024,Neurovascular Intervention,Microcatheters,TC006,2.0,1,650,0.95,2,0.5,CM_100059,FD_200059
Southern Europe,ES,Southern Europe,ES,Southern Europe,100059,100059,Hospital Universitario Salamanca,University Hospital,200059,FD Hospital Universitario Salamanca,2024,Neurovascular Intervention,Guide Wires,TC002,2.0,1,650,0.9,2,0.5,CM_100059,FD_200059
Southern Europe,ES,Southern Europe,ES,Southern Europe,100060,100060,Clínica Granada,Private Clinic,200060,FD Clínica Granada,2024,PCI - Complex,Guiding Catheters,TC001,1.5,1,229,0.98,5,0.2,CM_100060,FD_200060
Southern Europe,ES,Southern Europe,ES,Southern Europe,100060,100060,Clínica Granada,Private Clinic,200060,FD Clínica Granada,2024,PCI - Complex,Guide Wires,TC002,3.0,1,229,0.99,5,0.2,CM_100060,FD_200060
Southern Europe,ES,Southern Europe,ES,Southern Europe,100060,100060,Clínica Granada,Private Clinic,200060,FD Clínica Granada,2024,PCI - Complex,PTCA Balloon Catheters,TC003,2.0,1,229,0.9,5,0.2,CM_100060,FD_200060
Southern Europe,ES,Southern Europe,ES,Southern Europe,100060,100060,Clínica Granada,Private Clinic,200060,FD Clínica Granada,2024,PCI - Complex,Drug-Eluting Stents,TC004,2.0,1,229,0.8,5,0.2,CM_100060,FD_200060
Southern Europe,ES,Southern Europe,ES,Southern Europe,100060,100060,Clínica Granada,Private Clinic,200060,FD Clínica Granada,2024,PCI - Complex,Microcatheters,TC006,1.0,1,229,0.65,5,0.2,CM_100060,FD_200060
Southern Europe,ES,Southern Europe,ES,Southern Europe,100060,100060,Clínica Granada,Private Clinic,200060,FD Clínica Granada,2024,Structural Heart,Introducer Sheaths,TC007,2.0,1,167,0.85,2,0.5,CM_100060,FD_200060
Southern Europe,ES,Southern Europe,ES,Southern Europe,100060,100060,Clínica Granada,Private Clinic,200060,FD Clínica Granada,2024,Structural Heart,Guide Wires,TC002,1.0,1,167,0.7,2,0.5,CM_100060,FD_200060
Southern Europe,ES,Southern Europe,ES,Southern Europe,100060,100060,Clínica Granada,Private Clinic,200060,FD Clínica Granada,2024,Neurovascular Intervention,Microcatheters,TC006,2.0,1,172,0.95,2,0.5,CM_100060,FD_200060
Southern Europe,ES,Southern Europe,ES,Southern Europe,100060,100060,Clínica Granada,Private Clinic,200060,FD Clínica Granada,2024,Neurovascular Intervention,Guide Wires,TC002,2.0,1,172,0.9,2,0.5,CM_100060,FD_200060
Western Europe,NL,Western Europe,NL,Western Europe,100061,100061,AMC Amsterdam,Public Hospital,200061,FD AMC Amsterdam,2024,Neurovascular Intervention,Microcatheters,TC006,2.0,1,72,0.95,2,0.5,CM_100061,FD_200061
Western Europe,NL,Western Europe,NL,Western Europe,100061,100061,AMC Amsterdam,Public Hospital,200061,FD AMC Amsterdam,2024,Neurovascular Intervention,Guide Wires,TC002,2.0,1,72,0.9,2,0.5,CM_100061,FD_200061
Western Europe,NL,Western Europe,NL,Western Europe,100061,100061,AMC Amsterdam,Public Hospital,200061,FD AMC Amsterdam,2024,PCI - Coronary,Guiding Catheters,TC001,1.2,1,41,0.95,7,0.1429,CM_100061,FD_200061
Western Europe,NL,Western Europe,NL,Western Europe,100061,100061,AMC Amsterdam,Public Hospital,200061,FD AMC Amsterdam,2024,PCI - Coronary,Guide Wires,TC002,2.0,1,41,0.98,7,0.1429,CM_100061,FD_200061
Western Europe,NL,Western Europe,NL,Western Europe,100061,100061,AMC Amsterdam,Public Hospital,200061,FD AMC Amsterdam,2024,PCI - Coronary,PTCA Balloon Catheters,TC003,1.5,1,41,0.85,7,0.1429,CM_100061,FD_200061
Western Europe,NL,Western Europe,NL,Western Europe,100061,100061,AMC Amsterdam,Public Hospital,200061,FD AMC Amsterdam,2024,PCI - Coronary,Drug-Eluting Stents,TC004,1.3,1,41,0.7,7,0.1429,CM_100061,FD_200061
Western Europe,NL,Western Europe,NL,Western Europe,100061,100061,AMC Amsterdam,Public Hospital,200061,FD AMC Amsterdam,2024,PCI - Coronary,Inflation Devices,TC009,1.0,1,41,0.9,7,0.1429,CM_100061,FD_200061
Western Europe,NL,Western Europe,NL,Western Europe,100061,100061,AMC Amsterdam,Public Hospital,200061,FD AMC Amsterdam,2024,PCI - Coronary,Hemostasis Valves,TC008,1.0,1,41,0.8,7,0.1429,CM_100061,FD_200061
Western Europe,NL,Western Europe,NL,Western Europe,100061,100061,AMC Amsterdam,Public Hospital,200061,FD AMC Amsterdam,2024,PCI - Coronary,Radial Access Kits,TC010,1.0,1,41,0.6,7,0.1429,CM_100061,FD_200061
Western Europe,NL,Western Europe,NL,Western Europe,100061,100061,AMC Amsterdam,Public Hospital,200061,FD AMC Amsterdam,2024,PCI - Complex,Guiding Catheters,TC001,1.5,1,183,0.98,5,0.2,CM_100061,FD_200061
Western Europe,NL,Western Europe,NL,Western Europe,100061,100061,AMC Amsterdam,Public Hospital,200061,FD AMC Amsterdam,2024,PCI - Complex,Guide Wires,TC002,3.0,1,183,0.99,5,0.2,CM_100061,FD_200061
Western Europe,NL,Western Europe,NL,Western Europe,100061,100061,AMC Amsterdam,Public Hospital,200061,FD AMC Amsterdam,2024,PCI - Complex,PTCA Balloon Catheters,TC003,2.0,1,183,0.9,5,0.2,CM_100061,FD_200061
Western Europe,NL,Western Europe,NL,Western Europe,100061,100061,AMC Amsterdam,Public Hospital,200061,FD AMC Amsterdam,2024,PCI - Complex,Drug-Eluting Stents,TC004,2.0,1,183,0.8,5,0.2,CM_100061,FD_200061
Western Europe,NL,Western Europe,NL,Western Europe,100061,100061,AMC Amsterdam,Public Hospital,200061,FD AMC Amsterdam,2024,PCI - Complex,Microcatheters,TC006,1.0,1,183,0.65,5,0.2,CM_100061,FD_200061
Western Europe,NL,Western Europe,NL,Western Europe,100061,100061,AMC Amsterdam,Public Hospital,200061,FD AMC Amsterdam,2024,Peripheral Intervention,Guide Wires,TC002,2.5,1,222,0.9,3,0.3333,CM_100061,FD_200061
Western Europe,NL,Western Europe,NL,Western Europe,100061,100061,AMC Amsterdam,Public Hospital,200061,FD AMC Amsterdam,2024,Peripheral Intervention,Introducer Sheaths,TC007,1.5,1,222,0.8,3,0.3333,CM_100061,FD_200061
Western Europe,NL,Western Europe,NL,Western Europe,100061,100061,AMC Amsterdam,Public Hospital,200061,FD AMC Amsterdam,2024,Peripheral Intervention,PTCA Balloon Catheters,TC003,1.0,1,222,0.6,3,0.3333,CM_100061,FD_200061
Western Europe,NL,Western Europe,NL,Western Europe,100061,100061,AMC Amsterdam,Public Hospital,200061,FD AMC Amsterdam,2024,Diagnostic Angiography,Diagnostic Catheters,TC005,2.0,1,103,0.95,5,0.2,CM_100061,FD_200061
Western Europe,NL,Western Europe,NL,Western Europe,100061,100061,AMC Amsterdam,Public Hospital,200061,FD AMC Amsterdam,2024,Diagnostic Angiography,Guide Wires,TC002,1.5,1,103,0.9,5,0.2,CM_100061,FD_200061
Western Europe,NL,Western Europe,NL,Western Europe,100061,100061,AMC Amsterdam,Public Hospital,200061,FD AMC Amsterdam,2024,Diagnostic Angiography,Introducer Sheaths,TC007,1.0,1,103,0.85,5,0.2,CM_100061,FD_200061
Western Europe,NL,Western Europe,NL,Western Europe,100061,100061,AMC Amsterdam,Public Hospital,200061,FD AMC Amsterdam,2024,Diagnostic Angiography,Hemostasis Valves,TC008,1.0,1,103,0.7,5,0.2,CM_100061,FD_200061
Western Europe,NL,Western Europe,NL,Western Europe,100061,100061,AMC Amsterdam,Public Hospital,200061,FD AMC Amsterdam,2024,Diagnostic Angiography,Radial Access Kits,TC010,1.0,1,103,0.5,5,0.2,CM_100061,FD_200061
Western Europe,NL,Western Europe,NL,Western Europe,100062,100062,Erasmus MC Rotterdam,Public Hospital,200062,FD Erasmus MC Rotterdam,2024,Peripheral Intervention,Guide Wires,TC002,2.5,1,97,0.9,3,0.3333,CM_100062,FD_200062
Western Europe,NL,Western Europe,NL,Western Europe,100062,100062,Erasmus MC Rotterdam,Public Hospital,200062,FD Erasmus MC Rotterdam,2024,Peripheral Intervention,Introducer Sheaths,TC007,1.5,1,97,0.8,3,0.3333,CM_100062,FD_200062
Western Europe,NL,Western Europe,NL,Western Europe,100062,100062,Erasmus MC Rotterdam,Public Hospital,200062,FD Erasmus MC Rotterdam,2024,Peripheral Intervention,PTCA Balloon Catheters,TC003,1.0,1,97,0.6,3,0.3333,CM_100062,FD_200062
Western Europe,NL,Western Europe,NL,Western Europe,100062,100062,Erasmus MC Rotterdam,Public Hospital,200062,FD Erasmus MC Rotterdam,2024,Diagnostic Angiography,Diagnostic Catheters,TC005,2.0,1,105,0.95,5,0.2,CM_100062,FD_200062
Western Europe,NL,Western Europe,NL,Western Europe,100062,100062,Erasmus MC Rotterdam,Public Hospital,200062,FD Erasmus MC Rotterdam,2024,Diagnostic Angiography,Guide Wires,TC002,1.5,1,105,0.9,5,0.2,CM_100062,FD_200062
Western Europe,NL,Western Europe,NL,Western Europe,100062,100062,Erasmus MC Rotterdam,Public Hospital,200062,FD Erasmus MC Rotterdam,2024,Diagnostic Angiography,Introducer Sheaths,TC007,1.0,1,105,0.85,5,0.2,CM_100062,FD_200062
Western Europe,NL,Western Europe,NL,Western Europe,100062,100062,Erasmus MC Rotterdam,Public Hospital,200062,FD Erasmus MC Rotterdam,2024,Diagnostic Angiography,Hemostasis Valves,TC008,1.0,1,105,0.7,5,0.2,CM_100062,FD_200062
Western Europe,NL,Western Europe,NL,Western Europe,100062,100062,Erasmus MC Rotterdam,Public Hospital,200062,FD Erasmus MC Rotterdam,2024,Diagnostic Angiography,Radial Access Kits,TC010,1.0,1,105,0.5,5,0.2,CM_100062,FD_200062
Western Europe,NL,Western Europe,NL,Western Europe,100062,100062,Erasmus MC Rotterdam,Public Hospital,200062,FD Erasmus MC Rotterdam,2024,Electrophysiology,Diagnostic Catheters,TC005,3.0,1,227,0.8,2,0.5,CM_100062,FD_200062
Western Europe,NL,Western Europe,NL,Western Europe,100062,100062,Erasmus MC Rotterdam,Public Hospital,200062,FD Erasmus MC Rotterdam,2024,Electrophysiology,Introducer Sheaths,TC007,1.0,1,227,0.75,2,0.5,CM_100062,FD_200062
Western Europe,NL,Western Europe,NL,Western Europe,100063,100063,UMC Utrecht,Public Hospital,200063,FD UMC Utrecht,2024,Diagnostic Angiography,Diagnostic Catheters,TC005,2.0,1,118,0.95,5,0.2,CM_100063,FD_200063
Western Europe,NL,Western Europe,NL,Western Europe,100063,100063,UMC Utrecht,Public Hospital,200063,FD UMC Utrecht,2024,Diagnostic Angiography,Guide Wires,TC002,1.5,1,118,0.9,5,0.2,CM_100063,FD_200063
Western Europe,NL,Western Europe,NL,Western Europe,100063,100063,UMC Utrecht,Public Hospital,200063,FD UMC Utrecht,2024,Diagnostic Angiography,Introducer Sheaths,TC007,1.0,1,118,0.85,5,0.2,CM_100063,FD_200063
Western Europe,NL,Western Europe,NL,Western Europe,100063,100063,UMC Utrecht,Public Hospital,200063,FD UMC Utrecht,2024,Diagnostic Angiography,Hemostasis Valves,TC008,1.0,1,118,0.7,5,0.2,CM_100063,FD_200063
Western Europe,NL,Western Europe,NL,Western Europe,100063,100063,UMC Utrecht,Public Hospital,200063,FD UMC Utrecht,2024,Diagnostic Angiography,Radial Access Kits,TC010,1.0,1,118,0.5,5,0.2,CM_100063,FD_200063
Western Europe,NL,Western Europe,NL,Western Europe,100063,100063,UMC Utrecht,Public Hospital,200063,FD UMC Utrecht,2024,Peripheral Intervention,Guide Wires,TC002,2.5,1,98,0.9,3,0.3333,CM_100063,FD_200063
Western Europe,NL,Western Europe,NL,Western Europe,100063,100063,UMC Utrecht,Public Hospital,200063,FD UMC Utrecht,2024,Peripheral Intervention,Introducer Sheaths,TC007,1.5,1,98,0.8,3,0.3333,CM_100063,FD_200063
Western Europe,NL,Western Europe,NL,Western Europe,100063,100063,UMC Utrecht,Public Hospital,200063,FD UMC Utrecht,2024,Peripheral Intervention,PTCA Balloon Catheters,TC003,1.0,1,98,0.6,3,0.3333,CM_100063,FD_200063
Western Europe,NL,Western Europe,NL,Western Europe,100063,100063,UMC Utrecht,Public Hospital,200063,FD UMC Utrecht,2024,Structural Heart,Introducer Sheaths,TC007,2.0,1,151,0.85,2,0.5,CM_100063,FD_200063
Western Europe,NL,Western Europe,NL,Western Europe,100063,100063,UMC Utrecht,Public Hospital,200063,FD UMC Utrecht,2024,Structural Heart,Guide Wires,TC002,1.0,1,151,0.7,2,0.5,CM_100063,FD_200063
Western Europe,NL,Western Europe,NL,Western Europe,100063,100063,UMC Utrecht,Public Hospital,200063,FD UMC Utrecht,2024,Electrophysiology,Diagnostic Catheters,TC005,3.0,1,133,0.8,2,0.5,CM_100063,FD_200063
Western Europe,NL,Western Europe,NL,Western Europe,100063,100063,UMC Utrecht,Public Hospital,200063,FD UMC Utrecht,2024,Electrophysiology,Introducer Sheaths,TC007,1.0,1,133,0.75,2,0.5,CM_100063,FD_200063
Western Europe,NL,Western Europe,NL,Western Europe,100064,100064,Catharina Ziekenhuis Eindhoven,Heart Center,200064,FD Catharina Ziekenhuis Eindhoven,2024,Diagnostic Angiography,Diagnostic Catheters,TC005,2.0,1,227,0.95,5,0.2,CM_100064,FD_200064
Western Europe,NL,Western Europe,NL,Western Europe,100064,100064,Catharina Ziekenhuis Eindhoven,Heart Center,200064,FD Catharina Ziekenhuis Eindhoven,2024,Diagnostic Angiography,Guide Wires,TC002,1.5,1,227,0.9,5,0.2,CM_100064,FD_200064
Western Europe,NL,Western Europe,NL,Western Europe,100064,100064,Catharina Ziekenhuis Eindhoven,Heart Center,200064,FD Catharina Ziekenhuis Eindhoven,2024,Diagnostic Angiography,Introducer Sheaths,TC007,1.0,1,227,0.85,5,0.2,CM_100064,FD_200064
Western Europe,NL,Western Europe,NL,Western Europe,100064,100064,Catharina Ziekenhuis Eindhoven,Heart Center,200064,FD Catharina Ziekenhuis Eindhoven,2024,Diagnostic Angiography,Hemostasis Valves,TC008,1.0,1,227,0.7,5,0.2,CM_100064,FD_200064
Western Europe,NL,Western Europe,NL,Western Europe,100064,100064,Catharina Ziekenhuis Eindhoven,Heart Center,200064,FD Catharina Ziekenhuis Eindhoven,2024,Diagnostic Angiography,Radial Access Kits,TC010,1.0,1,227,0.5,5,0.2,CM_100064,FD_200064
Western Europe,NL,Western Europe,NL,Western Europe,100064,100064,Catharina Ziekenhuis Eindhoven,Heart Center,200064,FD Catharina Ziekenhuis Eindhoven,2024,Electrophysiology,Diagnostic Catheters,TC005,3.0,1,218,0.8,2,0.5,CM_100064,FD_200064
Western Europe,NL,Western Europe,NL,Western Europe,100064,100064,Catharina Ziekenhuis Eindhoven,Heart Center,200064,FD Catharina Ziekenhuis Eindhoven,2024,Electrophysiology,Introducer Sheaths,TC007,1.0,1,218,0.75,2,0.5,CM_100064,FD_200064
Western Europe,NL,Western Europe,NL,Western Europe,100064,100064,Catharina Ziekenhuis Eindhoven,Heart Center,200064,FD Catharina Ziekenhuis Eindhoven,2024,Structural Heart,Introducer Sheaths,TC007,2.0,1,224,0.85,2,0.5,CM_100064,FD_200064
Western Europe,NL,Western Europe,NL,Western Europe,100064,100064,Catharina Ziekenhuis Eindhoven,Heart Center,200064,FD Catharina Ziekenhuis Eindhoven,2024,Structural Heart,Guide Wires,TC002,1.0,1,224,0.7,2,0.5,CM_100064,FD_200064
Western Europe,NL,Western Europe,NL,Western Europe,100065,100065,Sint Antonius Groningen,Heart Center,200065,FD Sint Antonius Groningen,2024,Structural Heart,Introducer Sheaths,TC007,2.0,1,65,0.85,2,0.5,CM_100065,FD_200065
Western Europe,NL,Western Europe,NL,Western Europe,100065,100065,Sint Antonius Groningen,Heart Center,200065,FD Sint Antonius Groningen,2024,Structural Heart,Guide Wires,TC002,1.0,1,65,0.7,2,0.5,CM_100065,FD_200065
Western Europe,NL,Western Europe,NL,Western Europe,100065,100065,Sint Antonius Groningen,Heart Center,200065,FD Sint Antonius Groningen,2024,Neurovascular Intervention,Microcatheters,TC006,2.0,1,116,0.95,2,0.5,CM_100065,FD_200065
Western Europe,NL,Western Europe,NL,Western Europe,100065,100065,Sint Antonius Groningen,Heart Center,200065,FD Sint Antonius Groningen,2024,Neurovascular Intervention,Guide Wires,TC002,2.0,1,116,0.9,2,0.5,CM_100065,FD_200065
Western Europe,NL,Western Europe,NL,Western Europe,100065,100065,Sint Antonius Groningen,Heart Center,200065,FD Sint Antonius Groningen,2024,Peripheral Intervention,Guide Wires,TC002,2.5,1,170,0.9,3,0.3333,CM_100065,FD_200065
Western Europe,NL,Western Europe,NL,Western Europe,100065,100065,Sint Antonius Groningen,Heart Center,200065,FD Sint Antonius Groningen,2024,Peripheral Intervention,Introducer Sheaths,TC007,1.5,1,170,0.8,3,0.3333,CM_100065,FD_200065
Western Europe,NL,Western Europe,NL,Western Europe,100065,100065,Sint Antonius Groningen,Heart Center,200065,FD Sint Antonius Groningen,2024,Peripheral Intervention,PTCA Balloon Catheters,TC003,1.0,1,170,0.6,3,0.3333,CM_100065,FD_200065
Western Europe,NL,Western Europe,NL,Western Europe,100066,100066,AMC Nijmegen,Private Clinic,200066,FD AMC Nijmegen,2024,Neurovascular Intervention,Microcatheters,TC006,2.0,1,146,0.95,2,0.5,CM_100066,FD_200066
Western Europe,NL,Western Europe,NL,Western Europe,100066,100066,AMC Nijmegen,Private Clinic,200066,FD AMC Nijmegen,2024,Neurovascular Intervention,Guide Wires,TC002,2.0,1,146,0.9,2,0.5,CM_100066,FD_200066
Western Europe,NL,Western Europe,NL,Western Europe,100066,100066,AMC Nijmegen,Private Clinic,200066,FD AMC Nijmegen,2024,Peripheral Intervention,Guide Wires,TC002,2.5,1,181,0.9,3,0.3333,CM_100066,FD_200066
Western Europe,NL,Western Europe,NL,Western Europe,100066,100066,AMC Nijmegen,Private Clinic,200066,FD AMC Nijmegen,2024,Peripheral Intervention,Introducer Sheaths,TC007,1.5,1,181,0.8,3,0.3333,CM_100066,FD_200066
Western Europe,NL,Western Europe,NL,Western Europe,100066,100066,AMC Nijmegen,Private Clinic,200066,FD AMC Nijmegen,2024,Peripheral Intervention,PTCA Balloon Catheters,TC003,1.0,1,181,0.6,3,0.3333,CM_100066,FD_200066
Western Europe,NL,Western Europe,NL,Western Europe,100066,100066,AMC Nijmegen,Private Clinic,200066,FD AMC Nijmegen,2024,Structural Heart,Introducer Sheaths,TC007,2.0,1,120,0.85,2,0.5,CM_100066,FD_200066
Western Europe,NL,Western Europe,NL,Western Europe,100066,100066,AMC Nijmegen,Private Clinic,200066,FD AMC Nijmegen,2024,Structural Heart,Guide Wires,TC002,1.0,1,120,0.7,2,0.5,CM_100066,FD_200066
Western Europe,NL,Western Europe,NL,Western Europe,100066,100066,AMC Nijmegen,Private Clinic,200066,FD AMC Nijmegen,2024,PCI - Coronary,Guiding Catheters,TC001,1.2,1,270,0.95,7,0.1429,CM_100066,FD_200066
Western Europe,NL,Western Europe,NL,Western Europe,100066,100066,AMC Nijmegen,Private Clinic,200066,FD AMC Nijmegen,2024,PCI - Coronary,Guide Wires,TC002,2.0,1,270,0.98,7,0.1429,CM_100066,FD_200066
Western Europe,NL,Western Europe,NL,Western Europe,100066,100066,AMC Nijmegen,Private Clinic,200066,FD AMC Nijmegen,2024,PCI - Coronary,PTCA Balloon Catheters,TC003,1.5,1,270,0.85,7,0.1429,CM_100066,FD_200066
Western Europe,NL,Western Europe,NL,Western Europe,100066,100066,AMC Nijmegen,Private Clinic,200066,FD AMC Nijmegen,2024,PCI - Coronary,Drug-Eluting Stents,TC004,1.3,1,270,0.7,7,0.1429,CM_100066,FD_200066
Western Europe,NL,Western Europe,NL,Western Europe,100066,100066,AMC Nijmegen,Private Clinic,200066,FD AMC Nijmegen,2024,PCI - Coronary,Inflation Devices,TC009,1.0,1,270,0.9,7,0.1429,CM_100066,FD_200066
Western Europe,NL,Western Europe,NL,Western Europe,100066,100066,AMC Nijmegen,Private Clinic,200066,FD AMC Nijmegen,2024,PCI - Coronary,Hemostasis Valves,TC008,1.0,1,270,0.8,7,0.1429,CM_100066,FD_200066
Western Europe,NL,Western Europe,NL,Western Europe,100066,100066,AMC Nijmegen,Private Clinic,200066,FD AMC Nijmegen,2024,PCI - Coronary,Radial Access Kits,TC010,1.0,1,270,0.6,7,0.1429,CM_100066,FD_200066
Western Europe,NL,Western Europe,NL,Western Europe,100066,100066,AMC Nijmegen,Private Clinic,200066,FD AMC Nijmegen,2024,Electrophysiology,Diagnostic Catheters,TC005,3.0,1,135,0.8,2,0.5,CM_100066,FD_200066
Western Europe,NL,Western Europe,NL,Western Europe,100066,100066,AMC Nijmegen,Private Clinic,200066,FD AMC Nijmegen,2024,Electrophysiology,Introducer Sheaths,TC007,1.0,1,135,0.75,2,0.5,CM_100066,FD_200066
Western Europe,NL,Western Europe,NL,Western Europe,100067,100067,Erasmus MC Leiden,Public Hospital,200067,FD Erasmus MC Leiden,2024,Electrophysiology,Diagnostic Catheters,TC005,3.0,1,151,0.8,2,0.5,CM_100067,FD_200067
Western Europe,NL,Western Europe,NL,Western Europe,100067,100067,Erasmus MC Leiden,Public Hospital,200067,FD Erasmus MC Leiden,2024,Electrophysiology,Introducer Sheaths,TC007,1.0,1,151,0.75,2,0.5,CM_100067,FD_200067
Western Europe,NL,Western Europe,NL,Western Europe,100067,100067,Erasmus MC Leiden,Public Hospital,200067,FD Erasmus MC Leiden,2024,PCI - Complex,Guiding Catheters,TC001,1.5,1,305,0.98,5,0.2,CM_100067,FD_200067
Western Europe,NL,Western Europe,NL,Western Europe,100067,100067,Erasmus MC Leiden,Public Hospital,200067,FD Erasmus MC Leiden,2024,PCI - Complex,Guide Wires,TC002,3.0,1,305,0.99,5,0.2,CM_100067,FD_200067
Western Europe,NL,Western Europe,NL,Western Europe,100067,100067,Erasmus MC Leiden,Public Hospital,200067,FD Erasmus MC Leiden,2024,PCI - Complex,PTCA Balloon Catheters,TC003,2.0,1,305,0.9,5,0.2,CM_100067,FD_200067
Western Europe,NL,Western Europe,NL,Western Europe,100067,100067,Erasmus MC Leiden,Public Hospital,200067,FD Erasmus MC Leiden,2024,PCI - Complex,Drug-Eluting Stents,TC004,2.0,1,305,0.8,5,0.2,CM_100067,FD_200067
Western Europe,NL,Western Europe,NL,Western Europe,100067,100067,Erasmus MC Leiden,Public Hospital,200067,FD Erasmus MC Leiden,2024,PCI - Complex,Microcatheters,TC006,1.0,1,305,0.65,5,0.2,CM_100067,FD_200067
Western Europe,NL,Western Europe,NL,Western Europe,100067,100067,Erasmus MC Leiden,Public Hospital,200067,FD Erasmus MC Leiden,2024,Structural Heart,Introducer Sheaths,TC007,2.0,1,253,0.85,2,0.5,CM_100067,FD_200067
Western Europe,NL,Western Europe,NL,Western Europe,100067,100067,Erasmus MC Leiden,Public Hospital,200067,FD Erasmus MC Leiden,2024,Structural Heart,Guide Wires,TC002,1.0,1,253,0.7,2,0.5,CM_100067,FD_200067
Western Europe,NL,Western Europe,NL,Western Europe,100067,100067,Erasmus MC Leiden,Public Hospital,200067,FD Erasmus MC Leiden,2024,Diagnostic Angiography,Diagnostic Catheters,TC005,2.0,1,207,0.95,5,0.2,CM_100067,FD_200067
Western Europe,NL,Western Europe,NL,Western Europe,100067,100067,Erasmus MC Leiden,Public Hospital,200067,FD Erasmus MC Leiden,2024,Diagnostic Angiography,Guide Wires,TC002,1.5,1,207,0.9,5,0.2,CM_100067,FD_200067
Western Europe,NL,Western Europe,NL,Western Europe,100067,100067,Erasmus MC Leiden,Public Hospital,200067,FD Erasmus MC Leiden,2024,Diagnostic Angiography,Introducer Sheaths,TC007,1.0,1,207,0.85,5,0.2,CM_100067,FD_200067
Western Europe,NL,Western Europe,NL,Western Europe,100067,100067,Erasmus MC Leiden,Public Hospital,200067,FD Erasmus MC Leiden,2024,Diagnostic Angiography,Hemostasis Valves,TC008,1.0,1,207,0.7,5,0.2,CM_100067,FD_200067
Western Europe,NL,Western Europe,NL,Western Europe,100067,100067,Erasmus MC Leiden,Public Hospital,200067,FD Erasmus MC Leiden,2024,Diagnostic Angiography,Radial Access Kits,TC010,1.0,1,207,0.5,5,0.2,CM_100067,FD_200067
Western Europe,NL,Western Europe,NL,Western Europe,100067,100067,Erasmus MC Leiden,Public Hospital,200067,FD Erasmus MC Leiden,2024,Peripheral Intervention,Guide Wires,TC002,2.5,1,115,0.9,3,0.3333,CM_100067,FD_200067
Western Europe,NL,Western Europe,NL,Western Europe,100067,100067,Erasmus MC Leiden,Public Hospital,200067,FD Erasmus MC Leiden,2024,Peripheral Intervention,Introducer Sheaths,TC007,1.5,1,115,0.8,3,0.3333,CM_100067,FD_200067
Western Europe,NL,Western Europe,NL,Western Europe,100067,100067,Erasmus MC Leiden,Public Hospital,200067,FD Erasmus MC Leiden,2024,Peripheral Intervention,PTCA Balloon Catheters,TC003,1.0,1,115,0.6,3,0.3333,CM_100067,FD_200067
Western Europe,NL,Western Europe,NL,Western Europe,100067,100067,Erasmus MC Leiden,Public Hospital,200067,FD Erasmus MC Leiden,2024,PCI - Coronary,Guiding Catheters,TC001,1.2,1,233,0.95,7,0.1429,CM_100067,FD_200067
Western Europe,NL,Western Europe,NL,Western Europe,100067,100067,Erasmus MC Leiden,Public Hospital,200067,FD Erasmus MC Leiden,2024,PCI - Coronary,Guide Wires,TC002,2.0,1,233,0.98,7,0.1429,CM_100067,FD_200067
Western Europe,NL,Western Europe,NL,Western Europe,100067,100067,Erasmus MC Leiden,Public Hospital,200067,FD Erasmus MC Leiden,2024,PCI - Coronary,PTCA Balloon Catheters,TC003,1.5,1,233,0.85,7,0.1429,CM_100067,FD_200067
Western Europe,NL,Western Europe,NL,Western Europe,100067,100067,Erasmus MC Leiden,Public Hospital,200067,FD Erasmus MC Leiden,2024,PCI - Coronary,Drug-Eluting Stents,TC004,1.3,1,233,0.7,7,0.1429,CM_100067,FD_200067
Western Europe,NL,Western Europe,NL,Western Europe,100067,100067,Erasmus MC Leiden,Public Hospital,200067,FD Erasmus MC Leiden,2024,PCI - Coronary,Inflation Devices,TC009,1.0,1,233,0.9,7,0.1429,CM_100067,FD_200067
Western Europe,NL,Western Europe,NL,Western Europe,100067,100067,Erasmus MC Leiden,Public Hospital,200067,FD Erasmus MC Leiden,2024,PCI - Coronary,Hemostasis Valves,TC008,1.0,1,233,0.8,7,0.1429,CM_100067,FD_200067
Western Europe,NL,Western Europe,NL,Western Europe,100067,100067,Erasmus MC Leiden,Public Hospital,200067,FD Erasmus MC Leiden,2024,PCI - Coronary,Radial Access Kits,TC010,1.0,1,233,0.6,7,0.1429,CM_100067,FD_200067
Western Europe,NL,Western Europe,NL,Western Europe,100067,100067,Erasmus MC Leiden,Public Hospital,200067,FD Erasmus MC Leiden,2024,Neurovascular Intervention,Microcatheters,TC006,2.0,1,226,0.95,2,0.5,CM_100067,FD_200067
Western Europe,NL,Western Europe,NL,Western Europe,100067,100067,Erasmus MC Leiden,Public Hospital,200067,FD Erasmus MC Leiden,2024,Neurovascular Intervention,Guide Wires,TC002,2.0,1,226,0.9,2,0.5,CM_100067,FD_200067
Western Europe,NL,Western Europe,NL,Western Europe,100068,100068,UMC Maastricht,Private Clinic,200068,FD UMC Maastricht,2024,Structural Heart,Introducer Sheaths,TC007,2.0,1,194,0.85,2,0.5,CM_100068,FD_200068
Western Europe,NL,Western Europe,NL,Western Europe,100068,100068,UMC Maastricht,Private Clinic,200068,FD UMC Maastricht,2024,Structural Heart,Guide Wires,TC002,1.0,1,194,0.7,2,0.5,CM_100068,FD_200068
Western Europe,NL,Western Europe,NL,Western Europe,100068,100068,UMC Maastricht,Private Clinic,200068,FD UMC Maastricht,2024,Diagnostic Angiography,Diagnostic Catheters,TC005,2.0,1,144,0.95,5,0.2,CM_100068,FD_200068
Western Europe,NL,Western Europe,NL,Western Europe,100068,100068,UMC Maastricht,Private Clinic,200068,FD UMC Maastricht,2024,Diagnostic Angiography,Guide Wires,TC002,1.5,1,144,0.9,5,0.2,CM_100068,FD_200068
Western Europe,NL,Western Europe,NL,Western Europe,100068,100068,UMC Maastricht,Private Clinic,200068,FD UMC Maastricht,2024,Diagnostic Angiography,Introducer Sheaths,TC007,1.0,1,144,0.85,5,0.2,CM_100068,FD_200068
Western Europe,NL,Western Europe,NL,Western Europe,100068,100068,UMC Maastricht,Private Clinic,200068,FD UMC Maastricht,2024,Diagnostic Angiography,Hemostasis Valves,TC008,1.0,1,144,0.7,5,0.2,CM_100068,FD_200068
Western Europe,NL,Western Europe,NL,Western Europe,100068,100068,UMC Maastricht,Private Clinic,200068,FD UMC Maastricht,2024,Diagnostic Angiography,Radial Access Kits,TC010,1.0,1,144,0.5,5,0.2,CM_100068,FD_200068
Western Europe,NL,Western Europe,NL,Western Europe,100068,100068,UMC Maastricht,Private Clinic,200068,FD UMC Maastricht,2024,Neurovascular Intervention,Microcatheters,TC006,2.0,1,94,0.95,2,0.5,CM_100068,FD_200068
Western Europe,NL,Western Europe,NL,Western Europe,100068,100068,UMC Maastricht,Private Clinic,200068,FD UMC Maastricht,2024,Neurovascular Intervention,Guide Wires,TC002,2.0,1,94,0.9,2,0.5,CM_100068,FD_200068
Western Europe,NL,Western Europe,NL,Western Europe,100068,100068,UMC Maastricht,Private Clinic,200068,FD UMC Maastricht,2024,Electrophysiology,Diagnostic Catheters,TC005,3.0,1,131,0.8,2,0.5,CM_100068,FD_200068
Western Europe,NL,Western Europe,NL,Western Europe,100068,100068,UMC Maastricht,Private Clinic,200068,FD UMC Maastricht,2024,Electrophysiology,Introducer Sheaths,TC007,1.0,1,131,0.75,2,0.5,CM_100068,FD_200068
Western Europe,NL,Western Europe,NL,Western Europe,100068,100068,UMC Maastricht,Private Clinic,200068,FD UMC Maastricht,2024,PCI - Complex,Guiding Catheters,TC001,1.5,1,213,0.98,5,0.2,CM_100068,FD_200068
Western Europe,NL,Western Europe,NL,Western Europe,100068,100068,UMC Maastricht,Private Clinic,200068,FD UMC Maastricht,2024,PCI - Complex,Guide Wires,TC002,3.0,1,213,0.99,5,0.2,CM_100068,FD_200068
Western Europe,NL,Western Europe,NL,Western Europe,100068,100068,UMC Maastricht,Private Clinic,200068,FD UMC Maastricht,2024,PCI - Complex,PTCA Balloon Catheters,TC003,2.0,1,213,0.9,5,0.2,CM_100068,FD_200068
Western Europe,NL,Western Europe,NL,Western Europe,100068,100068,UMC Maastricht,Private Clinic,200068,FD UMC Maastricht,2024,PCI - Complex,Drug-Eluting Stents,TC004,2.0,1,213,0.8,5,0.2,CM_100068,FD_200068
Western Europe,NL,Western Europe,NL,Western Europe,100068,100068,UMC Maastricht,Private Clinic,200068,FD UMC Maastricht,2024,PCI - Complex,Microcatheters,TC006,1.0,1,213,0.65,5,0.2,CM_100068,FD_200068
Western Europe,NL,Western Europe,NL,Western Europe,100068,100068,UMC Maastricht,Private Clinic,200068,FD UMC Maastricht,2024,Peripheral Intervention,Guide Wires,TC002,2.5,1,116,0.9,3,0.3333,CM_100068,FD_200068
Western Europe,NL,Western Europe,NL,Western Europe,100068,100068,UMC Maastricht,Private Clinic,200068,FD UMC Maastricht,2024,Peripheral Intervention,Introducer Sheaths,TC007,1.5,1,116,0.8,3,0.3333,CM_100068,FD_200068
Western Europe,NL,Western Europe,NL,Western Europe,100068,100068,UMC Maastricht,Private Clinic,200068,FD UMC Maastricht,2024,Peripheral Intervention,PTCA Balloon Catheters,TC003,1.0,1,116,0.6,3,0.3333,CM_100068,FD_200068
Western Europe,NL,Western Europe,NL,Western Europe,100069,100069,Catharina Ziekenhuis Tilburg,University Hospital,200069,FD Catharina Ziekenhuis Tilburg,2024,Electrophysiology,Diagnostic Catheters,TC005,3.0,1,93,0.8,2,0.5,CM_100069,FD_200069
Western Europe,NL,Western Europe,NL,Western Europe,100069,100069,Catharina Ziekenhuis Tilburg,University Hospital,200069,FD Catharina Ziekenhuis Tilburg,2024,Electrophysiology,Introducer Sheaths,TC007,1.0,1,93,0.75,2,0.5,CM_100069,FD_200069
Western Europe,NL,Western Europe,NL,Western Europe,100069,100069,Catharina Ziekenhuis Tilburg,University Hospital,200069,FD Catharina Ziekenhuis Tilburg,2024,PCI - Coronary,Guiding Catheters,TC001,1.2,1,239,0.95,7,0.1429,CM_100069,FD_200069
Western Europe,NL,Western Europe,NL,Western Europe,100069,100069,Catharina Ziekenhuis Tilburg,University Hospital,200069,FD Catharina Ziekenhuis Tilburg,2024,PCI - Coronary,Guide Wires,TC002,2.0,1,239,0.98,7,0.1429,CM_100069,FD_200069
Western Europe,NL,Western Europe,NL,Western Europe,100069,100069,Catharina Ziekenhuis Tilburg,University Hospital,200069,FD Catharina Ziekenhuis Tilburg,2024,PCI - Coronary,PTCA Balloon Catheters,TC003,1.5,1,239,0.85,7,0.1429,CM_100069,FD_200069
Western Europe,NL,Western Europe,NL,Western Europe,100069,100069,Catharina Ziekenhuis Tilburg,University Hospital,200069,FD Catharina Ziekenhuis Tilburg,2024,PCI - Coronary,Drug-Eluting Stents,TC004,1.3,1,239,0.7,7,0.1429,CM_100069,FD_200069
Western Europe,NL,Western Europe,NL,Western Europe,100069,100069,Catharina Ziekenhuis Tilburg,University Hospital,200069,FD Catharina Ziekenhuis Tilburg,2024,PCI - Coronary,Inflation Devices,TC009,1.0,1,239,0.9,7,0.1429,CM_100069,FD_200069
Western Europe,NL,Western Europe,NL,Western Europe,100069,100069,Catharina Ziekenhuis Tilburg,University Hospital,200069,FD Catharina Ziekenhuis Tilburg,2024,PCI - Coronary,Hemostasis Valves,TC008,1.0,1,239,0.8,7,0.1429,CM_100069,FD_200069
Western Europe,NL,Western Europe,NL,Western Europe,100069,100069,Catharina Ziekenhuis Tilburg,University Hospital,200069,FD Catharina Ziekenhuis Tilburg,2024,PCI - Coronary,Radial Access Kits,TC010,1.0,1,239,0.6,7,0.1429,CM_100069,FD_200069
Western Europe,NL,Western Europe,NL,Western Europe,100069,100069,Catharina Ziekenhuis Tilburg,University Hospital,200069,FD Catharina Ziekenhuis Tilburg,2024,Diagnostic Angiography,Diagnostic Catheters,TC005,2.0,1,149,0.95,5,0.2,CM_100069,FD_200069
Western Europe,NL,Western Europe,NL,Western Europe,100069,100069,Catharina Ziekenhuis Tilburg,University Hospital,200069,FD Catharina Ziekenhuis Tilburg,2024,Diagnostic Angiography,Guide Wires,TC002,1.5,1,149,0.9,5,0.2,CM_100069,FD_200069
Western Europe,NL,Western Europe,NL,Western Europe,100069,100069,Catharina Ziekenhuis Tilburg,University Hospital,200069,FD Catharina Ziekenhuis Tilburg,2024,Diagnostic Angiography,Introducer Sheaths,TC007,1.0,1,149,0.85,5,0.2,CM_100069,FD_200069
Western Europe,NL,Western Europe,NL,Western Europe,100069,100069,Catharina Ziekenhuis Tilburg,University Hospital,200069,FD Catharina Ziekenhuis Tilburg,2024,Diagnostic Angiography,Hemostasis Valves,TC008,1.0,1,149,0.7,5,0.2,CM_100069,FD_200069
Western Europe,NL,Western Europe,NL,Western Europe,100069,100069,Catharina Ziekenhuis Tilburg,University Hospital,200069,FD Catharina Ziekenhuis Tilburg,2024,Diagnostic Angiography,Radial Access Kits,TC010,1.0,1,149,0.5,5,0.2,CM_100069,FD_200069
Western Europe,NL,Western Europe,NL,Western Europe,100069,100069,Catharina Ziekenhuis Tilburg,University Hospital,200069,FD Catharina Ziekenhuis Tilburg,2024,Peripheral Intervention,Guide Wires,TC002,2.5,1,154,0.9,3,0.3333,CM_100069,FD_200069
Western Europe,NL,Western Europe,NL,Western Europe,100069,100069,Catharina Ziekenhuis Tilburg,University Hospital,200069,FD Catharina Ziekenhuis Tilburg,2024,Peripheral Intervention,Introducer Sheaths,TC007,1.5,1,154,0.8,3,0.3333,CM_100069,FD_200069
Western Europe,NL,Western Europe,NL,Western Europe,100069,100069,Catharina Ziekenhuis Tilburg,University Hospital,200069,FD Catharina Ziekenhuis Tilburg,2024,Peripheral Intervention,PTCA Balloon Catheters,TC003,1.0,1,154,0.6,3,0.3333,CM_100069,FD_200069
Western Europe,NL,Western Europe,NL,Western Europe,100070,100070,Sint Antonius Den Haag,Public Hospital,200070,FD Sint Antonius Den Haag,2024,Electrophysiology,Diagnostic Catheters,TC005,3.0,1,84,0.8,2,0.5,CM_100070,FD_200070
Western Europe,NL,Western Europe,NL,Western Europe,100070,100070,Sint Antonius Den Haag,Public Hospital,200070,FD Sint Antonius Den Haag,2024,Electrophysiology,Introducer Sheaths,TC007,1.0,1,84,0.75,2,0.5,CM_100070,FD_200070
Western Europe,NL,Western Europe,NL,Western Europe,100070,100070,Sint Antonius Den Haag,Public Hospital,200070,FD Sint Antonius Den Haag,2024,Neurovascular Intervention,Microcatheters,TC006,2.0,1,172,0.95,2,0.5,CM_100070,FD_200070
Western Europe,NL,Western Europe,NL,Western Europe,100070,100070,Sint Antonius Den Haag,Public Hospital,200070,FD Sint Antonius Den Haag,2024,Neurovascular Intervention,Guide Wires,TC002,2.0,1,172,0.9,2,0.5,CM_100070,FD_200070
Western Europe,NL,Western Europe,NL,Western Europe,100070,100070,Sint Antonius Den Haag,Public Hospital,200070,FD Sint Antonius Den Haag,2024,Structural Heart,Introducer Sheaths,TC007,2.0,1,99,0.85,2,0.5,CM_100070,FD_200070
Western Europe,NL,Western Europe,NL,Western Europe,100070,100070,Sint Antonius Den Haag,Public Hospital,200070,FD Sint Antonius Den Haag,2024,Structural Heart,Guide Wires,TC002,1.0,1,99,0.7,2,0.5,CM_100070,FD_200070
Western Europe,NL,Western Europe,NL,Western Europe,100070,100070,Sint Antonius Den Haag,Public Hospital,200070,FD Sint Antonius Den Haag,2024,Peripheral Intervention,Guide Wires,TC002,2.5,1,238,0.9,3,0.3333,CM_100070,FD_200070
Western Europe,NL,Western Europe,NL,Western Europe,100070,100070,Sint Antonius Den Haag,Public Hospital,200070,FD Sint Antonius Den Haag,2024,Peripheral Intervention,Introducer Sheaths,TC007,1.5,1,238,0.8,3,0.3333,CM_100070,FD_200070
Western Europe,NL,Western Europe,NL,Western Europe,100070,100070,Sint Antonius Den Haag,Public Hospital,200070,FD Sint Antonius Den Haag,2024,Peripheral Intervention,PTCA Balloon Catheters,TC003,1.0,1,238,0.6,3,0.3333,CM_100070,FD_200070
Western Europe,NL,Western Europe,NL,Western Europe,100070,100070,Sint Antonius Den Haag,Public Hospital,200070,FD Sint Antonius Den Haag,2024,PCI - Coronary,Guiding Catheters,TC001,1.2,1,50,0.95,7,0.1429,CM_100070,FD_200070
Western Europe,NL,Western Europe,NL,Western Europe,100070,100070,Sint Antonius Den Haag,Public Hospital,200070,FD Sint Antonius Den Haag,2024,PCI - Coronary,Guide Wires,TC002,2.0,1,50,0.98,7,0.1429,CM_100070,FD_200070
Western Europe,NL,Western Europe,NL,Western Europe,100070,100070,Sint Antonius Den Haag,Public Hospital,200070,FD Sint Antonius Den Haag,2024,PCI - Coronary,PTCA Balloon Catheters,TC003,1.5,1,50,0.85,7,0.1429,CM_100070,FD_200070
Western Europe,NL,Western Europe,NL,Western Europe,100070,100070,Sint Antonius Den Haag,Public Hospital,200070,FD Sint Antonius Den Haag,2024,PCI - Coronary,Drug-Eluting Stents,TC004,1.3,1,50,0.7,7,0.1429,CM_100070,FD_200070
Western Europe,NL,Western Europe,NL,Western Europe,100070,100070,Sint Antonius Den Haag,Public Hospital,200070,FD Sint Antonius Den Haag,2024,PCI - Coronary,Inflation Devices,TC009,1.0,1,50,0.9,7,0.1429,CM_100070,FD_200070
Western Europe,NL,Western Europe,NL,Western Europe,100070,100070,Sint Antonius Den Haag,Public Hospital,200070,FD Sint Antonius Den Haag,2024,PCI - Coronary,Hemostasis Valves,TC008,1.0,1,50,0.8,7,0.1429,CM_100070,FD_200070
Western Europe,NL,Western Europe,NL,Western Europe,100070,100070,Sint Antonius Den Haag,Public Hospital,200070,FD Sint Antonius Den Haag,2024,PCI - Coronary,Radial Access Kits,TC010,1.0,1,50,0.6,7,0.1429,CM_100070,FD_200070
Western Europe,NL,Western Europe,NL,Western Europe,100071,100071,AMC Breda,University Hospital,200071,FD AMC Breda,2024,Structural Heart,Introducer Sheaths,TC007,2.0,1,247,0.85,2,0.5,CM_100071,FD_200071
Western Europe,NL,Western Europe,NL,Western Europe,100071,100071,AMC Breda,University Hospital,200071,FD AMC Breda,2024,Structural Heart,Guide Wires,TC002,1.0,1,247,0.7,2,0.5,CM_100071,FD_200071
Western Europe,NL,Western Europe,NL,Western Europe,100071,100071,AMC Breda,University Hospital,200071,FD AMC Breda,2024,PCI - Complex,Guiding Catheters,TC001,1.5,1,160,0.98,5,0.2,CM_100071,FD_200071
Western Europe,NL,Western Europe,NL,Western Europe,100071,100071,AMC Breda,University Hospital,200071,FD AMC Breda,2024,PCI - Complex,Guide Wires,TC002,3.0,1,160,0.99,5,0.2,CM_100071,FD_200071
Western Europe,NL,Western Europe,NL,Western Europe,100071,100071,AMC Breda,University Hospital,200071,FD AMC Breda,2024,PCI - Complex,PTCA Balloon Catheters,TC003,2.0,1,160,0.9,5,0.2,CM_100071,FD_200071
Western Europe,NL,Western Europe,NL,Western Europe,100071,100071,AMC Breda,University Hospital,200071,FD AMC Breda,2024,PCI - Complex,Drug-Eluting Stents,TC004,2.0,1,160,0.8,5,0.2,CM_100071,FD_200071
Western Europe,NL,Western Europe,NL,Western Europe,100071,100071,AMC Breda,University Hospital,200071,FD AMC Breda,2024,PCI - Complex,Microcatheters,TC006,1.0,1,160,0.65,5,0.2,CM_100071,FD_200071
Western Europe,NL,Western Europe,NL,Western Europe,100071,100071,AMC Breda,University Hospital,200071,FD AMC Breda,2024,Neurovascular Intervention,Microcatheters,TC006,2.0,1,253,0.95,2,0.5,CM_100071,FD_200071
Western Europe,NL,Western Europe,NL,Western Europe,100071,100071,AMC Breda,University Hospital,200071,FD AMC Breda,2024,Neurovascular Intervention,Guide Wires,TC002,2.0,1,253,0.9,2,0.5,CM_100071,FD_200071
Western Europe,NL,Western Europe,NL,Western Europe,100071,100071,AMC Breda,University Hospital,200071,FD AMC Breda,2024,Peripheral Intervention,Guide Wires,TC002,2.5,1,245,0.9,3,0.3333,CM_100071,FD_200071
Western Europe,NL,Western Europe,NL,Western Europe,100071,100071,AMC Breda,University Hospital,200071,FD AMC Breda,2024,Peripheral Intervention,Introducer Sheaths,TC007,1.5,1,245,0.8,3,0.3333,CM_100071,FD_200071
Western Europe,NL,Western Europe,NL,Western Europe,100071,100071,AMC Breda,University Hospital,200071,FD AMC Breda,2024,Peripheral Intervention,PTCA Balloon Catheters,TC003,1.0,1,245,0.6,3,0.3333,CM_100071,FD_200071
Western Europe,NL,Western Europe,NL,Western Europe,100072,100072,Erasmus MC Arnhem,Private Clinic,200072,FD Erasmus MC Arnhem,2024,Peripheral Intervention,Guide Wires,TC002,2.5,1,176,0.9,3,0.3333,CM_100072,FD_200072
Western Europe,NL,Western Europe,NL,Western Europe,100072,100072,Erasmus MC Arnhem,Private Clinic,200072,FD Erasmus MC Arnhem,2024,Peripheral Intervention,Introducer Sheaths,TC007,1.5,1,176,0.8,3,0.3333,CM_100072,FD_200072
Western Europe,NL,Western Europe,NL,Western Europe,100072,100072,Erasmus MC Arnhem,Private Clinic,200072,FD Erasmus MC Arnhem,2024,Peripheral Intervention,PTCA Balloon Catheters,TC003,1.0,1,176,0.6,3,0.3333,CM_100072,FD_200072
Western Europe,NL,Western Europe,NL,Western Europe,100072,100072,Erasmus MC Arnhem,Private Clinic,200072,FD Erasmus MC Arnhem,2024,Structural Heart,Introducer Sheaths,TC007,2.0,1,69,0.85,2,0.5,CM_100072,FD_200072
Western Europe,NL,Western Europe,NL,Western Europe,100072,100072,Erasmus MC Arnhem,Private Clinic,200072,FD Erasmus MC Arnhem,2024,Structural Heart,Guide Wires,TC002,1.0,1,69,0.7,2,0.5,CM_100072,FD_200072
Western Europe,NL,Western Europe,NL,Western Europe,100072,100072,Erasmus MC Arnhem,Private Clinic,200072,FD Erasmus MC Arnhem,2024,PCI - Complex,Guiding Catheters,TC001,1.5,1,148,0.98,5,0.2,CM_100072,FD_200072
Western Europe,NL,Western Europe,NL,Western Europe,100072,100072,Erasmus MC Arnhem,Private Clinic,200072,FD Erasmus MC Arnhem,2024,PCI - Complex,Guide Wires,TC002,3.0,1,148,0.99,5,0.2,CM_100072,FD_200072
Western Europe,NL,Western Europe,NL,Western Europe,100072,100072,Erasmus MC Arnhem,Private Clinic,200072,FD Erasmus MC Arnhem,2024,PCI - Complex,PTCA Balloon Catheters,TC003,2.0,1,148,0.9,5,0.2,CM_100072,FD_200072
Western Europe,NL,Western Europe,NL,Western Europe,100072,100072,Erasmus MC Arnhem,Private Clinic,200072,FD Erasmus MC Arnhem,2024,PCI - Complex,Drug-Eluting Stents,TC004,2.0,1,148,0.8,5,0.2,CM_100072,FD_200072
Western Europe,NL,Western Europe,NL,Western Europe,100072,100072,Erasmus MC Arnhem,Private Clinic,200072,FD Erasmus MC Arnhem,2024,PCI - Complex,Microcatheters,TC006,1.0,1,148,0.65,5,0.2,CM_100072,FD_200072
Western Europe,NL,Western Europe,NL,Western Europe,100072,100072,Erasmus MC Arnhem,Private Clinic,200072,FD Erasmus MC Arnhem,2024,Electrophysiology,Diagnostic Catheters,TC005,3.0,1,233,0.8,2,0.5,CM_100072,FD_200072
Western Europe,NL,Western Europe,NL,Western Europe,100072,100072,Erasmus MC Arnhem,Private Clinic,200072,FD Erasmus MC Arnhem,2024,Electrophysiology,Introducer Sheaths,TC007,1.0,1,233,0.75,2,0.5,CM_100072,FD_200072
Western Europe,NL,Western Europe,NL,Western Europe,100072,100072,Erasmus MC Arnhem,Private Clinic,200072,FD Erasmus MC Arnhem,2024,PCI - Coronary,Guiding Catheters,TC001,1.2,1,60,0.95,7,0.1429,CM_100072,FD_200072
Western Europe,NL,Western Europe,NL,Western Europe,100072,100072,Erasmus MC Arnhem,Private Clinic,200072,FD Erasmus MC Arnhem,2024,PCI - Coronary,Guide Wires,TC002,2.0,1,60,0.98,7,0.1429,CM_100072,FD_200072
Western Europe,NL,Western Europe,NL,Western Europe,100072,100072,Erasmus MC Arnhem,Private Clinic,200072,FD Erasmus MC Arnhem,2024,PCI - Coronary,PTCA Balloon Catheters,TC003,1.5,1,60,0.85,7,0.1429,CM_100072,FD_200072
Western Europe,NL,Western Europe,NL,Western Europe,100072,100072,Erasmus MC Arnhem,Private Clinic,200072,FD Erasmus MC Arnhem,2024,PCI - Coronary,Drug-Eluting Stents,TC004,1.3,1,60,0.7,7,0.1429,CM_100072,FD_200072
Western Europe,NL,Western Europe,NL,Western Europe,100072,100072,Erasmus MC Arnhem,Private Clinic,200072,FD Erasmus MC Arnhem,2024,PCI - Coronary,Inflation Devices,TC009,1.0,1,60,0.9,7,0.1429,CM_100072,FD_200072
Western Europe,NL,Western Europe,NL,Western Europe,100072,100072,Erasmus MC Arnhem,Private Clinic,200072,FD Erasmus MC Arnhem,2024,PCI - Coronary,Hemostasis Valves,TC008,1.0,1,60,0.8,7,0.1429,CM_100072,FD_200072
Western Europe,NL,Western Europe,NL,Western Europe,100072,100072,Erasmus MC Arnhem,Private Clinic,200072,FD Erasmus MC Arnhem,2024,PCI - Coronary,Radial Access Kits,TC010,1.0,1,60,0.6,7,0.1429,CM_100072,FD_200072
Western Europe,NL,Western Europe,NL,Western Europe,100072,100072,Erasmus MC Arnhem,Private Clinic,200072,FD Erasmus MC Arnhem,2024,Diagnostic Angiography,Diagnostic Catheters,TC005,2.0,1,81,0.95,5,0.2,CM_100072,FD_200072
Western Europe,NL,Western Europe,NL,Western Europe,100072,100072,Erasmus MC Arnhem,Private Clinic,200072,FD Erasmus MC Arnhem,2024,Diagnostic Angiography,Guide Wires,TC002,1.5,1,81,0.9,5,0.2,CM_100072,FD_200072
Western Europe,NL,Western Europe,NL,Western Europe,100072,100072,Erasmus MC Arnhem,Private Clinic,200072,FD Erasmus MC Arnhem,2024,Diagnostic Angiography,Introducer Sheaths,TC007,1.0,1,81,0.85,5,0.2,CM_100072,FD_200072
Western Europe,NL,Western Europe,NL,Western Europe,100072,100072,Erasmus MC Arnhem,Private Clinic,200072,FD Erasmus MC Arnhem,2024,Diagnostic Angiography,Hemostasis Valves,TC008,1.0,1,81,0.7,5,0.2,CM_100072,FD_200072
Western Europe,NL,Western Europe,NL,Western Europe,100072,100072,Erasmus MC Arnhem,Private Clinic,200072,FD Erasmus MC Arnhem,2024,Diagnostic Angiography,Radial Access Kits,TC010,1.0,1,81,0.5,5,0.2,CM_100072,FD_200072
Western Europe,BE,Western Europe,BE,Western Europe,100073,100073,UZ Brussels,Heart Center,200073,FD UZ Brussels,2024,PCI - Coronary,Guiding Catheters,TC001,1.2,1,141,0.95,7,0.1429,CM_100073,FD_200073
Western Europe,BE,Western Europe,BE,Western Europe,100073,100073,UZ Brussels,Heart Center,200073,FD UZ Brussels,2024,PCI - Coronary,Guide Wires,TC002,2.0,1,141,0.98,7,0.1429,CM_100073,FD_200073
Western Europe,BE,Western Europe,BE,Western Europe,100073,100073,UZ Brussels,Heart Center,200073,FD UZ Brussels,2024,PCI - Coronary,PTCA Balloon Catheters,TC003,1.5,1,141,0.85,7,0.1429,CM_100073,FD_200073
Western Europe,BE,Western Europe,BE,Western Europe,100073,100073,UZ Brussels,Heart Center,200073,FD UZ Brussels,2024,PCI - Coronary,Drug-Eluting Stents,TC004,1.3,1,141,0.7,7,0.1429,CM_100073,FD_200073
Western Europe,BE,Western Europe,BE,Western Europe,100073,100073,UZ Brussels,Heart Center,200073,FD UZ Brussels,2024,PCI - Coronary,Inflation Devices,TC009,1.0,1,141,0.9,7,0.1429,CM_100073,FD_200073
Western Europe,BE,Western Europe,BE,Western Europe,100073,100073,UZ Brussels,Heart Center,200073,FD UZ Brussels,2024,PCI - Coronary,Hemostasis Valves,TC008,1.0,1,141,0.8,7,0.1429,CM_100073,FD_200073
Western Europe,BE,Western Europe,BE,Western Europe,100073,100073,UZ Brussels,Heart Center,200073,FD UZ Brussels,2024,PCI - Coronary,Radial Access Kits,TC010,1.0,1,141,0.6,7,0.1429,CM_100073,FD_200073
Western Europe,BE,Western Europe,BE,Western Europe,100073,100073,UZ Brussels,Heart Center,200073,FD UZ Brussels,2024,Structural Heart,Introducer Sheaths,TC007,2.0,1,194,0.85,2,0.5,CM_100073,FD_200073
Western Europe,BE,Western Europe,BE,Western Europe,100073,100073,UZ Brussels,Heart Center,200073,FD UZ Brussels,2024,Structural Heart,Guide Wires,TC002,1.0,1,194,0.7,2,0.5,CM_100073,FD_200073
Western Europe,BE,Western Europe,BE,Western Europe,100073,100073,UZ Brussels,Heart Center,200073,FD UZ Brussels,2024,PCI - Complex,Guiding Catheters,TC001,1.5,1,157,0.98,5,0.2,CM_100073,FD_200073
Western Europe,BE,Western Europe,BE,Western Europe,100073,100073,UZ Brussels,Heart Center,200073,FD UZ Brussels,2024,PCI - Complex,Guide Wires,TC002,3.0,1,157,0.99,5,0.2,CM_100073,FD_200073
Western Europe,BE,Western Europe,BE,Western Europe,100073,100073,UZ Brussels,Heart Center,200073,FD UZ Brussels,2024,PCI - Complex,PTCA Balloon Catheters,TC003,2.0,1,157,0.9,5,0.2,CM_100073,FD_200073
Western Europe,BE,Western Europe,BE,Western Europe,100073,100073,UZ Brussels,Heart Center,200073,FD UZ Brussels,2024,PCI - Complex,Drug-Eluting Stents,TC004,2.0,1,157,0.8,5,0.2,CM_100073,FD_200073
Western Europe,BE,Western Europe,BE,Western Europe,100073,100073,UZ Brussels,Heart Center,200073,FD UZ Brussels,2024,PCI - Complex,Microcatheters,TC006,1.0,1,157,0.65,5,0.2,CM_100073,FD_200073
Western Europe,BE,Western Europe,BE,Western Europe,100073,100073,UZ Brussels,Heart Center,200073,FD UZ Brussels,2024,Peripheral Intervention,Guide Wires,TC002,2.5,1,113,0.9,3,0.3333,CM_100073,FD_200073
Western Europe,BE,Western Europe,BE,Western Europe,100073,100073,UZ Brussels,Heart Center,200073,FD UZ Brussels,2024,Peripheral Intervention,Introducer Sheaths,TC007,1.5,1,113,0.8,3,0.3333,CM_100073,FD_200073
Western Europe,BE,Western Europe,BE,Western Europe,100073,100073,UZ Brussels,Heart Center,200073,FD UZ Brussels,2024,Peripheral Intervention,PTCA Balloon Catheters,TC003,1.0,1,113,0.6,3,0.3333,CM_100073,FD_200073
Western Europe,BE,Western Europe,BE,Western Europe,100073,100073,UZ Brussels,Heart Center,200073,FD UZ Brussels,2024,Diagnostic Angiography,Diagnostic Catheters,TC005,2.0,1,186,0.95,5,0.2,CM_100073,FD_200073
Western Europe,BE,Western Europe,BE,Western Europe,100073,100073,UZ Brussels,Heart Center,200073,FD UZ Brussels,2024,Diagnostic Angiography,Guide Wires,TC002,1.5,1,186,0.9,5,0.2,CM_100073,FD_200073
Western Europe,BE,Western Europe,BE,Western Europe,100073,100073,UZ Brussels,Heart Center,200073,FD UZ Brussels,2024,Diagnostic Angiography,Introducer Sheaths,TC007,1.0,1,186,0.85,5,0.2,CM_100073,FD_200073
Western Europe,BE,Western Europe,BE,Western Europe,100073,100073,UZ Brussels,Heart Center,200073,FD UZ Brussels,2024,Diagnostic Angiography,Hemostasis Valves,TC008,1.0,1,186,0.7,5,0.2,CM_100073,FD_200073
Western Europe,BE,Western Europe,BE,Western Europe,100073,100073,UZ Brussels,Heart Center,200073,FD UZ Brussels,2024,Diagnostic Angiography,Radial Access Kits,TC010,1.0,1,186,0.5,5,0.2,CM_100073,FD_200073
Western Europe,BE,Western Europe,BE,Western Europe,100073,100073,UZ Brussels,Heart Center,200073,FD UZ Brussels,2024,Electrophysiology,Diagnostic Catheters,TC005,3.0,1,104,0.8,2,0.5,CM_100073,FD_200073
Western Europe,BE,Western Europe,BE,Western Europe,100073,100073,UZ Brussels,Heart Center,200073,FD UZ Brussels,2024,Electrophysiology,Introducer Sheaths,TC007,1.0,1,104,0.75,2,0.5,CM_100073,FD_200073
Western Europe,BE,Western Europe,BE,Western Europe,100074,100074,CHU Antwerp,University Hospital,200074,FD CHU Antwerp,2024,Electrophysiology,Diagnostic Catheters,TC005,3.0,1,329,0.8,2,0.5,CM_100074,FD_200074
Western Europe,BE,Western Europe,BE,Western Europe,100074,100074,CHU Antwerp,University Hospital,200074,FD CHU Antwerp,2024,Electrophysiology,Introducer Sheaths,TC007,1.0,1,329,0.75,2,0.5,CM_100074,FD_200074
Western Europe,BE,Western Europe,BE,Western Europe,100074,100074,CHU Antwerp,University Hospital,200074,FD CHU Antwerp,2024,Structural Heart,Introducer Sheaths,TC007,2.0,1,124,0.85,2,0.5,CM_100074,FD_200074
Western Europe,BE,Western Europe,BE,Western Europe,100074,100074,CHU Antwerp,University Hospital,200074,FD CHU Antwerp,2024,Structural Heart,Guide Wires,TC002,1.0,1,124,0.7,2,0.5,CM_100074,FD_200074
Western Europe,BE,Western Europe,BE,Western Europe,100074,100074,CHU Antwerp,University Hospital,200074,FD CHU Antwerp,2024,Neurovascular Intervention,Microcatheters,TC006,2.0,1,120,0.95,2,0.5,CM_100074,FD_200074
Western Europe,BE,Western Europe,BE,Western Europe,100074,100074,CHU Antwerp,University Hospital,200074,FD CHU Antwerp,2024,Neurovascular Intervention,Guide Wires,TC002,2.0,1,120,0.9,2,0.5,CM_100074,FD_200074
Western Europe,BE,Western Europe,BE,Western Europe,100074,100074,CHU Antwerp,University Hospital,200074,FD CHU Antwerp,2024,Peripheral Intervention,Guide Wires,TC002,2.5,1,150,0.9,3,0.3333,CM_100074,FD_200074
Western Europe,BE,Western Europe,BE,Western Europe,100074,100074,CHU Antwerp,University Hospital,200074,FD CHU Antwerp,2024,Peripheral Intervention,Introducer Sheaths,TC007,1.5,1,150,0.8,3,0.3333,CM_100074,FD_200074
Western Europe,BE,Western Europe,BE,Western Europe,100074,100074,CHU Antwerp,University Hospital,200074,FD CHU Antwerp,2024,Peripheral Intervention,PTCA Balloon Catheters,TC003,1.0,1,150,0.6,3,0.3333,CM_100074,FD_200074
Western Europe,BE,Western Europe,BE,Western Europe,100074,100074,CHU Antwerp,University Hospital,200074,FD CHU Antwerp,2024,PCI - Complex,Guiding Catheters,TC001,1.5,1,311,0.98,5,0.2,CM_100074,FD_200074
Western Europe,BE,Western Europe,BE,Western Europe,100074,100074,CHU Antwerp,University Hospital,200074,FD CHU Antwerp,2024,PCI - Complex,Guide Wires,TC002,3.0,1,311,0.99,5,0.2,CM_100074,FD_200074
Western Europe,BE,Western Europe,BE,Western Europe,100074,100074,CHU Antwerp,University Hospital,200074,FD CHU Antwerp,2024,PCI - Complex,PTCA Balloon Catheters,TC003,2.0,1,311,0.9,5,0.2,CM_100074,FD_200074
Western Europe,BE,Western Europe,BE,Western Europe,100074,100074,CHU Antwerp,University Hospital,200074,FD CHU Antwerp,2024,PCI - Complex,Drug-Eluting Stents,TC004,2.0,1,311,0.8,5,0.2,CM_100074,FD_200074
Western Europe,BE,Western Europe,BE,Western Europe,100074,100074,CHU Antwerp,University Hospital,200074,FD CHU Antwerp,2024,PCI - Complex,Microcatheters,TC006,1.0,1,311,0.65,5,0.2,CM_100074,FD_200074
Western Europe,BE,Western Europe,BE,Western Europe,100075,100075,AZ Ghent,University Hospital,200075,FD AZ Ghent,2024,PCI - Coronary,Guiding Catheters,TC001,1.2,1,200,0.95,7,0.1429,CM_100075,FD_200075
Western Europe,BE,Western Europe,BE,Western Europe,100075,100075,AZ Ghent,University Hospital,200075,FD AZ Ghent,2024,PCI - Coronary,Guide Wires,TC002,2.0,1,200,0.98,7,0.1429,CM_100075,FD_200075
Western Europe,BE,Western Europe,BE,Western Europe,100075,100075,AZ Ghent,University Hospital,200075,FD AZ Ghent,2024,PCI - Coronary,PTCA Balloon Catheters,TC003,1.5,1,200,0.85,7,0.1429,CM_100075,FD_200075
Western Europe,BE,Western Europe,BE,Western Europe,100075,100075,AZ Ghent,University Hospital,200075,FD AZ Ghent,2024,PCI - Coronary,Drug-Eluting Stents,TC004,1.3,1,200,0.7,7,0.1429,CM_100075,FD_200075
Western Europe,BE,Western Europe,BE,Western Europe,100075,100075,AZ Ghent,University Hospital,200075,FD AZ Ghent,2024,PCI - Coronary,Inflation Devices,TC009,1.0,1,200,0.9,7,0.1429,CM_100075,FD_200075
Western Europe,BE,Western Europe,BE,Western Europe,100075,100075,AZ Ghent,University Hospital,200075,FD AZ Ghent,2024,PCI - Coronary,Hemostasis Valves,TC008,1.0,1,200,0.8,7,0.1429,CM_100075,FD_200075
Western Europe,BE,Western Europe,BE,Western Europe,100075,100075,AZ Ghent,University Hospital,200075,FD AZ Ghent,2024,PCI - Coronary,Radial Access Kits,TC010,1.0,1,200,0.6,7,0.1429,CM_100075,FD_200075
Western Europe,BE,Western Europe,BE,Western Europe,100075,100075,AZ Ghent,University Hospital,200075,FD AZ Ghent,2024,PCI - Complex,Guiding Catheters,TC001,1.5,1,108,0.98,5,0.2,CM_100075,FD_200075
Western Europe,BE,Western Europe,BE,Western Europe,100075,100075,AZ Ghent,University Hospital,200075,FD AZ Ghent,2024,PCI - Complex,Guide Wires,TC002,3.0,1,108,0.99,5,0.2,CM_100075,FD_200075
Western Europe,BE,Western Europe,BE,Western Europe,100075,100075,AZ Ghent,University Hospital,200075,FD AZ Ghent,2024,PCI - Complex,PTCA Balloon Catheters,TC003,2.0,1,108,0.9,5,0.2,CM_100075,FD_200075
Western Europe,BE,Western Europe,BE,Western Europe,100075,100075,AZ Ghent,University Hospital,200075,FD AZ Ghent,2024,PCI - Complex,Drug-Eluting Stents,TC004,2.0,1,108,0.8,5,0.2,CM_100075,FD_200075
Western Europe,BE,Western Europe,BE,Western Europe,100075,100075,AZ Ghent,University Hospital,200075,FD AZ Ghent,2024,PCI - Complex,Microcatheters,TC006,1.0,1,108,0.65,5,0.2,CM_100075,FD_200075
Western Europe,BE,Western Europe,BE,Western Europe,100075,100075,AZ Ghent,University Hospital,200075,FD AZ Ghent,2024,Diagnostic Angiography,Diagnostic Catheters,TC005,2.0,1,113,0.95,5,0.2,CM_100075,FD_200075
Western Europe,BE,Western Europe,BE,Western Europe,100075,100075,AZ Ghent,University Hospital,200075,FD AZ Ghent,2024,Diagnostic Angiography,Guide Wires,TC002,1.5,1,113,0.9,5,0.2,CM_100075,FD_200075
Western Europe,BE,Western Europe,BE,Western Europe,100075,100075,AZ Ghent,University Hospital,200075,FD AZ Ghent,2024,Diagnostic Angiography,Introducer Sheaths,TC007,1.0,1,113,0.85,5,0.2,CM_100075,FD_200075
Western Europe,BE,Western Europe,BE,Western Europe,100075,100075,AZ Ghent,University Hospital,200075,FD AZ Ghent,2024,Diagnostic Angiography,Hemostasis Valves,TC008,1.0,1,113,0.7,5,0.2,CM_100075,FD_200075
Western Europe,BE,Western Europe,BE,Western Europe,100075,100075,AZ Ghent,University Hospital,200075,FD AZ Ghent,2024,Diagnostic Angiography,Radial Access Kits,TC010,1.0,1,113,0.5,5,0.2,CM_100075,FD_200075
Western Europe,BE,Western Europe,BE,Western Europe,100075,100075,AZ Ghent,University Hospital,200075,FD AZ Ghent,2024,Structural Heart,Introducer Sheaths,TC007,2.0,1,98,0.85,2,0.5,CM_100075,FD_200075
Western Europe,BE,Western Europe,BE,Western Europe,100075,100075,AZ Ghent,University Hospital,200075,FD AZ Ghent,2024,Structural Heart,Guide Wires,TC002,1.0,1,98,0.7,2,0.5,CM_100075,FD_200075
Western Europe,BE,Western Europe,BE,Western Europe,100075,100075,AZ Ghent,University Hospital,200075,FD AZ Ghent,2024,Neurovascular Intervention,Microcatheters,TC006,2.0,1,140,0.95,2,0.5,CM_100075,FD_200075
Western Europe,BE,Western Europe,BE,Western Europe,100075,100075,AZ Ghent,University Hospital,200075,FD AZ Ghent,2024,Neurovascular Intervention,Guide Wires,TC002,2.0,1,140,0.9,2,0.5,CM_100075,FD_200075
Western Europe,BE,Western Europe,BE,Western Europe,100075,100075,AZ Ghent,University Hospital,200075,FD AZ Ghent,2024,Electrophysiology,Diagnostic Catheters,TC005,3.0,1,155,0.8,2,0.5,CM_100075,FD_200075
Western Europe,BE,Western Europe,BE,Western Europe,100075,100075,AZ Ghent,University Hospital,200075,FD AZ Ghent,2024,Electrophysiology,Introducer Sheaths,TC007,1.0,1,155,0.75,2,0.5,CM_100075,FD_200075
Western Europe,BE,Western Europe,BE,Western Europe,100075,100075,AZ Ghent,University Hospital,200075,FD AZ Ghent,2024,Peripheral Intervention,Guide Wires,TC002,2.5,1,161,0.9,3,0.3333,CM_100075,FD_200075
Western Europe,BE,Western Europe,BE,Western Europe,100075,100075,AZ Ghent,University Hospital,200075,FD AZ Ghent,2024,Peripheral Intervention,Introducer Sheaths,TC007,1.5,1,161,0.8,3,0.3333,CM_100075,FD_200075
Western Europe,BE,Western Europe,BE,Western Europe,100075,100075,AZ Ghent,University Hospital,200075,FD AZ Ghent,2024,Peripheral Intervention,PTCA Balloon Catheters,TC003,1.0,1,161,0.6,3,0.3333,CM_100075,FD_200075
Western Europe,BE,Western Europe,BE,Western Europe,100076,100076,OLV Ziekenhuis Leuven,Public Hospital,200076,FD OLV Ziekenhuis Leuven,2024,Diagnostic Angiography,Diagnostic Catheters,TC005,2.0,1,127,0.95,5,0.2,CM_100076,FD_200076
Western Europe,BE,Western Europe,BE,Western Europe,100076,100076,OLV Ziekenhuis Leuven,Public Hospital,200076,FD OLV Ziekenhuis Leuven,2024,Diagnostic Angiography,Guide Wires,TC002,1.5,1,127,0.9,5,0.2,CM_100076,FD_200076
Western Europe,BE,Western Europe,BE,Western Europe,100076,100076,OLV Ziekenhuis Leuven,Public Hospital,200076,FD OLV Ziekenhuis Leuven,2024,Diagnostic Angiography,Introducer Sheaths,TC007,1.0,1,127,0.85,5,0.2,CM_100076,FD_200076
Western Europe,BE,Western Europe,BE,Western Europe,100076,100076,OLV Ziekenhuis Leuven,Public Hospital,200076,FD OLV Ziekenhuis Leuven,2024,Diagnostic Angiography,Hemostasis Valves,TC008,1.0,1,127,0.7,5,0.2,CM_100076,FD_200076
Western Europe,BE,Western Europe,BE,Western Europe,100076,100076,OLV Ziekenhuis Leuven,Public Hospital,200076,FD OLV Ziekenhuis Leuven,2024,Diagnostic Angiography,Radial Access Kits,TC010,1.0,1,127,0.5,5,0.2,CM_100076,FD_200076
Western Europe,BE,Western Europe,BE,Western Europe,100076,100076,OLV Ziekenhuis Leuven,Public Hospital,200076,FD OLV Ziekenhuis Leuven,2024,Electrophysiology,Diagnostic Catheters,TC005,3.0,1,87,0.8,2,0.5,CM_100076,FD_200076
Western Europe,BE,Western Europe,BE,Western Europe,100076,100076,OLV Ziekenhuis Leuven,Public Hospital,200076,FD OLV Ziekenhuis Leuven,2024,Electrophysiology,Introducer Sheaths,TC007,1.0,1,87,0.75,2,0.5,CM_100076,FD_200076
Western Europe,BE,Western Europe,BE,Western Europe,100076,100076,OLV Ziekenhuis Leuven,Public Hospital,200076,FD OLV Ziekenhuis Leuven,2024,Structural Heart,Introducer Sheaths,TC007,2.0,1,135,0.85,2,0.5,CM_100076,FD_200076
Western Europe,BE,Western Europe,BE,Western Europe,100076,100076,OLV Ziekenhuis Leuven,Public Hospital,200076,FD OLV Ziekenhuis Leuven,2024,Structural Heart,Guide Wires,TC002,1.0,1,135,0.7,2,0.5,CM_100076,FD_200076
Western Europe,BE,Western Europe,BE,Western Europe,100077,100077,Cliniques Universitaires Liège,University Hospital,200077,FD Cliniques Universitaires Liège,2024,Neurovascular Intervention,Microcatheters,TC006,2.0,1,208,0.95,2,0.5,CM_100077,FD_200077
Western Europe,BE,Western Europe,BE,Western Europe,100077,100077,Cliniques Universitaires Liège,University Hospital,200077,FD Cliniques Universitaires Liège,2024,Neurovascular Intervention,Guide Wires,TC002,2.0,1,208,0.9,2,0.5,CM_100077,FD_200077
Western Europe,BE,Western Europe,BE,Western Europe,100077,100077,Cliniques Universitaires Liège,University Hospital,200077,FD Cliniques Universitaires Liège,2024,Structural Heart,Introducer Sheaths,TC007,2.0,1,225,0.85,2,0.5,CM_100077,FD_200077
Western Europe,BE,Western Europe,BE,Western Europe,100077,100077,Cliniques Universitaires Liège,University Hospital,200077,FD Cliniques Universitaires Liège,2024,Structural Heart,Guide Wires,TC002,1.0,1,225,0.7,2,0.5,CM_100077,FD_200077
Western Europe,BE,Western Europe,BE,Western Europe,100077,100077,Cliniques Universitaires Liège,University Hospital,200077,FD Cliniques Universitaires Liège,2024,PCI - Complex,Guiding Catheters,TC001,1.5,1,242,0.98,5,0.2,CM_100077,FD_200077
Western Europe,BE,Western Europe,BE,Western Europe,100077,100077,Cliniques Universitaires Liège,University Hospital,200077,FD Cliniques Universitaires Liège,2024,PCI - Complex,Guide Wires,TC002,3.0,1,242,0.99,5,0.2,CM_100077,FD_200077
Western Europe,BE,Western Europe,BE,Western Europe,100077,100077,Cliniques Universitaires Liège,University Hospital,200077,FD Cliniques Universitaires Liège,2024,PCI - Complex,PTCA Balloon Catheters,TC003,2.0,1,242,0.9,5,0.2,CM_100077,FD_200077
Western Europe,BE,Western Europe,BE,Western Europe,100077,100077,Cliniques Universitaires Liège,University Hospital,200077,FD Cliniques Universitaires Liège,2024,PCI - Complex,Drug-Eluting Stents,TC004,2.0,1,242,0.8,5,0.2,CM_100077,FD_200077
Western Europe,BE,Western Europe,BE,Western Europe,100077,100077,Cliniques Universitaires Liège,University Hospital,200077,FD Cliniques Universitaires Liège,2024,PCI - Complex,Microcatheters,TC006,1.0,1,242,0.65,5,0.2,CM_100077,FD_200077
Western Europe,BE,Western Europe,BE,Western Europe,100077,100077,Cliniques Universitaires Liège,University Hospital,200077,FD Cliniques Universitaires Liège,2024,Electrophysiology,Diagnostic Catheters,TC005,3.0,1,171,0.8,2,0.5,CM_100077,FD_200077
Western Europe,BE,Western Europe,BE,Western Europe,100077,100077,Cliniques Universitaires Liège,University Hospital,200077,FD Cliniques Universitaires Liège,2024,Electrophysiology,Introducer Sheaths,TC007,1.0,1,171,0.75,2,0.5,CM_100077,FD_200077
Western Europe,BE,Western Europe,BE,Western Europe,100077,100077,Cliniques Universitaires Liège,University Hospital,200077,FD Cliniques Universitaires Liège,2024,PCI - Coronary,Guiding Catheters,TC001,1.2,1,224,0.95,7,0.1429,CM_100077,FD_200077
Western Europe,BE,Western Europe,BE,Western Europe,100077,100077,Cliniques Universitaires Liège,University Hospital,200077,FD Cliniques Universitaires Liège,2024,PCI - Coronary,Guide Wires,TC002,2.0,1,224,0.98,7,0.1429,CM_100077,FD_200077
Western Europe,BE,Western Europe,BE,Western Europe,100077,100077,Cliniques Universitaires Liège,University Hospital,200077,FD Cliniques Universitaires Liège,2024,PCI - Coronary,PTCA Balloon Catheters,TC003,1.5,1,224,0.85,7,0.1429,CM_100077,FD_200077
Western Europe,BE,Western Europe,BE,Western Europe,100077,100077,Cliniques Universitaires Liège,University Hospital,200077,FD Cliniques Universitaires Liège,2024,PCI - Coronary,Drug-Eluting Stents,TC004,1.3,1,224,0.7,7,0.1429,CM_100077,FD_200077
Western Europe,BE,Western Europe,BE,Western Europe,100077,100077,Cliniques Universitaires Liège,University Hospital,200077,FD Cliniques Universitaires Liège,2024,PCI - Coronary,Inflation Devices,TC009,1.0,1,224,0.9,7,0.1429,CM_100077,FD_200077
Western Europe,BE,Western Europe,BE,Western Europe,100077,100077,Cliniques Universitaires Liège,University Hospital,200077,FD Cliniques Universitaires Liège,2024,PCI - Coronary,Hemostasis Valves,TC008,1.0,1,224,0.8,7,0.1429,CM_100077,FD_200077
Western Europe,BE,Western Europe,BE,Western Europe,100077,100077,Cliniques Universitaires Liège,University Hospital,200077,FD Cliniques Universitaires Liège,2024,PCI - Coronary,Radial Access Kits,TC010,1.0,1,224,0.6,7,0.1429,CM_100077,FD_200077
Western Europe,BE,Western Europe,BE,Western Europe,100077,100077,Cliniques Universitaires Liège,University Hospital,200077,FD Cliniques Universitaires Liège,2024,Diagnostic Angiography,Diagnostic Catheters,TC005,2.0,1,256,0.95,5,0.2,CM_100077,FD_200077
Western Europe,BE,Western Europe,BE,Western Europe,100077,100077,Cliniques Universitaires Liège,University Hospital,200077,FD Cliniques Universitaires Liège,2024,Diagnostic Angiography,Guide Wires,TC002,1.5,1,256,0.9,5,0.2,CM_100077,FD_200077
Western Europe,BE,Western Europe,BE,Western Europe,100077,100077,Cliniques Universitaires Liège,University Hospital,200077,FD Cliniques Universitaires Liège,2024,Diagnostic Angiography,Introducer Sheaths,TC007,1.0,1,256,0.85,5,0.2,CM_100077,FD_200077
Western Europe,BE,Western Europe,BE,Western Europe,100077,100077,Cliniques Universitaires Liège,University Hospital,200077,FD Cliniques Universitaires Liège,2024,Diagnostic Angiography,Hemostasis Valves,TC008,1.0,1,256,0.7,5,0.2,CM_100077,FD_200077
Western Europe,BE,Western Europe,BE,Western Europe,100077,100077,Cliniques Universitaires Liège,University Hospital,200077,FD Cliniques Universitaires Liège,2024,Diagnostic Angiography,Radial Access Kits,TC010,1.0,1,256,0.5,5,0.2,CM_100077,FD_200077
Western Europe,BE,Western Europe,BE,Western Europe,100078,100078,UZ Bruges,Public Hospital,200078,FD UZ Bruges,2024,Peripheral Intervention,Guide Wires,TC002,2.5,1,107,0.9,3,0.3333,CM_100078,FD_200078
Western Europe,BE,Western Europe,BE,Western Europe,100078,100078,UZ Bruges,Public Hospital,200078,FD UZ Bruges,2024,Peripheral Intervention,Introducer Sheaths,TC007,1.5,1,107,0.8,3,0.3333,CM_100078,FD_200078
Western Europe,BE,Western Europe,BE,Western Europe,100078,100078,UZ Bruges,Public Hospital,200078,FD UZ Bruges,2024,Peripheral Intervention,PTCA Balloon Catheters,TC003,1.0,1,107,0.6,3,0.3333,CM_100078,FD_200078
Western Europe,BE,Western Europe,BE,Western Europe,100078,100078,UZ Bruges,Public Hospital,200078,FD UZ Bruges,2024,Diagnostic Angiography,Diagnostic Catheters,TC005,2.0,1,94,0.95,5,0.2,CM_100078,FD_200078
Western Europe,BE,Western Europe,BE,Western Europe,100078,100078,UZ Bruges,Public Hospital,200078,FD UZ Bruges,2024,Diagnostic Angiography,Guide Wires,TC002,1.5,1,94,0.9,5,0.2,CM_100078,FD_200078
Western Europe,BE,Western Europe,BE,Western Europe,100078,100078,UZ Bruges,Public Hospital,200078,FD UZ Bruges,2024,Diagnostic Angiography,Introducer Sheaths,TC007,1.0,1,94,0.85,5,0.2,CM_100078,FD_200078
Western Europe,BE,Western Europe,BE,Western Europe,100078,100078,UZ Bruges,Public Hospital,200078,FD UZ Bruges,2024,Diagnostic Angiography,Hemostasis Valves,TC008,1.0,1,94,0.7,5,0.2,CM_100078,FD_200078
Western Europe,BE,Western Europe,BE,Western Europe,100078,100078,UZ Bruges,Public Hospital,200078,FD UZ Bruges,2024,Diagnostic Angiography,Radial Access Kits,TC010,1.0,1,94,0.5,5,0.2,CM_100078,FD_200078
Western Europe,BE,Western Europe,BE,Western Europe,100078,100078,UZ Bruges,Public Hospital,200078,FD UZ Bruges,2024,PCI - Coronary,Guiding Catheters,TC001,1.2,1,78,0.95,7,0.1429,CM_100078,FD_200078
Western Europe,BE,Western Europe,BE,Western Europe,100078,100078,UZ Bruges,Public Hospital,200078,FD UZ Bruges,2024,PCI - Coronary,Guide Wires,TC002,2.0,1,78,0.98,7,0.1429,CM_100078,FD_200078
Western Europe,BE,Western Europe,BE,Western Europe,100078,100078,UZ Bruges,Public Hospital,200078,FD UZ Bruges,2024,PCI - Coronary,PTCA Balloon Catheters,TC003,1.5,1,78,0.85,7,0.1429,CM_100078,FD_200078
Western Europe,BE,Western Europe,BE,Western Europe,100078,100078,UZ Bruges,Public Hospital,200078,FD UZ Bruges,2024,PCI - Coronary,Drug-Eluting Stents,TC004,1.3,1,78,0.7,7,0.1429,CM_100078,FD_200078
Western Europe,BE,Western Europe,BE,Western Europe,100078,100078,UZ Bruges,Public Hospital,200078,FD UZ Bruges,2024,PCI - Coronary,Inflation Devices,TC009,1.0,1,78,0.9,7,0.1429,CM_100078,FD_200078
Western Europe,BE,Western Europe,BE,Western Europe,100078,100078,UZ Bruges,Public Hospital,200078,FD UZ Bruges,2024,PCI - Coronary,Hemostasis Valves,TC008,1.0,1,78,0.8,7,0.1429,CM_100078,FD_200078
Western Europe,BE,Western Europe,BE,Western Europe,100078,100078,UZ Bruges,Public Hospital,200078,FD UZ Bruges,2024,PCI - Coronary,Radial Access Kits,TC010,1.0,1,78,0.6,7,0.1429,CM_100078,FD_200078
Western Europe,BE,Western Europe,BE,Western Europe,100078,100078,UZ Bruges,Public Hospital,200078,FD UZ Bruges,2024,Electrophysiology,Diagnostic Catheters,TC005,3.0,1,135,0.8,2,0.5,CM_100078,FD_200078
Western Europe,BE,Western Europe,BE,Western Europe,100078,100078,UZ Bruges,Public Hospital,200078,FD UZ Bruges,2024,Electrophysiology,Introducer Sheaths,TC007,1.0,1,135,0.75,2,0.5,CM_100078,FD_200078
Western Europe,BE,Western Europe,BE,Western Europe,100078,100078,UZ Bruges,Public Hospital,200078,FD UZ Bruges,2024,PCI - Complex,Guiding Catheters,TC001,1.5,1,61,0.98,5,0.2,CM_100078,FD_200078
Western Europe,BE,Western Europe,BE,Western Europe,100078,100078,UZ Bruges,Public Hospital,200078,FD UZ Bruges,2024,PCI - Complex,Guide Wires,TC002,3.0,1,61,0.99,5,0.2,CM_100078,FD_200078
Western Europe,BE,Western Europe,BE,Western Europe,100078,100078,UZ Bruges,Public Hospital,200078,FD UZ Bruges,2024,PCI - Complex,PTCA Balloon Catheters,TC003,2.0,1,61,0.9,5,0.2,CM_100078,FD_200078
Western Europe,BE,Western Europe,BE,Western Europe,100078,100078,UZ Bruges,Public Hospital,200078,FD UZ Bruges,2024,PCI - Complex,Drug-Eluting Stents,TC004,2.0,1,61,0.8,5,0.2,CM_100078,FD_200078
Western Europe,BE,Western Europe,BE,Western Europe,100078,100078,UZ Bruges,Public Hospital,200078,FD UZ Bruges,2024,PCI - Complex,Microcatheters,TC006,1.0,1,61,0.65,5,0.2,CM_100078,FD_200078
Western Europe,BE,Western Europe,BE,Western Europe,100079,100079,CHU Charleroi,University Hospital,200079,FD CHU Charleroi,2024,Structural Heart,Introducer Sheaths,TC007,2.0,1,210,0.85,2,0.5,CM_100079,FD_200079
Western Europe,BE,Western Europe,BE,Western Europe,100079,100079,CHU Charleroi,University Hospital,200079,FD CHU Charleroi,2024,Structural Heart,Guide Wires,TC002,1.0,1,210,0.7,2,0.5,CM_100079,FD_200079
Western Europe,BE,Western Europe,BE,Western Europe,100079,100079,CHU Charleroi,University Hospital,200079,FD CHU Charleroi,2024,Diagnostic Angiography,Diagnostic Catheters,TC005,2.0,1,334,0.95,5,0.2,CM_100079,FD_200079
Western Europe,BE,Western Europe,BE,Western Europe,100079,100079,CHU Charleroi,University Hospital,200079,FD CHU Charleroi,2024,Diagnostic Angiography,Guide Wires,TC002,1.5,1,334,0.9,5,0.2,CM_100079,FD_200079
Western Europe,BE,Western Europe,BE,Western Europe,100079,100079,CHU Charleroi,University Hospital,200079,FD CHU Charleroi,2024,Diagnostic Angiography,Introducer Sheaths,TC007,1.0,1,334,0.85,5,0.2,CM_100079,FD_200079
Western Europe,BE,Western Europe,BE,Western Europe,100079,100079,CHU Charleroi,University Hospital,200079,FD CHU Charleroi,2024,Diagnostic Angiography,Hemostasis Valves,TC008,1.0,1,334,0.7,5,0.2,CM_100079,FD_200079
Western Europe,BE,Western Europe,BE,Western Europe,100079,100079,CHU Charleroi,University Hospital,200079,FD CHU Charleroi,2024,Diagnostic Angiography,Radial Access Kits,TC010,1.0,1,334,0.5,5,0.2,CM_100079,FD_200079
Western Europe,BE,Western Europe,BE,Western Europe,100079,100079,CHU Charleroi,University Hospital,200079,FD CHU Charleroi,2024,Peripheral Intervention,Guide Wires,TC002,2.5,1,254,0.9,3,0.3333,CM_100079,FD_200079
Western Europe,BE,Western Europe,BE,Western Europe,100079,100079,CHU Charleroi,University Hospital,200079,FD CHU Charleroi,2024,Peripheral Intervention,Introducer Sheaths,TC007,1.5,1,254,0.8,3,0.3333,CM_100079,FD_200079
Western Europe,BE,Western Europe,BE,Western Europe,100079,100079,CHU Charleroi,University Hospital,200079,FD CHU Charleroi,2024,Peripheral Intervention,PTCA Balloon Catheters,TC003,1.0,1,254,0.6,3,0.3333,CM_100079,FD_200079
Western Europe,BE,Western Europe,BE,Western Europe,100079,100079,CHU Charleroi,University Hospital,200079,FD CHU Charleroi,2024,Electrophysiology,Diagnostic Catheters,TC005,3.0,1,216,0.8,2,0.5,CM_100079,FD_200079
Western Europe,BE,Western Europe,BE,Western Europe,100079,100079,CHU Charleroi,University Hospital,200079,FD CHU Charleroi,2024,Electrophysiology,Introducer Sheaths,TC007,1.0,1,216,0.75,2,0.5,CM_100079,FD_200079
Western Europe,BE,Western Europe,BE,Western Europe,100079,100079,CHU Charleroi,University Hospital,200079,FD CHU Charleroi,2024,PCI - Coronary,Guiding Catheters,TC001,1.2,1,376,0.95,7,0.1429,CM_100079,FD_200079
Western Europe,BE,Western Europe,BE,Western Europe,100079,100079,CHU Charleroi,University Hospital,200079,FD CHU Charleroi,2024,PCI - Coronary,Guide Wires,TC002,2.0,1,376,0.98,7,0.1429,CM_100079,FD_200079
Western Europe,BE,Western Europe,BE,Western Europe,100079,100079,CHU Charleroi,University Hospital,200079,FD CHU Charleroi,2024,PCI - Coronary,PTCA Balloon Catheters,TC003,1.5,1,376,0.85,7,0.1429,CM_100079,FD_200079
Western Europe,BE,Western Europe,BE,Western Europe,100079,100079,CHU Charleroi,University Hospital,200079,FD CHU Charleroi,2024,PCI - Coronary,Drug-Eluting Stents,TC004,1.3,1,376,0.7,7,0.1429,CM_100079,FD_200079
Western Europe,BE,Western Europe,BE,Western Europe,100079,100079,CHU Charleroi,University Hospital,200079,FD CHU Charleroi,2024,PCI - Coronary,Inflation Devices,TC009,1.0,1,376,0.9,7,0.1429,CM_100079,FD_200079
Western Europe,BE,Western Europe,BE,Western Europe,100079,100079,CHU Charleroi,University Hospital,200079,FD CHU Charleroi,2024,PCI - Coronary,Hemostasis Valves,TC008,1.0,1,376,0.8,7,0.1429,CM_100079,FD_200079
Western Europe,BE,Western Europe,BE,Western Europe,100079,100079,CHU Charleroi,University Hospital,200079,FD CHU Charleroi,2024,PCI - Coronary,Radial Access Kits,TC010,1.0,1,376,0.6,7,0.1429,CM_100079,FD_200079
Western Europe,BE,Western Europe,BE,Western Europe,100079,100079,CHU Charleroi,University Hospital,200079,FD CHU Charleroi,2024,PCI - Complex,Guiding Catheters,TC001,1.5,1,247,0.98,5,0.2,CM_100079,FD_200079
Western Europe,BE,Western Europe,BE,Western Europe,100079,100079,CHU Charleroi,University Hospital,200079,FD CHU Charleroi,2024,PCI - Complex,Guide Wires,TC002,3.0,1,247,0.99,5,0.2,CM_100079,FD_200079
Western Europe,BE,Western Europe,BE,Western Europe,100079,100079,CHU Charleroi,University Hospital,200079,FD CHU Charleroi,2024,PCI - Complex,PTCA Balloon Catheters,TC003,2.0,1,247,0.9,5,0.2,CM_100079,FD_200079
Western Europe,BE,Western Europe,BE,Western Europe,100079,100079,CHU Charleroi,University Hospital,200079,FD CHU Charleroi,2024,PCI - Complex,Drug-Eluting Stents,TC004,2.0,1,247,0.8,5,0.2,CM_100079,FD_200079
Western Europe,BE,Western Europe,BE,Western Europe,100079,100079,CHU Charleroi,University Hospital,200079,FD CHU Charleroi,2024,PCI - Complex,Microcatheters,TC006,1.0,1,247,0.65,5,0.2,CM_100079,FD_200079
Western Europe,BE,Western Europe,BE,Western Europe,100080,100080,AZ Namur,Heart Center,200080,FD AZ Namur,2024,Electrophysiology,Diagnostic Catheters,TC005,3.0,1,191,0.8,2,0.5,CM_100080,FD_200080
Western Europe,BE,Western Europe,BE,Western Europe,100080,100080,AZ Namur,Heart Center,200080,FD AZ Namur,2024,Electrophysiology,Introducer Sheaths,TC007,1.0,1,191,0.75,2,0.5,CM_100080,FD_200080
Western Europe,BE,Western Europe,BE,Western Europe,100080,100080,AZ Namur,Heart Center,200080,FD AZ Namur,2024,Structural Heart,Introducer Sheaths,TC007,2.0,1,110,0.85,2,0.5,CM_100080,FD_200080
Western Europe,BE,Western Europe,BE,Western Europe,100080,100080,AZ Namur,Heart Center,200080,FD AZ Namur,2024,Structural Heart,Guide Wires,TC002,1.0,1,110,0.7,2,0.5,CM_100080,FD_200080
Western Europe,BE,Western Europe,BE,Western Europe,100080,100080,AZ Namur,Heart Center,200080,FD AZ Namur,2024,Peripheral Intervention,Guide Wires,TC002,2.5,1,181,0.9,3,0.3333,CM_100080,FD_200080
Western Europe,BE,Western Europe,BE,Western Europe,100080,100080,AZ Namur,Heart Center,200080,FD AZ Namur,2024,Peripheral Intervention,Introducer Sheaths,TC007,1.5,1,181,0.8,3,0.3333,CM_100080,FD_200080
Western Europe,BE,Western Europe,BE,Western Europe,100080,100080,AZ Namur,Heart Center,200080,FD AZ Namur,2024,Peripheral Intervention,PTCA Balloon Catheters,TC003,1.0,1,181,0.6,3,0.3333,CM_100080,FD_200080
Western Europe,BE,Western Europe,BE,Western Europe,100081,100081,OLV Ziekenhuis Hasselt,Heart Center,200081,FD OLV Ziekenhuis Hasselt,2024,Neurovascular Intervention,Microcatheters,TC006,2.0,1,171,0.95,2,0.5,CM_100081,FD_200081
Western Europe,BE,Western Europe,BE,Western Europe,100081,100081,OLV Ziekenhuis Hasselt,Heart Center,200081,FD OLV Ziekenhuis Hasselt,2024,Neurovascular Intervention,Guide Wires,TC002,2.0,1,171,0.9,2,0.5,CM_100081,FD_200081
Western Europe,BE,Western Europe,BE,Western Europe,100081,100081,OLV Ziekenhuis Hasselt,Heart Center,200081,FD OLV Ziekenhuis Hasselt,2024,Structural Heart,Introducer Sheaths,TC007,2.0,1,30,0.85,2,0.5,CM_100081,FD_200081
Western Europe,BE,Western Europe,BE,Western Europe,100081,100081,OLV Ziekenhuis Hasselt,Heart Center,200081,FD OLV Ziekenhuis Hasselt,2024,Structural Heart,Guide Wires,TC002,1.0,1,30,0.7,2,0.5,CM_100081,FD_200081
Western Europe,BE,Western Europe,BE,Western Europe,100081,100081,OLV Ziekenhuis Hasselt,Heart Center,200081,FD OLV Ziekenhuis Hasselt,2024,Peripheral Intervention,Guide Wires,TC002,2.5,1,125,0.9,3,0.3333,CM_100081,FD_200081
Western Europe,BE,Western Europe,BE,Western Europe,100081,100081,OLV Ziekenhuis Hasselt,Heart Center,200081,FD OLV Ziekenhuis Hasselt,2024,Peripheral Intervention,Introducer Sheaths,TC007,1.5,1,125,0.8,3,0.3333,CM_100081,FD_200081
Western Europe,BE,Western Europe,BE,Western Europe,100081,100081,OLV Ziekenhuis Hasselt,Heart Center,200081,FD OLV Ziekenhuis Hasselt,2024,Peripheral Intervention,PTCA Balloon Catheters,TC003,1.0,1,125,0.6,3,0.3333,CM_100081,FD_200081
Western Europe,BE,Western Europe,BE,Western Europe,100082,100082,Cliniques Universitaires Mechelen,University Hospital,200082,FD Cliniques Universitaires Mechelen,2024,PCI - Complex,Guiding Catheters,TC001,1.5,1,214,0.98,5,0.2,CM_100082,FD_200082
Western Europe,BE,Western Europe,BE,Western Europe,100082,100082,Cliniques Universitaires Mechelen,University Hospital,200082,FD Cliniques Universitaires Mechelen,2024,PCI - Complex,Guide Wires,TC002,3.0,1,214,0.99,5,0.2,CM_100082,FD_200082
Western Europe,BE,Western Europe,BE,Western Europe,100082,100082,Cliniques Universitaires Mechelen,University Hospital,200082,FD Cliniques Universitaires Mechelen,2024,PCI - Complex,PTCA Balloon Catheters,TC003,2.0,1,214,0.9,5,0.2,CM_100082,FD_200082
Western Europe,BE,Western Europe,BE,Western Europe,100082,100082,Cliniques Universitaires Mechelen,University Hospital,200082,FD Cliniques Universitaires Mechelen,2024,PCI - Complex,Drug-Eluting Stents,TC004,2.0,1,214,0.8,5,0.2,CM_100082,FD_200082
Western Europe,BE,Western Europe,BE,Western Europe,100082,100082,Cliniques Universitaires Mechelen,University Hospital,200082,FD Cliniques Universitaires Mechelen,2024,PCI - Complex,Microcatheters,TC006,1.0,1,214,0.65,5,0.2,CM_100082,FD_200082
Western Europe,BE,Western Europe,BE,Western Europe,100082,100082,Cliniques Universitaires Mechelen,University Hospital,200082,FD Cliniques Universitaires Mechelen,2024,Structural Heart,Introducer Sheaths,TC007,2.0,1,307,0.85,2,0.5,CM_100082,FD_200082
Western Europe,BE,Western Europe,BE,Western Europe,100082,100082,Cliniques Universitaires Mechelen,University Hospital,200082,FD Cliniques Universitaires Mechelen,2024,Structural Heart,Guide Wires,TC002,1.0,1,307,0.7,2,0.5,CM_100082,FD_200082
Western Europe,BE,Western Europe,BE,Western Europe,100082,100082,Cliniques Universitaires Mechelen,University Hospital,200082,FD Cliniques Universitaires Mechelen,2024,Electrophysiology,Diagnostic Catheters,TC005,3.0,1,95,0.8,2,0.5,CM_100082,FD_200082
Western Europe,BE,Western Europe,BE,Western Europe,100082,100082,Cliniques Universitaires Mechelen,University Hospital,200082,FD Cliniques Universitaires Mechelen,2024,Electrophysiology,Introducer Sheaths,TC007,1.0,1,95,0.75,2,0.5,CM_100082,FD_200082
Western Europe,BE,Western Europe,BE,Western Europe,100082,100082,Cliniques Universitaires Mechelen,University Hospital,200082,FD Cliniques Universitaires Mechelen,2024,Diagnostic Angiography,Diagnostic Catheters,TC005,2.0,1,272,0.95,5,0.2,CM_100082,FD_200082
Western Europe,BE,Western Europe,BE,Western Europe,100082,100082,Cliniques Universitaires Mechelen,University Hospital,200082,FD Cliniques Universitaires Mechelen,2024,Diagnostic Angiography,Guide Wires,TC002,1.5,1,272,0.9,5,0.2,CM_100082,FD_200082
Western Europe,BE,Western Europe,BE,Western Europe,100082,100082,Cliniques Universitaires Mechelen,University Hospital,200082,FD Cliniques Universitaires Mechelen,2024,Diagnostic Angiography,Introducer Sheaths,TC007,1.0,1,272,0.85,5,0.2,CM_100082,FD_200082
Western Europe,BE,Western Europe,BE,Western Europe,100082,100082,Cliniques Universitaires Mechelen,University Hospital,200082,FD Cliniques Universitaires Mechelen,2024,Diagnostic Angiography,Hemostasis Valves,TC008,1.0,1,272,0.7,5,0.2,CM_100082,FD_200082
Western Europe,BE,Western Europe,BE,Western Europe,100082,100082,Cliniques Universitaires Mechelen,University Hospital,200082,FD Cliniques Universitaires Mechelen,2024,Diagnostic Angiography,Radial Access Kits,TC010,1.0,1,272,0.5,5,0.2,CM_100082,FD_200082
Western Europe,BE,Western Europe,BE,Western Europe,100082,100082,Cliniques Universitaires Mechelen,University Hospital,200082,FD Cliniques Universitaires Mechelen,2024,Peripheral Intervention,Guide Wires,TC002,2.5,1,240,0.9,3,0.3333,CM_100082,FD_200082
Western Europe,BE,Western Europe,BE,Western Europe,100082,100082,Cliniques Universitaires Mechelen,University Hospital,200082,FD Cliniques Universitaires Mechelen,2024,Peripheral Intervention,Introducer Sheaths,TC007,1.5,1,240,0.8,3,0.3333,CM_100082,FD_200082
Western Europe,BE,Western Europe,BE,Western Europe,100082,100082,Cliniques Universitaires Mechelen,University Hospital,200082,FD Cliniques Universitaires Mechelen,2024,Peripheral Intervention,PTCA Balloon Catheters,TC003,1.0,1,240,0.6,3,0.3333,CM_100082,FD_200082
Western Europe,BE,Western Europe,BE,Western Europe,100083,100083,UZ Kortrijk,Private Clinic,200083,FD UZ Kortrijk,2024,Structural Heart,Introducer Sheaths,TC007,2.0,1,101,0.85,2,0.5,CM_100083,FD_200083
Western Europe,BE,Western Europe,BE,Western Europe,100083,100083,UZ Kortrijk,Private Clinic,200083,FD UZ Kortrijk,2024,Structural Heart,Guide Wires,TC002,1.0,1,101,0.7,2,0.5,CM_100083,FD_200083
Western Europe,BE,Western Europe,BE,Western Europe,100083,100083,UZ Kortrijk,Private Clinic,200083,FD UZ Kortrijk,2024,Electrophysiology,Diagnostic Catheters,TC005,3.0,1,168,0.8,2,0.5,CM_100083,FD_200083
Western Europe,BE,Western Europe,BE,Western Europe,100083,100083,UZ Kortrijk,Private Clinic,200083,FD UZ Kortrijk,2024,Electrophysiology,Introducer Sheaths,TC007,1.0,1,168,0.75,2,0.5,CM_100083,FD_200083
Western Europe,BE,Western Europe,BE,Western Europe,100083,100083,UZ Kortrijk,Private Clinic,200083,FD UZ Kortrijk,2024,PCI - Coronary,Guiding Catheters,TC001,1.2,1,51,0.95,7,0.1429,CM_100083,FD_200083
Western Europe,BE,Western Europe,BE,Western Europe,100083,100083,UZ Kortrijk,Private Clinic,200083,FD UZ Kortrijk,2024,PCI - Coronary,Guide Wires,TC002,2.0,1,51,0.98,7,0.1429,CM_100083,FD_200083
Western Europe,BE,Western Europe,BE,Western Europe,100083,100083,UZ Kortrijk,Private Clinic,200083,FD UZ Kortrijk,2024,PCI - Coronary,PTCA Balloon Catheters,TC003,1.5,1,51,0.85,7,0.1429,CM_100083,FD_200083
Western Europe,BE,Western Europe,BE,Western Europe,100083,100083,UZ Kortrijk,Private Clinic,200083,FD UZ Kortrijk,2024,PCI - Coronary,Drug-Eluting Stents,TC004,1.3,1,51,0.7,7,0.1429,CM_100083,FD_200083
Western Europe,BE,Western Europe,BE,Western Europe,100083,100083,UZ Kortrijk,Private Clinic,200083,FD UZ Kortrijk,2024,PCI - Coronary,Inflation Devices,TC009,1.0,1,51,0.9,7,0.1429,CM_100083,FD_200083
Western Europe,BE,Western Europe,BE,Western Europe,100083,100083,UZ Kortrijk,Private Clinic,200083,FD UZ Kortrijk,2024,PCI - Coronary,Hemostasis Valves,TC008,1.0,1,51,0.8,7,0.1429,CM_100083,FD_200083
Western Europe,BE,Western Europe,BE,Western Europe,100083,100083,UZ Kortrijk,Private Clinic,200083,FD UZ Kortrijk,2024,PCI - Coronary,Radial Access Kits,TC010,1.0,1,51,0.6,7,0.1429,CM_100083,FD_200083
Western Europe,BE,Western Europe,BE,Western Europe,100084,100084,CHU Mons,University Hospital,200084,FD CHU Mons,2024,Diagnostic Angiography,Diagnostic Catheters,TC005,2.0,1,206,0.95,5,0.2,CM_100084,FD_200084
Western Europe,BE,Western Europe,BE,Western Europe,100084,100084,CHU Mons,University Hospital,200084,FD CHU Mons,2024,Diagnostic Angiography,Guide Wires,TC002,1.5,1,206,0.9,5,0.2,CM_100084,FD_200084
Western Europe,BE,Western Europe,BE,Western Europe,100084,100084,CHU Mons,University Hospital,200084,FD CHU Mons,2024,Diagnostic Angiography,Introducer Sheaths,TC007,1.0,1,206,0.85,5,0.2,CM_100084,FD_200084
Western Europe,BE,Western Europe,BE,Western Europe,100084,100084,CHU Mons,University Hospital,200084,FD CHU Mons,2024,Diagnostic Angiography,Hemostasis Valves,TC008,1.0,1,206,0.7,5,0.2,CM_100084,FD_200084
Western Europe,BE,Western Europe,BE,Western Europe,100084,100084,CHU Mons,University Hospital,200084,FD CHU Mons,2024,Diagnostic Angiography,Radial Access Kits,TC010,1.0,1,206,0.5,5,0.2,CM_100084,FD_200084
Western Europe,BE,Western Europe,BE,Western Europe,100084,100084,CHU Mons,University Hospital,200084,FD CHU Mons,2024,Electrophysiology,Diagnostic Catheters,TC005,3.0,1,328,0.8,2,0.5,CM_100084,FD_200084
Western Europe,BE,Western Europe,BE,Western Europe,100084,100084,CHU Mons,University Hospital,200084,FD CHU Mons,2024,Electrophysiology,Introducer Sheaths,TC007,1.0,1,328,0.75,2,0.5,CM_100084,FD_200084
Western Europe,BE,Western Europe,BE,Western Europe,100084,100084,CHU Mons,University Hospital,200084,FD CHU Mons,2024,Peripheral Intervention,Guide Wires,TC002,2.5,1,357,0.9,3,0.3333,CM_100084,FD_200084
Western Europe,BE,Western Europe,BE,Western Europe,100084,100084,CHU Mons,University Hospital,200084,FD CHU Mons,2024,Peripheral Intervention,Introducer Sheaths,TC007,1.5,1,357,0.8,3,0.3333,CM_100084,FD_200084
Western Europe,BE,Western Europe,BE,Western Europe,100084,100084,CHU Mons,University Hospital,200084,FD CHU Mons,2024,Peripheral Intervention,PTCA Balloon Catheters,TC003,1.0,1,357,0.6,3,0.3333,CM_100084,FD_200084
Eastern Europe,PL,Eastern Europe,PL,Eastern Europe,100085,100085,Szpital Kliniczny Warsaw,Public Hospital,200085,FD Szpital Kliniczny Warsaw,2024,Diagnostic Angiography,Diagnostic Catheters,TC005,2.0,1,278,0.95,5,0.2,CM_100085,FD_200085
Eastern Europe,PL,Eastern Europe,PL,Eastern Europe,100085,100085,Szpital Kliniczny Warsaw,Public Hospital,200085,FD Szpital Kliniczny Warsaw,2024,Diagnostic Angiography,Guide Wires,TC002,1.5,1,278,0.9,5,0.2,CM_100085,FD_200085
Eastern Europe,PL,Eastern Europe,PL,Eastern Europe,100085,100085,Szpital Kliniczny Warsaw,Public Hospital,200085,FD Szpital Kliniczny Warsaw,2024,Diagnostic Angiography,Introducer Sheaths,TC007,1.0,1,278,0.85,5,0.2,CM_100085,FD_200085
Eastern Europe,PL,Eastern Europe,PL,Eastern Europe,100085,100085,Szpital Kliniczny Warsaw,Public Hospital,200085,FD Szpital Kliniczny Warsaw,2024,Diagnostic Angiography,Hemostasis Valves,TC008,1.0,1,278,0.7,5,0.2,CM_100085,FD_200085
Eastern Europe,PL,Eastern Europe,PL,Eastern Europe,100085,100085,Szpital Kliniczny Warsaw,Public Hospital,200085,FD Szpital Kliniczny Warsaw,2024,Diagnostic Angiography,Radial Access Kits,TC010,1.0,1,278,0.5,5,0.2,CM_100085,FD_200085
Eastern Europe,PL,Eastern Europe,PL,Eastern Europe,100085,100085,Szpital Kliniczny Warsaw,Public Hospital,200085,FD Szpital Kliniczny Warsaw,2024,Neurovascular Intervention,Microcatheters,TC006,2.0,1,195,0.95,2,0.5,CM_100085,FD_200085
Eastern Europe,PL,Eastern Europe,PL,Eastern Europe,100085,100085,Szpital Kliniczny Warsaw,Public Hospital,200085,FD Szpital Kliniczny Warsaw,2024,Neurovascular Intervention,Guide Wires,TC002,2.0,1,195,0.9,2,0.5,CM_100085,FD_200085
Eastern Europe,PL,Eastern Europe,PL,Eastern Europe,100085,100085,Szpital Kliniczny Warsaw,Public Hospital,200085,FD Szpital Kliniczny Warsaw,2024,Structural Heart,Introducer Sheaths,TC007,2.0,1,314,0.85,2,0.5,CM_100085,FD_200085
Eastern Europe,PL,Eastern Europe,PL,Eastern Europe,100085,100085,Szpital Kliniczny Warsaw,Public Hospital,200085,FD Szpital Kliniczny Warsaw,2024,Structural Heart,Guide Wires,TC002,1.0,1,314,0.7,2,0.5,CM_100085,FD_200085
Eastern Europe,PL,Eastern Europe,PL,Eastern Europe,100085,100085,Szpital Kliniczny Warsaw,Public Hospital,200085,FD Szpital Kliniczny Warsaw,2024,Electrophysiology,Diagnostic Catheters,TC005,3.0,1,99,0.8,2,0.5,CM_100085,FD_200085
Eastern Europe,PL,Eastern Europe,PL,Eastern Europe,100085,100085,Szpital Kliniczny Warsaw,Public Hospital,200085,FD Szpital Kliniczny Warsaw,2024,Electrophysiology,Introducer Sheaths,TC007,1.0,1,99,0.75,2,0.5,CM_100085,FD_200085
Eastern Europe,PL,Eastern Europe,PL,Eastern Europe,100085,100085,Szpital Kliniczny Warsaw,Public Hospital,200085,FD Szpital Kliniczny Warsaw,2024,PCI - Coronary,Guiding Catheters,TC001,1.2,1,177,0.95,7,0.1429,CM_100085,FD_200085
Eastern Europe,PL,Eastern Europe,PL,Eastern Europe,100085,100085,Szpital Kliniczny Warsaw,Public Hospital,200085,FD Szpital Kliniczny Warsaw,2024,PCI - Coronary,Guide Wires,TC002,2.0,1,177,0.98,7,0.1429,CM_100085,FD_200085
Eastern Europe,PL,Eastern Europe,PL,Eastern Europe,100085,100085,Szpital Kliniczny Warsaw,Public Hospital,200085,FD Szpital Kliniczny Warsaw,2024,PCI - Coronary,PTCA Balloon Catheters,TC003,1.5,1,177,0.85,7,0.1429,CM_100085,FD_200085
Eastern Europe,PL,Eastern Europe,PL,Eastern Europe,100085,100085,Szpital Kliniczny Warsaw,Public Hospital,200085,FD Szpital Kliniczny Warsaw,2024,PCI - Coronary,Drug-Eluting Stents,TC004,1.3,1,177,0.7,7,0.1429,CM_100085,FD_200085
Eastern Europe,PL,Eastern Europe,PL,Eastern Europe,100085,100085,Szpital Kliniczny Warsaw,Public Hospital,200085,FD Szpital Kliniczny Warsaw,2024,PCI - Coronary,Inflation Devices,TC009,1.0,1,177,0.9,7,0.1429,CM_100085,FD_200085
Eastern Europe,PL,Eastern Europe,PL,Eastern Europe,100085,100085,Szpital Kliniczny Warsaw,Public Hospital,200085,FD Szpital Kliniczny Warsaw,2024,PCI - Coronary,Hemostasis Valves,TC008,1.0,1,177,0.8,7,0.1429,CM_100085,FD_200085
Eastern Europe,PL,Eastern Europe,PL,Eastern Europe,100085,100085,Szpital Kliniczny Warsaw,Public Hospital,200085,FD Szpital Kliniczny Warsaw,2024,PCI - Coronary,Radial Access Kits,TC010,1.0,1,177,0.6,7,0.1429,CM_100085,FD_200085
Eastern Europe,PL,Eastern Europe,PL,Eastern Europe,100085,100085,Szpital Kliniczny Warsaw,Public Hospital,200085,FD Szpital Kliniczny Warsaw,2024,PCI - Complex,Guiding Catheters,TC001,1.5,1,216,0.98,5,0.2,CM_100085,FD_200085
Eastern Europe,PL,Eastern Europe,PL,Eastern Europe,100085,100085,Szpital Kliniczny Warsaw,Public Hospital,200085,FD Szpital Kliniczny Warsaw,2024,PCI - Complex,Guide Wires,TC002,3.0,1,216,0.99,5,0.2,CM_100085,FD_200085
Eastern Europe,PL,Eastern Europe,PL,Eastern Europe,100085,100085,Szpital Kliniczny Warsaw,Public Hospital,200085,FD Szpital Kliniczny Warsaw,2024,PCI - Complex,PTCA Balloon Catheters,TC003,2.0,1,216,0.9,5,0.2,CM_100085,FD_200085
Eastern Europe,PL,Eastern Europe,PL,Eastern Europe,100085,100085,Szpital Kliniczny Warsaw,Public Hospital,200085,FD Szpital Kliniczny Warsaw,2024,PCI - Complex,Drug-Eluting Stents,TC004,2.0,1,216,0.8,5,0.2,CM_100085,FD_200085
Eastern Europe,PL,Eastern Europe,PL,Eastern Europe,100085,100085,Szpital Kliniczny Warsaw,Public Hospital,200085,FD Szpital Kliniczny Warsaw,2024,PCI - Complex,Microcatheters,TC006,1.0,1,216,0.65,5,0.2,CM_100085,FD_200085
Eastern Europe,PL,Eastern Europe,PL,Eastern Europe,100085,100085,Szpital Kliniczny Warsaw,Public Hospital,200085,FD Szpital Kliniczny Warsaw,2024,Peripheral Intervention,Guide Wires,TC002,2.5,1,211,0.9,3,0.3333,CM_100085,FD_200085
Eastern Europe,PL,Eastern Europe,PL,Eastern Europe,100085,100085,Szpital Kliniczny Warsaw,Public Hospital,200085,FD Szpital Kliniczny Warsaw,2024,Peripheral Intervention,Introducer Sheaths,TC007,1.5,1,211,0.8,3,0.3333,CM_100085,FD_200085
Eastern Europe,PL,Eastern Europe,PL,Eastern Europe,100085,100085,Szpital Kliniczny Warsaw,Public Hospital,200085,FD Szpital Kliniczny Warsaw,2024,Peripheral Intervention,PTCA Balloon Catheters,TC003,1.0,1,211,0.6,3,0.3333,CM_100085,FD_200085
Eastern Europe,PL,Eastern Europe,PL,Eastern Europe,100086,100086,Instytut Kardiologii Krakow,Private Clinic,200086,FD Instytut Kardiologii Krakow,2024,Electrophysiology,Diagnostic Catheters,TC005,3.0,1,149,0.8,2,0.5,CM_100086,FD_200086
Eastern Europe,PL,Eastern Europe,PL,Eastern Europe,100086,100086,Instytut Kardiologii Krakow,Private Clinic,200086,FD Instytut Kardiologii Krakow,2024,Electrophysiology,Introducer Sheaths,TC007,1.0,1,149,0.75,2,0.5,CM_100086,FD_200086
Eastern Europe,PL,Eastern Europe,PL,Eastern Europe,100086,100086,Instytut Kardiologii Krakow,Private Clinic,200086,FD Instytut Kardiologii Krakow,2024,Neurovascular Intervention,Microcatheters,TC006,2.0,1,206,0.95,2,0.5,CM_100086,FD_200086
Eastern Europe,PL,Eastern Europe,PL,Eastern Europe,100086,100086,Instytut Kardiologii Krakow,Private Clinic,200086,FD Instytut Kardiologii Krakow,2024,Neurovascular Intervention,Guide Wires,TC002,2.0,1,206,0.9,2,0.5,CM_100086,FD_200086
Eastern Europe,PL,Eastern Europe,PL,Eastern Europe,100086,100086,Instytut Kardiologii Krakow,Private Clinic,200086,FD Instytut Kardiologii Krakow,2024,Diagnostic Angiography,Diagnostic Catheters,TC005,2.0,1,252,0.95,5,0.2,CM_100086,FD_200086
Eastern Europe,PL,Eastern Europe,PL,Eastern Europe,100086,100086,Instytut Kardiologii Krakow,Private Clinic,200086,FD Instytut Kardiologii Krakow,2024,Diagnostic Angiography,Guide Wires,TC002,1.5,1,252,0.9,5,0.2,CM_100086,FD_200086
Eastern Europe,PL,Eastern Europe,PL,Eastern Europe,100086,100086,Instytut Kardiologii Krakow,Private Clinic,200086,FD Instytut Kardiologii Krakow,2024,Diagnostic Angiography,Introducer Sheaths,TC007,1.0,1,252,0.85,5,0.2,CM_100086,FD_200086
Eastern Europe,PL,Eastern Europe,PL,Eastern Europe,100086,100086,Instytut Kardiologii Krakow,Private Clinic,200086,FD Instytut Kardiologii Krakow,2024,Diagnostic Angiography,Hemostasis Valves,TC008,1.0,1,252,0.7,5,0.2,CM_100086,FD_200086
Eastern Europe,PL,Eastern Europe,PL,Eastern Europe,100086,100086,Instytut Kardiologii Krakow,Private Clinic,200086,FD Instytut Kardiologii Krakow,2024,Diagnostic Angiography,Radial Access Kits,TC010,1.0,1,252,0.5,5,0.2,CM_100086,FD_200086
Eastern Europe,PL,Eastern Europe,PL,Eastern Europe,100086,100086,Instytut Kardiologii Krakow,Private Clinic,200086,FD Instytut Kardiologii Krakow,2024,PCI - Coronary,Guiding Catheters,TC001,1.2,1,115,0.95,7,0.1429,CM_100086,FD_200086
Eastern Europe,PL,Eastern Europe,PL,Eastern Europe,100086,100086,Instytut Kardiologii Krakow,Private Clinic,200086,FD Instytut Kardiologii Krakow,2024,PCI - Coronary,Guide Wires,TC002,2.0,1,115,0.98,7,0.1429,CM_100086,FD_200086
Eastern Europe,PL,Eastern Europe,PL,Eastern Europe,100086,100086,Instytut Kardiologii Krakow,Private Clinic,200086,FD Instytut Kardiologii Krakow,2024,PCI - Coronary,PTCA Balloon Catheters,TC003,1.5,1,115,0.85,7,0.1429,CM_100086,FD_200086
Eastern Europe,PL,Eastern Europe,PL,Eastern Europe,100086,100086,Instytut Kardiologii Krakow,Private Clinic,200086,FD Instytut Kardiologii Krakow,2024,PCI - Coronary,Drug-Eluting Stents,TC004,1.3,1,115,0.7,7,0.1429,CM_100086,FD_200086
Eastern Europe,PL,Eastern Europe,PL,Eastern Europe,100086,100086,Instytut Kardiologii Krakow,Private Clinic,200086,FD Instytut Kardiologii Krakow,2024,PCI - Coronary,Inflation Devices,TC009,1.0,1,115,0.9,7,0.1429,CM_100086,FD_200086
Eastern Europe,PL,Eastern Europe,PL,Eastern Europe,100086,100086,Instytut Kardiologii Krakow,Private Clinic,200086,FD Instytut Kardiologii Krakow,2024,PCI - Coronary,Hemostasis Valves,TC008,1.0,1,115,0.8,7,0.1429,CM_100086,FD_200086
Eastern Europe,PL,Eastern Europe,PL,Eastern Europe,100086,100086,Instytut Kardiologii Krakow,Private Clinic,200086,FD Instytut Kardiologii Krakow,2024,PCI - Coronary,Radial Access Kits,TC010,1.0,1,115,0.6,7,0.1429,CM_100086,FD_200086
Eastern Europe,PL,Eastern Europe,PL,Eastern Europe,100086,100086,Instytut Kardiologii Krakow,Private Clinic,200086,FD Instytut Kardiologii Krakow,2024,PCI - Complex,Guiding Catheters,TC001,1.5,1,312,0.98,5,0.2,CM_100086,FD_200086
Eastern Europe,PL,Eastern Europe,PL,Eastern Europe,100086,100086,Instytut Kardiologii Krakow,Private Clinic,200086,FD Instytut Kardiologii Krakow,2024,PCI - Complex,Guide Wires,TC002,3.0,1,312,0.99,5,0.2,CM_100086,FD_200086
Eastern Europe,PL,Eastern Europe,PL,Eastern Europe,100086,100086,Instytut Kardiologii Krakow,Private Clinic,200086,FD Instytut Kardiologii Krakow,2024,PCI - Complex,PTCA Balloon Catheters,TC003,2.0,1,312,0.9,5,0.2,CM_100086,FD_200086
Eastern Europe,PL,Eastern Europe,PL,Eastern Europe,100086,100086,Instytut Kardiologii Krakow,Private Clinic,200086,FD Instytut Kardiologii Krakow,2024,PCI - Complex,Drug-Eluting Stents,TC004,2.0,1,312,0.8,5,0.2,CM_100086,FD_200086
Eastern Europe,PL,Eastern Europe,PL,Eastern Europe,100086,100086,Instytut Kardiologii Krakow,Private Clinic,200086,FD Instytut Kardiologii Krakow,2024,PCI - Complex,Microcatheters,TC006,1.0,1,312,0.65,5,0.2,CM_100086,FD_200086
Eastern Europe,PL,Eastern Europe,PL,Eastern Europe,100086,100086,Instytut Kardiologii Krakow,Private Clinic,200086,FD Instytut Kardiologii Krakow,2024,Peripheral Intervention,Guide Wires,TC002,2.5,1,203,0.9,3,0.3333,CM_100086,FD_200086
Eastern Europe,PL,Eastern Europe,PL,Eastern Europe,100086,100086,Instytut Kardiologii Krakow,Private Clinic,200086,FD Instytut Kardiologii Krakow,2024,Peripheral Intervention,Introducer Sheaths,TC007,1.5,1,203,0.8,3,0.3333,CM_100086,FD_200086
Eastern Europe,PL,Eastern Europe,PL,Eastern Europe,100086,100086,Instytut Kardiologii Krakow,Private Clinic,200086,FD Instytut Kardiologii Krakow,2024,Peripheral Intervention,PTCA Balloon Catheters,TC003,1.0,1,203,0.6,3,0.3333,CM_100086,FD_200086
Eastern Europe,PL,Eastern Europe,PL,Eastern Europe,100087,100087,Centrum Medyczne Wroclaw,Heart Center,200087,FD Centrum Medyczne Wroclaw,2024,PCI - Coronary,Guiding Catheters,TC001,1.2,1,292,0.95,7,0.1429,CM_100087,FD_200087
Eastern Europe,PL,Eastern Europe,PL,Eastern Europe,100087,100087,Centrum Medyczne Wroclaw,Heart Center,200087,FD Centrum Medyczne Wroclaw,2024,PCI - Coronary,Guide Wires,TC002,2.0,1,292,0.98,7,0.1429,CM_100087,FD_200087
Eastern Europe,PL,Eastern Europe,PL,Eastern Europe,100087,100087,Centrum Medyczne Wroclaw,Heart Center,200087,FD Centrum Medyczne Wroclaw,2024,PCI - Coronary,PTCA Balloon Catheters,TC003,1.5,1,292,0.85,7,0.1429,CM_100087,FD_200087
Eastern Europe,PL,Eastern Europe,PL,Eastern Europe,100087,100087,Centrum Medyczne Wroclaw,Heart Center,200087,FD Centrum Medyczne Wroclaw,2024,PCI - Coronary,Drug-Eluting Stents,TC004,1.3,1,292,0.7,7,0.1429,CM_100087,FD_200087
Eastern Europe,PL,Eastern Europe,PL,Eastern Europe,100087,100087,Centrum Medyczne Wroclaw,Heart Center,200087,FD Centrum Medyczne Wroclaw,2024,PCI - Coronary,Inflation Devices,TC009,1.0,1,292,0.9,7,0.1429,CM_100087,FD_200087
Eastern Europe,PL,Eastern Europe,PL,Eastern Europe,100087,100087,Centrum Medyczne Wroclaw,Heart Center,200087,FD Centrum Medyczne Wroclaw,2024,PCI - Coronary,Hemostasis Valves,TC008,1.0,1,292,0.8,7,0.1429,CM_100087,FD_200087
Eastern Europe,PL,Eastern Europe,PL,Eastern Europe,100087,100087,Centrum Medyczne Wroclaw,Heart Center,200087,FD Centrum Medyczne Wroclaw,2024,PCI - Coronary,Radial Access Kits,TC010,1.0,1,292,0.6,7,0.1429,CM_100087,FD_200087
Eastern Europe,PL,Eastern Europe,PL,Eastern Europe,100087,100087,Centrum Medyczne Wroclaw,Heart Center,200087,FD Centrum Medyczne Wroclaw,2024,Structural Heart,Introducer Sheaths,TC007,2.0,1,62,0.85,2,0.5,CM_100087,FD_200087
Eastern Europe,PL,Eastern Europe,PL,Eastern Europe,100087,100087,Centrum Medyczne Wroclaw,Heart Center,200087,FD Centrum Medyczne Wroclaw,2024,Structural Heart,Guide Wires,TC002,1.0,1,62,0.7,2,0.5,CM_100087,FD_200087
Eastern Europe,PL,Eastern Europe,PL,Eastern Europe,100087,100087,Centrum Medyczne Wroclaw,Heart Center,200087,FD Centrum Medyczne Wroclaw,2024,PCI - Complex,Guiding Catheters,TC001,1.5,1,72,0.98,5,0.2,CM_100087,FD_200087
Eastern Europe,PL,Eastern Europe,PL,Eastern Europe,100087,100087,Centrum Medyczne Wroclaw,Heart Center,200087,FD Centrum Medyczne Wroclaw,2024,PCI - Complex,Guide Wires,TC002,3.0,1,72,0.99,5,0.2,CM_100087,FD_200087
Eastern Europe,PL,Eastern Europe,PL,Eastern Europe,100087,100087,Centrum Medyczne Wroclaw,Heart Center,200087,FD Centrum Medyczne Wroclaw,2024,PCI - Complex,PTCA Balloon Catheters,TC003,2.0,1,72,0.9,5,0.2,CM_100087,FD_200087
Eastern Europe,PL,Eastern Europe,PL,Eastern Europe,100087,100087,Centrum Medyczne Wroclaw,Heart Center,200087,FD Centrum Medyczne Wroclaw,2024,PCI - Complex,Drug-Eluting Stents,TC004,2.0,1,72,0.8,5,0.2,CM_100087,FD_200087
Eastern Europe,PL,Eastern Europe,PL,Eastern Europe,100087,100087,Centrum Medyczne Wroclaw,Heart Center,200087,FD Centrum Medyczne Wroclaw,2024,PCI - Complex,Microcatheters,TC006,1.0,1,72,0.65,5,0.2,CM_100087,FD_200087
Eastern Europe,PL,Eastern Europe,PL,Eastern Europe,100087,100087,Centrum Medyczne Wroclaw,Heart Center,200087,FD Centrum Medyczne Wroclaw,2024,Peripheral Intervention,Guide Wires,TC002,2.5,1,155,0.9,3,0.3333,CM_100087,FD_200087
Eastern Europe,PL,Eastern Europe,PL,Eastern Europe,100087,100087,Centrum Medyczne Wroclaw,Heart Center,200087,FD Centrum Medyczne Wroclaw,2024,Peripheral Intervention,Introducer Sheaths,TC007,1.5,1,155,0.8,3,0.3333,CM_100087,FD_200087
Eastern Europe,PL,Eastern Europe,PL,Eastern Europe,100087,100087,Centrum Medyczne Wroclaw,Heart Center,200087,FD Centrum Medyczne Wroclaw,2024,Peripheral Intervention,PTCA Balloon Catheters,TC003,1.0,1,155,0.6,3,0.3333,CM_100087,FD_200087
Eastern Europe,PL,Eastern Europe,PL,Eastern Europe,100087,100087,Centrum Medyczne Wroclaw,Heart Center,200087,FD Centrum Medyczne Wroclaw,2024,Electrophysiology,Diagnostic Catheters,TC005,3.0,1,311,0.8,2,0.5,CM_100087,FD_200087
Eastern Europe,PL,Eastern Europe,PL,Eastern Europe,100087,100087,Centrum Medyczne Wroclaw,Heart Center,200087,FD Centrum Medyczne Wroclaw,2024,Electrophysiology,Introducer Sheaths,TC007,1.0,1,311,0.75,2,0.5,CM_100087,FD_200087
Eastern Europe,PL,Eastern Europe,PL,Eastern Europe,100088,100088,Szpital Wojewódzki Poznan,Heart Center,200088,FD Szpital Wojewódzki Poznan,2024,Structural Heart,Introducer Sheaths,TC007,2.0,1,185,0.85,2,0.5,CM_100088,FD_200088
Eastern Europe,PL,Eastern Europe,PL,Eastern Europe,100088,100088,Szpital Wojewódzki Poznan,Heart Center,200088,FD Szpital Wojewódzki Poznan,2024,Structural Heart,Guide Wires,TC002,1.0,1,185,0.7,2,0.5,CM_100088,FD_200088
Eastern Europe,PL,Eastern Europe,PL,Eastern Europe,100088,100088,Szpital Wojewódzki Poznan,Heart Center,200088,FD Szpital Wojewódzki Poznan,2024,Peripheral Intervention,Guide Wires,TC002,2.5,1,176,0.9,3,0.3333,CM_100088,FD_200088
Eastern Europe,PL,Eastern Europe,PL,Eastern Europe,100088,100088,Szpital Wojewódzki Poznan,Heart Center,200088,FD Szpital Wojewódzki Poznan,2024,Peripheral Intervention,Introducer Sheaths,TC007,1.5,1,176,0.8,3,0.3333,CM_100088,FD_200088
Eastern Europe,PL,Eastern Europe,PL,Eastern Europe,100088,100088,Szpital Wojewódzki Poznan,Heart Center,200088,FD Szpital Wojewódzki Poznan,2024,Peripheral Intervention,PTCA Balloon Catheters,TC003,1.0,1,176,0.6,3,0.3333,CM_100088,FD_200088
Eastern Europe,PL,Eastern Europe,PL,Eastern Europe,100088,100088,Szpital Wojewódzki Poznan,Heart Center,200088,FD Szpital Wojewódzki Poznan,2024,Diagnostic Angiography,Diagnostic Catheters,TC005,2.0,1,232,0.95,5,0.2,CM_100088,FD_200088
Eastern Europe,PL,Eastern Europe,PL,Eastern Europe,100088,100088,Szpital Wojewódzki Poznan,Heart Center,200088,FD Szpital Wojewódzki Poznan,2024,Diagnostic Angiography,Guide Wires,TC002,1.5,1,232,0.9,5,0.2,CM_100088,FD_200088
Eastern Europe,PL,Eastern Europe,PL,Eastern Europe,100088,100088,Szpital Wojewódzki Poznan,Heart Center,200088,FD Szpital Wojewódzki Poznan,2024,Diagnostic Angiography,Introducer Sheaths,TC007,1.0,1,232,0.85,5,0.2,CM_100088,FD_200088
Eastern Europe,PL,Eastern Europe,PL,Eastern Europe,100088,100088,Szpital Wojewódzki Poznan,Heart Center,200088,FD Szpital Wojewódzki Poznan,2024,Diagnostic Angiography,Hemostasis Valves,TC008,1.0,1,232,0.7,5,0.2,CM_100088,FD_200088
Eastern Europe,PL,Eastern Europe,PL,Eastern Europe,100088,100088,Szpital Wojewódzki Poznan,Heart Center,200088,FD Szpital Wojewódzki Poznan,2024,Diagnostic Angiography,Radial Access Kits,TC010,1.0,1,232,0.5,5,0.2,CM_100088,FD_200088
Eastern Europe,PL,Eastern Europe,PL,Eastern Europe,100089,100089,Klinika Kardiochirurgii Gdansk,Private Clinic,200089,FD Klinika Kardiochirurgii Gdansk,2024,PCI - Coronary,Guiding Catheters,TC001,1.2,1,216,0.95,7,0.1429,CM_100089,FD_200089
Eastern Europe,PL,Eastern Europe,PL,Eastern Europe,100089,100089,Klinika Kardiochirurgii Gdansk,Private Clinic,200089,FD Klinika Kardiochirurgii Gdansk,2024,PCI - Coronary,Guide Wires,TC002,2.0,1,216,0.98,7,0.1429,CM_100089,FD_200089
Eastern Europe,PL,Eastern Europe,PL,Eastern Europe,100089,100089,Klinika Kardiochirurgii Gdansk,Private Clinic,200089,FD Klinika Kardiochirurgii Gdansk,2024,PCI - Coronary,PTCA Balloon Catheters,TC003,1.5,1,216,0.85,7,0.1429,CM_100089,FD_200089
Eastern Europe,PL,Eastern Europe,PL,Eastern Europe,100089,100089,Klinika Kardiochirurgii Gdansk,Private Clinic,200089,FD Klinika Kardiochirurgii Gdansk,2024,PCI - Coronary,Drug-Eluting Stents,TC004,1.3,1,216,0.7,7,0.1429,CM_100089,FD_200089
Eastern Europe,PL,Eastern Europe,PL,Eastern Europe,100089,100089,Klinika Kardiochirurgii Gdansk,Private Clinic,200089,FD Klinika Kardiochirurgii Gdansk,2024,PCI - Coronary,Inflation Devices,TC009,1.0,1,216,0.9,7,0.1429,CM_100089,FD_200089
Eastern Europe,PL,Eastern Europe,PL,Eastern Europe,100089,100089,Klinika Kardiochirurgii Gdansk,Private Clinic,200089,FD Klinika Kardiochirurgii Gdansk,2024,PCI - Coronary,Hemostasis Valves,TC008,1.0,1,216,0.8,7,0.1429,CM_100089,FD_200089
Eastern Europe,PL,Eastern Europe,PL,Eastern Europe,100089,100089,Klinika Kardiochirurgii Gdansk,Private Clinic,200089,FD Klinika Kardiochirurgii Gdansk,2024,PCI - Coronary,Radial Access Kits,TC010,1.0,1,216,0.6,7,0.1429,CM_100089,FD_200089
Eastern Europe,PL,Eastern Europe,PL,Eastern Europe,100089,100089,Klinika Kardiochirurgii Gdansk,Private Clinic,200089,FD Klinika Kardiochirurgii Gdansk,2024,Electrophysiology,Diagnostic Catheters,TC005,3.0,1,68,0.8,2,0.5,CM_100089,FD_200089
Eastern Europe,PL,Eastern Europe,PL,Eastern Europe,100089,100089,Klinika Kardiochirurgii Gdansk,Private Clinic,200089,FD Klinika Kardiochirurgii Gdansk,2024,Electrophysiology,Introducer Sheaths,TC007,1.0,1,68,0.75,2,0.5,CM_100089,FD_200089
Eastern Europe,PL,Eastern Europe,PL,Eastern Europe,100089,100089,Klinika Kardiochirurgii Gdansk,Private Clinic,200089,FD Klinika Kardiochirurgii Gdansk,2024,PCI - Complex,Guiding Catheters,TC001,1.5,1,358,0.98,5,0.2,CM_100089,FD_200089
Eastern Europe,PL,Eastern Europe,PL,Eastern Europe,100089,100089,Klinika Kardiochirurgii Gdansk,Private Clinic,200089,FD Klinika Kardiochirurgii Gdansk,2024,PCI - Complex,Guide Wires,TC002,3.0,1,358,0.99,5,0.2,CM_100089,FD_200089
Eastern Europe,PL,Eastern Europe,PL,Eastern Europe,100089,100089,Klinika Kardiochirurgii Gdansk,Private Clinic,200089,FD Klinika Kardiochirurgii Gdansk,2024,PCI - Complex,PTCA Balloon Catheters,TC003,2.0,1,358,0.9,5,0.2,CM_100089,FD_200089
Eastern Europe,PL,Eastern Europe,PL,Eastern Europe,100089,100089,Klinika Kardiochirurgii Gdansk,Private Clinic,200089,FD Klinika Kardiochirurgii Gdansk,2024,PCI - Complex,Drug-Eluting Stents,TC004,2.0,1,358,0.8,5,0.2,CM_100089,FD_200089
Eastern Europe,PL,Eastern Europe,PL,Eastern Europe,100089,100089,Klinika Kardiochirurgii Gdansk,Private Clinic,200089,FD Klinika Kardiochirurgii Gdansk,2024,PCI - Complex,Microcatheters,TC006,1.0,1,358,0.65,5,0.2,CM_100089,FD_200089
Eastern Europe,PL,Eastern Europe,PL,Eastern Europe,100089,100089,Klinika Kardiochirurgii Gdansk,Private Clinic,200089,FD Klinika Kardiochirurgii Gdansk,2024,Neurovascular Intervention,Microcatheters,TC006,2.0,1,175,0.95,2,0.5,CM_100089,FD_200089
Eastern Europe,PL,Eastern Europe,PL,Eastern Europe,100089,100089,Klinika Kardiochirurgii Gdansk,Private Clinic,200089,FD Klinika Kardiochirurgii Gdansk,2024,Neurovascular Intervention,Guide Wires,TC002,2.0,1,175,0.9,2,0.5,CM_100089,FD_200089
Eastern Europe,PL,Eastern Europe,PL,Eastern Europe,100089,100089,Klinika Kardiochirurgii Gdansk,Private Clinic,200089,FD Klinika Kardiochirurgii Gdansk,2024,Peripheral Intervention,Guide Wires,TC002,2.5,1,111,0.9,3,0.3333,CM_100089,FD_200089
Eastern Europe,PL,Eastern Europe,PL,Eastern Europe,100089,100089,Klinika Kardiochirurgii Gdansk,Private Clinic,200089,FD Klinika Kardiochirurgii Gdansk,2024,Peripheral Intervention,Introducer Sheaths,TC007,1.5,1,111,0.8,3,0.3333,CM_100089,FD_200089
Eastern Europe,PL,Eastern Europe,PL,Eastern Europe,100089,100089,Klinika Kardiochirurgii Gdansk,Private Clinic,200089,FD Klinika Kardiochirurgii Gdansk,2024,Peripheral Intervention,PTCA Balloon Catheters,TC003,1.0,1,111,0.6,3,0.3333,CM_100089,FD_200089
Eastern Europe,PL,Eastern Europe,PL,Eastern Europe,100089,100089,Klinika Kardiochirurgii Gdansk,Private Clinic,200089,FD Klinika Kardiochirurgii Gdansk,2024,Diagnostic Angiography,Diagnostic Catheters,TC005,2.0,1,94,0.95,5,0.2,CM_100089,FD_200089
Eastern Europe,PL,Eastern Europe,PL,Eastern Europe,100089,100089,Klinika Kardiochirurgii Gdansk,Private Clinic,200089,FD Klinika Kardiochirurgii Gdansk,2024,Diagnostic Angiography,Guide Wires,TC002,1.5,1,94,0.9,5,0.2,CM_100089,FD_200089
Eastern Europe,PL,Eastern Europe,PL,Eastern Europe,100089,100089,Klinika Kardiochirurgii Gdansk,Private Clinic,200089,FD Klinika Kardiochirurgii Gdansk,2024,Diagnostic Angiography,Introducer Sheaths,TC007,1.0,1,94,0.85,5,0.2,CM_100089,FD_200089
Eastern Europe,PL,Eastern Europe,PL,Eastern Europe,100089,100089,Klinika Kardiochirurgii Gdansk,Private Clinic,200089,FD Klinika Kardiochirurgii Gdansk,2024,Diagnostic Angiography,Hemostasis Valves,TC008,1.0,1,94,0.7,5,0.2,CM_100089,FD_200089
Eastern Europe,PL,Eastern Europe,PL,Eastern Europe,100089,100089,Klinika Kardiochirurgii Gdansk,Private Clinic,200089,FD Klinika Kardiochirurgii Gdansk,2024,Diagnostic Angiography,Radial Access Kits,TC010,1.0,1,94,0.5,5,0.2,CM_100089,FD_200089
Eastern Europe,PL,Eastern Europe,PL,Eastern Europe,100090,100090,Szpital Kliniczny Katowice,Public Hospital,200090,FD Szpital Kliniczny Katowice,2024,Structural Heart,Introducer Sheaths,TC007,2.0,1,139,0.85,2,0.5,CM_100090,FD_200090
Eastern Europe,PL,Eastern Europe,PL,Eastern Europe,100090,100090,Szpital Kliniczny Katowice,Public Hospital,200090,FD Szpital Kliniczny Katowice,2024,Structural Heart,Guide Wires,TC002,1.0,1,139,0.7,2,0.5,CM_100090,FD_200090
Eastern Europe,PL,Eastern Europe,PL,Eastern Europe,100090,100090,Szpital Kliniczny Katowice,Public Hospital,200090,FD Szpital Kliniczny Katowice,2024,PCI - Coronary,Guiding Catheters,TC001,1.2,1,188,0.95,7,0.1429,CM_100090,FD_200090
Eastern Europe,PL,Eastern Europe,PL,Eastern Europe,100090,100090,Szpital Kliniczny Katowice,Public Hospital,200090,FD Szpital Kliniczny Katowice,2024,PCI - Coronary,Guide Wires,TC002,2.0,1,188,0.98,7,0.1429,CM_100090,FD_200090
Eastern Europe,PL,Eastern Europe,PL,Eastern Europe,100090,100090,Szpital Kliniczny Katowice,Public Hospital,200090,FD Szpital Kliniczny Katowice,2024,PCI - Coronary,PTCA Balloon Catheters,TC003,1.5,1,188,0.85,7,0.1429,CM_100090,FD_200090
Eastern Europe,PL,Eastern Europe,PL,Eastern Europe,100090,100090,Szpital Kliniczny Katowice,Public Hospital,200090,FD Szpital Kliniczny Katowice,2024,PCI - Coronary,Drug-Eluting Stents,TC004,1.3,1,188,0.7,7,0.1429,CM_100090,FD_200090
Eastern Europe,PL,Eastern Europe,PL,Eastern Europe,100090,100090,Szpital Kliniczny Katowice,Public Hospital,200090,FD Szpital Kliniczny Katowice,2024,PCI - Coronary,Inflation Devices,TC009,1.0,1,188,0.9,7,0.1429,CM_100090,FD_200090
Eastern Europe,PL,Eastern Europe,PL,Eastern Europe,100090,100090,Szpital Kliniczny Katowice,Public Hospital,200090,FD Szpital Kliniczny Katowice,2024,PCI - Coronary,Hemostasis Valves,TC008,1.0,1,188,0.8,7,0.1429,CM_100090,FD_200090
Eastern Europe,PL,Eastern Europe,PL,Eastern Europe,100090,100090,Szpital Kliniczny Katowice,Public Hospital,200090,FD Szpital Kliniczny Katowice,2024,PCI - Coronary,Radial Access Kits,TC010,1.0,1,188,0.6,7,0.1429,CM_100090,FD_200090
Eastern Europe,PL,Eastern Europe,PL,Eastern Europe,100090,100090,Szpital Kliniczny Katowice,Public Hospital,200090,FD Szpital Kliniczny Katowice,2024,Peripheral Intervention,Guide Wires,TC002,2.5,1,155,0.9,3,0.3333,CM_100090,FD_200090
Eastern Europe,PL,Eastern Europe,PL,Eastern Europe,100090,100090,Szpital Kliniczny Katowice,Public Hospital,200090,FD Szpital Kliniczny Katowice,2024,Peripheral Intervention,Introducer Sheaths,TC007,1.5,1,155,0.8,3,0.3333,CM_100090,FD_200090
Eastern Europe,PL,Eastern Europe,PL,Eastern Europe,100090,100090,Szpital Kliniczny Katowice,Public Hospital,200090,FD Szpital Kliniczny Katowice,2024,Peripheral Intervention,PTCA Balloon Catheters,TC003,1.0,1,155,0.6,3,0.3333,CM_100090,FD_200090
Eastern Europe,PL,Eastern Europe,PL,Eastern Europe,100090,100090,Szpital Kliniczny Katowice,Public Hospital,200090,FD Szpital Kliniczny Katowice,2024,Neurovascular Intervention,Microcatheters,TC006,2.0,1,152,0.95,2,0.5,CM_100090,FD_200090
Eastern Europe,PL,Eastern Europe,PL,Eastern Europe,100090,100090,Szpital Kliniczny Katowice,Public Hospital,200090,FD Szpital Kliniczny Katowice,2024,Neurovascular Intervention,Guide Wires,TC002,2.0,1,152,0.9,2,0.5,CM_100090,FD_200090
Eastern Europe,PL,Eastern Europe,PL,Eastern Europe,100090,100090,Szpital Kliniczny Katowice,Public Hospital,200090,FD Szpital Kliniczny Katowice,2024,PCI - Complex,Guiding Catheters,TC001,1.5,1,230,0.98,5,0.2,CM_100090,FD_200090
Eastern Europe,PL,Eastern Europe,PL,Eastern Europe,100090,100090,Szpital Kliniczny Katowice,Public Hospital,200090,FD Szpital Kliniczny Katowice,2024,PCI - Complex,Guide Wires,TC002,3.0,1,230,0.99,5,0.2,CM_100090,FD_200090
Eastern Europe,PL,Eastern Europe,PL,Eastern Europe,100090,100090,Szpital Kliniczny Katowice,Public Hospital,200090,FD Szpital Kliniczny Katowice,2024,PCI - Complex,PTCA Balloon Catheters,TC003,2.0,1,230,0.9,5,0.2,CM_100090,FD_200090
Eastern Europe,PL,Eastern Europe,PL,Eastern Europe,100090,100090,Szpital Kliniczny Katowice,Public Hospital,200090,FD Szpital Kliniczny Katowice,2024,PCI - Complex,Drug-Eluting Stents,TC004,2.0,1,230,0.8,5,0.2,CM_100090,FD_200090
Eastern Europe,PL,Eastern Europe,PL,Eastern Europe,100090,100090,Szpital Kliniczny Katowice,Public Hospital,200090,FD Szpital Kliniczny Katowice,2024,PCI - Complex,Microcatheters,TC006,1.0,1,230,0.65,5,0.2,CM_100090,FD_200090
Eastern Europe,PL,Eastern Europe,PL,Eastern Europe,100090,100090,Szpital Kliniczny Katowice,Public Hospital,200090,FD Szpital Kliniczny Katowice,2024,Electrophysiology,Diagnostic Catheters,TC005,3.0,1,56,0.8,2,0.5,CM_100090,FD_200090
Eastern Europe,PL,Eastern Europe,PL,Eastern Europe,100090,100090,Szpital Kliniczny Katowice,Public Hospital,200090,FD Szpital Kliniczny Katowice,2024,Electrophysiology,Introducer Sheaths,TC007,1.0,1,56,0.75,2,0.5,CM_100090,FD_200090
Eastern Europe,PL,Eastern Europe,PL,Eastern Europe,100091,100091,Instytut Kardiologii Lodz,Public Hospital,200091,FD Instytut Kardiologii Lodz,2024,Neurovascular Intervention,Microcatheters,TC006,2.0,1,389,0.95,2,0.5,CM_100091,FD_200091
Eastern Europe,PL,Eastern Europe,PL,Eastern Europe,100091,100091,Instytut Kardiologii Lodz,Public Hospital,200091,FD Instytut Kardiologii Lodz,2024,Neurovascular Intervention,Guide Wires,TC002,2.0,1,389,0.9,2,0.5,CM_100091,FD_200091
Eastern Europe,PL,Eastern Europe,PL,Eastern Europe,100091,100091,Instytut Kardiologii Lodz,Public Hospital,200091,FD Instytut Kardiologii Lodz,2024,Structural Heart,Introducer Sheaths,TC007,2.0,1,174,0.85,2,0.5,CM_100091,FD_200091
Eastern Europe,PL,Eastern Europe,PL,Eastern Europe,100091,100091,Instytut Kardiologii Lodz,Public Hospital,200091,FD Instytut Kardiologii Lodz,2024,Structural Heart,Guide Wires,TC002,1.0,1,174,0.7,2,0.5,CM_100091,FD_200091
Eastern Europe,PL,Eastern Europe,PL,Eastern Europe,100091,100091,Instytut Kardiologii Lodz,Public Hospital,200091,FD Instytut Kardiologii Lodz,2024,Diagnostic Angiography,Diagnostic Catheters,TC005,2.0,1,427,0.95,5,0.2,CM_100091,FD_200091
Eastern Europe,PL,Eastern Europe,PL,Eastern Europe,100091,100091,Instytut Kardiologii Lodz,Public Hospital,200091,FD Instytut Kardiologii Lodz,2024,Diagnostic Angiography,Guide Wires,TC002,1.5,1,427,0.9,5,0.2,CM_100091,FD_200091
Eastern Europe,PL,Eastern Europe,PL,Eastern Europe,100091,100091,Instytut Kardiologii Lodz,Public Hospital,200091,FD Instytut Kardiologii Lodz,2024,Diagnostic Angiography,Introducer Sheaths,TC007,1.0,1,427,0.85,5,0.2,CM_100091,FD_200091
Eastern Europe,PL,Eastern Europe,PL,Eastern Europe,100091,100091,Instytut Kardiologii Lodz,Public Hospital,200091,FD Instytut Kardiologii Lodz,2024,Diagnostic Angiography,Hemostasis Valves,TC008,1.0,1,427,0.7,5,0.2,CM_100091,FD_200091
Eastern Europe,PL,Eastern Europe,PL,Eastern Europe,100091,100091,Instytut Kardiologii Lodz,Public Hospital,200091,FD Instytut Kardiologii Lodz,2024,Diagnostic Angiography,Radial Access Kits,TC010,1.0,1,427,0.5,5,0.2,CM_100091,FD_200091
Eastern Europe,PL,Eastern Europe,PL,Eastern Europe,100091,100091,Instytut Kardiologii Lodz,Public Hospital,200091,FD Instytut Kardiologii Lodz,2024,PCI - Coronary,Guiding Catheters,TC001,1.2,1,358,0.95,7,0.1429,CM_100091,FD_200091
Eastern Europe,PL,Eastern Europe,PL,Eastern Europe,100091,100091,Instytut Kardiologii Lodz,Public Hospital,200091,FD Instytut Kardiologii Lodz,2024,PCI - Coronary,Guide Wires,TC002,2.0,1,358,0.98,7,0.1429,CM_100091,FD_200091
Eastern Europe,PL,Eastern Europe,PL,Eastern Europe,100091,100091,Instytut Kardiologii Lodz,Public Hospital,200091,FD Instytut Kardiologii Lodz,2024,PCI - Coronary,PTCA Balloon Catheters,TC003,1.5,1,358,0.85,7,0.1429,CM_100091,FD_200091
Eastern Europe,PL,Eastern Europe,PL,Eastern Europe,100091,100091,Instytut Kardiologii Lodz,Public Hospital,200091,FD Instytut Kardiologii Lodz,2024,PCI - Coronary,Drug-Eluting Stents,TC004,1.3,1,358,0.7,7,0.1429,CM_100091,FD_200091
Eastern Europe,PL,Eastern Europe,PL,Eastern Europe,100091,100091,Instytut Kardiologii Lodz,Public Hospital,200091,FD Instytut Kardiologii Lodz,2024,PCI - Coronary,Inflation Devices,TC009,1.0,1,358,0.9,7,0.1429,CM_100091,FD_200091
Eastern Europe,PL,Eastern Europe,PL,Eastern Europe,100091,100091,Instytut Kardiologii Lodz,Public Hospital,200091,FD Instytut Kardiologii Lodz,2024,PCI - Coronary,Hemostasis Valves,TC008,1.0,1,358,0.8,7,0.1429,CM_100091,FD_200091
Eastern Europe,PL,Eastern Europe,PL,Eastern Europe,100091,100091,Instytut Kardiologii Lodz,Public Hospital,200091,FD Instytut Kardiologii Lodz,2024,PCI - Coronary,Radial Access Kits,TC010,1.0,1,358,0.6,7,0.1429,CM_100091,FD_200091
Eastern Europe,PL,Eastern Europe,PL,Eastern Europe,100091,100091,Instytut Kardiologii Lodz,Public Hospital,200091,FD Instytut Kardiologii Lodz,2024,PCI - Complex,Guiding Catheters,TC001,1.5,1,160,0.98,5,0.2,CM_100091,FD_200091
Eastern Europe,PL,Eastern Europe,PL,Eastern Europe,100091,100091,Instytut Kardiologii Lodz,Public Hospital,200091,FD Instytut Kardiologii Lodz,2024,PCI - Complex,Guide Wires,TC002,3.0,1,160,0.99,5,0.2,CM_100091,FD_200091
Eastern Europe,PL,Eastern Europe,PL,Eastern Europe,100091,100091,Instytut Kardiologii Lodz,Public Hospital,200091,FD Instytut Kardiologii Lodz,2024,PCI - Complex,PTCA Balloon Catheters,TC003,2.0,1,160,0.9,5,0.2,CM_100091,FD_200091
Eastern Europe,PL,Eastern Europe,PL,Eastern Europe,100091,100091,Instytut Kardiologii Lodz,Public Hospital,200091,FD Instytut Kardiologii Lodz,2024,PCI - Complex,Drug-Eluting Stents,TC004,2.0,1,160,0.8,5,0.2,CM_100091,FD_200091
Eastern Europe,PL,Eastern Europe,PL,Eastern Europe,100091,100091,Instytut Kardiologii Lodz,Public Hospital,200091,FD Instytut Kardiologii Lodz,2024,PCI - Complex,Microcatheters,TC006,1.0,1,160,0.65,5,0.2,CM_100091,FD_200091
Eastern Europe,PL,Eastern Europe,PL,Eastern Europe,100092,100092,Centrum Medyczne Lublin,Heart Center,200092,FD Centrum Medyczne Lublin,2024,Structural Heart,Introducer Sheaths,TC007,2.0,1,236,0.85,2,0.5,CM_100092,FD_200092
Eastern Europe,PL,Eastern Europe,PL,Eastern Europe,100092,100092,Centrum Medyczne Lublin,Heart Center,200092,FD Centrum Medyczne Lublin,2024,Structural Heart,Guide Wires,TC002,1.0,1,236,0.7,2,0.5,CM_100092,FD_200092
Eastern Europe,PL,Eastern Europe,PL,Eastern Europe,100092,100092,Centrum Medyczne Lublin,Heart Center,200092,FD Centrum Medyczne Lublin,2024,PCI - Complex,Guiding Catheters,TC001,1.5,1,205,0.98,5,0.2,CM_100092,FD_200092
Eastern Europe,PL,Eastern Europe,PL,Eastern Europe,100092,100092,Centrum Medyczne Lublin,Heart Center,200092,FD Centrum Medyczne Lublin,2024,PCI - Complex,Guide Wires,TC002,3.0,1,205,0.99,5,0.2,CM_100092,FD_200092
Eastern Europe,PL,Eastern Europe,PL,Eastern Europe,100092,100092,Centrum Medyczne Lublin,Heart Center,200092,FD Centrum Medyczne Lublin,2024,PCI - Complex,PTCA Balloon Catheters,TC003,2.0,1,205,0.9,5,0.2,CM_100092,FD_200092
Eastern Europe,PL,Eastern Europe,PL,Eastern Europe,100092,100092,Centrum Medyczne Lublin,Heart Center,200092,FD Centrum Medyczne Lublin,2024,PCI - Complex,Drug-Eluting Stents,TC004,2.0,1,205,0.8,5,0.2,CM_100092,FD_200092
Eastern Europe,PL,Eastern Europe,PL,Eastern Europe,100092,100092,Centrum Medyczne Lublin,Heart Center,200092,FD Centrum Medyczne Lublin,2024,PCI - Complex,Microcatheters,TC006,1.0,1,205,0.65,5,0.2,CM_100092,FD_200092
Eastern Europe,PL,Eastern Europe,PL,Eastern Europe,100092,100092,Centrum Medyczne Lublin,Heart Center,200092,FD Centrum Medyczne Lublin,2024,Neurovascular Intervention,Microcatheters,TC006,2.0,1,83,0.95,2,0.5,CM_100092,FD_200092
Eastern Europe,PL,Eastern Europe,PL,Eastern Europe,100092,100092,Centrum Medyczne Lublin,Heart Center,200092,FD Centrum Medyczne Lublin,2024,Neurovascular Intervention,Guide Wires,TC002,2.0,1,83,0.9,2,0.5,CM_100092,FD_200092
Eastern Europe,PL,Eastern Europe,PL,Eastern Europe,100093,100093,Szpital Wojewódzki Bialystok,University Hospital,200093,FD Szpital Wojewódzki Bialystok,2024,PCI - Complex,Guiding Catheters,TC001,1.5,1,427,0.98,5,0.2,CM_100093,FD_200093
Eastern Europe,PL,Eastern Europe,PL,Eastern Europe,100093,100093,Szpital Wojewódzki Bialystok,University Hospital,200093,FD Szpital Wojewódzki Bialystok,2024,PCI - Complex,Guide Wires,TC002,3.0,1,427,0.99,5,0.2,CM_100093,FD_200093
Eastern Europe,PL,Eastern Europe,PL,Eastern Europe,100093,100093,Szpital Wojewódzki Bialystok,University Hospital,200093,FD Szpital Wojewódzki Bialystok,2024,PCI - Complex,PTCA Balloon Catheters,TC003,2.0,1,427,0.9,5,0.2,CM_100093,FD_200093
Eastern Europe,PL,Eastern Europe,PL,Eastern Europe,100093,100093,Szpital Wojewódzki Bialystok,University Hospital,200093,FD Szpital Wojewódzki Bialystok,2024,PCI - Complex,Drug-Eluting Stents,TC004,2.0,1,427,0.8,5,0.2,CM_100093,FD_200093
Eastern Europe,PL,Eastern Europe,PL,Eastern Europe,100093,100093,Szpital Wojewódzki Bialystok,University Hospital,200093,FD Szpital Wojewódzki Bialystok,2024,PCI - Complex,Microcatheters,TC006,1.0,1,427,0.65,5,0.2,CM_100093,FD_200093
Eastern Europe,PL,Eastern Europe,PL,Eastern Europe,100093,100093,Szpital Wojewódzki Bialystok,University Hospital,200093,FD Szpital Wojewódzki Bialystok,2024,PCI - Coronary,Guiding Catheters,TC001,1.2,1,187,0.95,7,0.1429,CM_100093,FD_200093
Eastern Europe,PL,Eastern Europe,PL,Eastern Europe,100093,100093,Szpital Wojewódzki Bialystok,University Hospital,200093,FD Szpital Wojewódzki Bialystok,2024,PCI - Coronary,Guide Wires,TC002,2.0,1,187,0.98,7,0.1429,CM_100093,FD_200093
Eastern Europe,PL,Eastern Europe,PL,Eastern Europe,100093,100093,Szpital Wojewódzki Bialystok,University Hospital,200093,FD Szpital Wojewódzki Bialystok,2024,PCI - Coronary,PTCA Balloon Catheters,TC003,1.5,1,187,0.85,7,0.1429,CM_100093,FD_200093
Eastern Europe,PL,Eastern Europe,PL,Eastern Europe,100093,100093,Szpital Wojewódzki Bialystok,University Hospital,200093,FD Szpital Wojewódzki Bialystok,2024,PCI - Coronary,Drug-Eluting Stents,TC004,1.3,1,187,0.7,7,0.1429,CM_100093,FD_200093
Eastern Europe,PL,Eastern Europe,PL,Eastern Europe,100093,100093,Szpital Wojewódzki Bialystok,University Hospital,200093,FD Szpital Wojewódzki Bialystok,2024,PCI - Coronary,Inflation Devices,TC009,1.0,1,187,0.9,7,0.1429,CM_100093,FD_200093
Eastern Europe,PL,Eastern Europe,PL,Eastern Europe,100093,100093,Szpital Wojewódzki Bialystok,University Hospital,200093,FD Szpital Wojewódzki Bialystok,2024,PCI - Coronary,Hemostasis Valves,TC008,1.0,1,187,0.8,7,0.1429,CM_100093,FD_200093
Eastern Europe,PL,Eastern Europe,PL,Eastern Europe,100093,100093,Szpital Wojewódzki Bialystok,University Hospital,200093,FD Szpital Wojewódzki Bialystok,2024,PCI - Coronary,Radial Access Kits,TC010,1.0,1,187,0.6,7,0.1429,CM_100093,FD_200093
Eastern Europe,PL,Eastern Europe,PL,Eastern Europe,100093,100093,Szpital Wojewódzki Bialystok,University Hospital,200093,FD Szpital Wojewódzki Bialystok,2024,Neurovascular Intervention,Microcatheters,TC006,2.0,1,251,0.95,2,0.5,CM_100093,FD_200093
Eastern Europe,PL,Eastern Europe,PL,Eastern Europe,100093,100093,Szpital Wojewódzki Bialystok,University Hospital,200093,FD Szpital Wojewódzki Bialystok,2024,Neurovascular Intervention,Guide Wires,TC002,2.0,1,251,0.9,2,0.5,CM_100093,FD_200093
Eastern Europe,PL,Eastern Europe,PL,Eastern Europe,100093,100093,Szpital Wojewódzki Bialystok,University Hospital,200093,FD Szpital Wojewódzki Bialystok,2024,Electrophysiology,Diagnostic Catheters,TC005,3.0,1,215,0.8,2,0.5,CM_100093,FD_200093
Eastern Europe,PL,Eastern Europe,PL,Eastern Europe,100093,100093,Szpital Wojewódzki Bialystok,University Hospital,200093,FD Szpital Wojewódzki Bialystok,2024,Electrophysiology,Introducer Sheaths,TC007,1.0,1,215,0.75,2,0.5,CM_100093,FD_200093
Eastern Europe,PL,Eastern Europe,PL,Eastern Europe,100093,100093,Szpital Wojewódzki Bialystok,University Hospital,200093,FD Szpital Wojewódzki Bialystok,2024,Diagnostic Angiography,Diagnostic Catheters,TC005,2.0,1,206,0.95,5,0.2,CM_100093,FD_200093
Eastern Europe,PL,Eastern Europe,PL,Eastern Europe,100093,100093,Szpital Wojewódzki Bialystok,University Hospital,200093,FD Szpital Wojewódzki Bialystok,2024,Diagnostic Angiography,Guide Wires,TC002,1.5,1,206,0.9,5,0.2,CM_100093,FD_200093
Eastern Europe,PL,Eastern Europe,PL,Eastern Europe,100093,100093,Szpital Wojewódzki Bialystok,University Hospital,200093,FD Szpital Wojewódzki Bialystok,2024,Diagnostic Angiography,Introducer Sheaths,TC007,1.0,1,206,0.85,5,0.2,CM_100093,FD_200093
Eastern Europe,PL,Eastern Europe,PL,Eastern Europe,100093,100093,Szpital Wojewódzki Bialystok,University Hospital,200093,FD Szpital Wojewódzki Bialystok,2024,Diagnostic Angiography,Hemostasis Valves,TC008,1.0,1,206,0.7,5,0.2,CM_100093,FD_200093
Eastern Europe,PL,Eastern Europe,PL,Eastern Europe,100093,100093,Szpital Wojewódzki Bialystok,University Hospital,200093,FD Szpital Wojewódzki Bialystok,2024,Diagnostic Angiography,Radial Access Kits,TC010,1.0,1,206,0.5,5,0.2,CM_100093,FD_200093
Eastern Europe,PL,Eastern Europe,PL,Eastern Europe,100093,100093,Szpital Wojewódzki Bialystok,University Hospital,200093,FD Szpital Wojewódzki Bialystok,2024,Structural Heart,Introducer Sheaths,TC007,2.0,1,239,0.85,2,0.5,CM_100093,FD_200093
Eastern Europe,PL,Eastern Europe,PL,Eastern Europe,100093,100093,Szpital Wojewódzki Bialystok,University Hospital,200093,FD Szpital Wojewódzki Bialystok,2024,Structural Heart,Guide Wires,TC002,1.0,1,239,0.7,2,0.5,CM_100093,FD_200093
Eastern Europe,PL,Eastern Europe,PL,Eastern Europe,100093,100093,Szpital Wojewódzki Bialystok,University Hospital,200093,FD Szpital Wojewódzki Bialystok,2024,Peripheral Intervention,Guide Wires,TC002,2.5,1,173,0.9,3,0.3333,CM_100093,FD_200093
Eastern Europe,PL,Eastern Europe,PL,Eastern Europe,100093,100093,Szpital Wojewódzki Bialystok,University Hospital,200093,FD Szpital Wojewódzki Bialystok,2024,Peripheral Intervention,Introducer Sheaths,TC007,1.5,1,173,0.8,3,0.3333,CM_100093,FD_200093
Eastern Europe,PL,Eastern Europe,PL,Eastern Europe,100093,100093,Szpital Wojewódzki Bialystok,University Hospital,200093,FD Szpital Wojewódzki Bialystok,2024,Peripheral Intervention,PTCA Balloon Catheters,TC003,1.0,1,173,0.6,3,0.3333,CM_100093,FD_200093
Eastern Europe,PL,Eastern Europe,PL,Eastern Europe,100094,100094,Klinika Kardiochirurgii Szczecin,University Hospital,200094,FD Klinika Kardiochirurgii Szczecin,2024,Neurovascular Intervention,Microcatheters,TC006,2.0,1,199,0.95,2,0.5,CM_100094,FD_200094
Eastern Europe,PL,Eastern Europe,PL,Eastern Europe,100094,100094,Klinika Kardiochirurgii Szczecin,University Hospital,200094,FD Klinika Kardiochirurgii Szczecin,2024,Neurovascular Intervention,Guide Wires,TC002,2.0,1,199,0.9,2,0.5,CM_100094,FD_200094
Eastern Europe,PL,Eastern Europe,PL,Eastern Europe,100094,100094,Klinika Kardiochirurgii Szczecin,University Hospital,200094,FD Klinika Kardiochirurgii Szczecin,2024,Diagnostic Angiography,Diagnostic Catheters,TC005,2.0,1,193,0.95,5,0.2,CM_100094,FD_200094
Eastern Europe,PL,Eastern Europe,PL,Eastern Europe,100094,100094,Klinika Kardiochirurgii Szczecin,University Hospital,200094,FD Klinika Kardiochirurgii Szczecin,2024,Diagnostic Angiography,Guide Wires,TC002,1.5,1,193,0.9,5,0.2,CM_100094,FD_200094
Eastern Europe,PL,Eastern Europe,PL,Eastern Europe,100094,100094,Klinika Kardiochirurgii Szczecin,University Hospital,200094,FD Klinika Kardiochirurgii Szczecin,2024,Diagnostic Angiography,Introducer Sheaths,TC007,1.0,1,193,0.85,5,0.2,CM_100094,FD_200094
Eastern Europe,PL,Eastern Europe,PL,Eastern Europe,100094,100094,Klinika Kardiochirurgii Szczecin,University Hospital,200094,FD Klinika Kardiochirurgii Szczecin,2024,Diagnostic Angiography,Hemostasis Valves,TC008,1.0,1,193,0.7,5,0.2,CM_100094,FD_200094
Eastern Europe,PL,Eastern Europe,PL,Eastern Europe,100094,100094,Klinika Kardiochirurgii Szczecin,University Hospital,200094,FD Klinika Kardiochirurgii Szczecin,2024,Diagnostic Angiography,Radial Access Kits,TC010,1.0,1,193,0.5,5,0.2,CM_100094,FD_200094
Eastern Europe,PL,Eastern Europe,PL,Eastern Europe,100094,100094,Klinika Kardiochirurgii Szczecin,University Hospital,200094,FD Klinika Kardiochirurgii Szczecin,2024,PCI - Complex,Guiding Catheters,TC001,1.5,1,357,0.98,5,0.2,CM_100094,FD_200094
Eastern Europe,PL,Eastern Europe,PL,Eastern Europe,100094,100094,Klinika Kardiochirurgii Szczecin,University Hospital,200094,FD Klinika Kardiochirurgii Szczecin,2024,PCI - Complex,Guide Wires,TC002,3.0,1,357,0.99,5,0.2,CM_100094,FD_200094
Eastern Europe,PL,Eastern Europe,PL,Eastern Europe,100094,100094,Klinika Kardiochirurgii Szczecin,University Hospital,200094,FD Klinika Kardiochirurgii Szczecin,2024,PCI - Complex,PTCA Balloon Catheters,TC003,2.0,1,357,0.9,5,0.2,CM_100094,FD_200094
Eastern Europe,PL,Eastern Europe,PL,Eastern Europe,100094,100094,Klinika Kardiochirurgii Szczecin,University Hospital,200094,FD Klinika Kardiochirurgii Szczecin,2024,PCI - Complex,Drug-Eluting Stents,TC004,2.0,1,357,0.8,5,0.2,CM_100094,FD_200094
Eastern Europe,PL,Eastern Europe,PL,Eastern Europe,100094,100094,Klinika Kardiochirurgii Szczecin,University Hospital,200094,FD Klinika Kardiochirurgii Szczecin,2024,PCI - Complex,Microcatheters,TC006,1.0,1,357,0.65,5,0.2,CM_100094,FD_200094
Eastern Europe,PL,Eastern Europe,PL,Eastern Europe,100094,100094,Klinika Kardiochirurgii Szczecin,University Hospital,200094,FD Klinika Kardiochirurgii Szczecin,2024,PCI - Coronary,Guiding Catheters,TC001,1.2,1,223,0.95,7,0.1429,CM_100094,FD_200094
Eastern Europe,PL,Eastern Europe,PL,Eastern Europe,100094,100094,Klinika Kardiochirurgii Szczecin,University Hospital,200094,FD Klinika Kardiochirurgii Szczecin,2024,PCI - Coronary,Guide Wires,TC002,2.0,1,223,0.98,7,0.1429,CM_100094,FD_200094
Eastern Europe,PL,Eastern Europe,PL,Eastern Europe,100094,100094,Klinika Kardiochirurgii Szczecin,University Hospital,200094,FD Klinika Kardiochirurgii Szczecin,2024,PCI - Coronary,PTCA Balloon Catheters,TC003,1.5,1,223,0.85,7,0.1429,CM_100094,FD_200094
Eastern Europe,PL,Eastern Europe,PL,Eastern Europe,100094,100094,Klinika Kardiochirurgii Szczecin,University Hospital,200094,FD Klinika Kardiochirurgii Szczecin,2024,PCI - Coronary,Drug-Eluting Stents,TC004,1.3,1,223,0.7,7,0.1429,CM_100094,FD_200094
Eastern Europe,PL,Eastern Europe,PL,Eastern Europe,100094,100094,Klinika Kardiochirurgii Szczecin,University Hospital,200094,FD Klinika Kardiochirurgii Szczecin,2024,PCI - Coronary,Inflation Devices,TC009,1.0,1,223,0.9,7,0.1429,CM_100094,FD_200094
Eastern Europe,PL,Eastern Europe,PL,Eastern Europe,100094,100094,Klinika Kardiochirurgii Szczecin,University Hospital,200094,FD Klinika Kardiochirurgii Szczecin,2024,PCI - Coronary,Hemostasis Valves,TC008,1.0,1,223,0.8,7,0.1429,CM_100094,FD_200094
Eastern Europe,PL,Eastern Europe,PL,Eastern Europe,100094,100094,Klinika Kardiochirurgii Szczecin,University Hospital,200094,FD Klinika Kardiochirurgii Szczecin,2024,PCI - Coronary,Radial Access Kits,TC010,1.0,1,223,0.6,7,0.1429,CM_100094,FD_200094
Eastern Europe,PL,Eastern Europe,PL,Eastern Europe,100095,100095,Szpital Kliniczny Bydgoszcz,University Hospital,200095,FD Szpital Kliniczny Bydgoszcz,2024,Neurovascular Intervention,Microcatheters,TC006,2.0,1,205,0.95,2,0.5,CM_100095,FD_200095
Eastern Europe,PL,Eastern Europe,PL,Eastern Europe,100095,100095,Szpital Kliniczny Bydgoszcz,University Hospital,200095,FD Szpital Kliniczny Bydgoszcz,2024,Neurovascular Intervention,Guide Wires,TC002,2.0,1,205,0.9,2,0.5,CM_100095,FD_200095
Eastern Europe,PL,Eastern Europe,PL,Eastern Europe,100095,100095,Szpital Kliniczny Bydgoszcz,University Hospital,200095,FD Szpital Kliniczny Bydgoszcz,2024,Diagnostic Angiography,Diagnostic Catheters,TC005,2.0,1,253,0.95,5,0.2,CM_100095,FD_200095
Eastern Europe,PL,Eastern Europe,PL,Eastern Europe,100095,100095,Szpital Kliniczny Bydgoszcz,University Hospital,200095,FD Szpital Kliniczny Bydgoszcz,2024,Diagnostic Angiography,Guide Wires,TC002,1.5,1,253,0.9,5,0.2,CM_100095,FD_200095
Eastern Europe,PL,Eastern Europe,PL,Eastern Europe,100095,100095,Szpital Kliniczny Bydgoszcz,University Hospital,200095,FD Szpital Kliniczny Bydgoszcz,2024,Diagnostic Angiography,Introducer Sheaths,TC007,1.0,1,253,0.85,5,0.2,CM_100095,FD_200095
Eastern Europe,PL,Eastern Europe,PL,Eastern Europe,100095,100095,Szpital Kliniczny Bydgoszcz,University Hospital,200095,FD Szpital Kliniczny Bydgoszcz,2024,Diagnostic Angiography,Hemostasis Valves,TC008,1.0,1,253,0.7,5,0.2,CM_100095,FD_200095
Eastern Europe,PL,Eastern Europe,PL,Eastern Europe,100095,100095,Szpital Kliniczny Bydgoszcz,University Hospital,200095,FD Szpital Kliniczny Bydgoszcz,2024,Diagnostic Angiography,Radial Access Kits,TC010,1.0,1,253,0.5,5,0.2,CM_100095,FD_200095
Eastern Europe,PL,Eastern Europe,PL,Eastern Europe,100095,100095,Szpital Kliniczny Bydgoszcz,University Hospital,200095,FD Szpital Kliniczny Bydgoszcz,2024,PCI - Coronary,Guiding Catheters,TC001,1.2,1,173,0.95,7,0.1429,CM_100095,FD_200095
Eastern Europe,PL,Eastern Europe,PL,Eastern Europe,100095,100095,Szpital Kliniczny Bydgoszcz,University Hospital,200095,FD Szpital Kliniczny Bydgoszcz,2024,PCI - Coronary,Guide Wires,TC002,2.0,1,173,0.98,7,0.1429,CM_100095,FD_200095
Eastern Europe,PL,Eastern Europe,PL,Eastern Europe,100095,100095,Szpital Kliniczny Bydgoszcz,University Hospital,200095,FD Szpital Kliniczny Bydgoszcz,2024,PCI - Coronary,PTCA Balloon Catheters,TC003,1.5,1,173,0.85,7,0.1429,CM_100095,FD_200095
Eastern Europe,PL,Eastern Europe,PL,Eastern Europe,100095,100095,Szpital Kliniczny Bydgoszcz,University Hospital,200095,FD Szpital Kliniczny Bydgoszcz,2024,PCI - Coronary,Drug-Eluting Stents,TC004,1.3,1,173,0.7,7,0.1429,CM_100095,FD_200095
Eastern Europe,PL,Eastern Europe,PL,Eastern Europe,100095,100095,Szpital Kliniczny Bydgoszcz,University Hospital,200095,FD Szpital Kliniczny Bydgoszcz,2024,PCI - Coronary,Inflation Devices,TC009,1.0,1,173,0.9,7,0.1429,CM_100095,FD_200095
Eastern Europe,PL,Eastern Europe,PL,Eastern Europe,100095,100095,Szpital Kliniczny Bydgoszcz,University Hospital,200095,FD Szpital Kliniczny Bydgoszcz,2024,PCI - Coronary,Hemostasis Valves,TC008,1.0,1,173,0.8,7,0.1429,CM_100095,FD_200095
Eastern Europe,PL,Eastern Europe,PL,Eastern Europe,100095,100095,Szpital Kliniczny Bydgoszcz,University Hospital,200095,FD Szpital Kliniczny Bydgoszcz,2024,PCI - Coronary,Radial Access Kits,TC010,1.0,1,173,0.6,7,0.1429,CM_100095,FD_200095
Eastern Europe,PL,Eastern Europe,PL,Eastern Europe,100095,100095,Szpital Kliniczny Bydgoszcz,University Hospital,200095,FD Szpital Kliniczny Bydgoszcz,2024,PCI - Complex,Guiding Catheters,TC001,1.5,1,229,0.98,5,0.2,CM_100095,FD_200095
Eastern Europe,PL,Eastern Europe,PL,Eastern Europe,100095,100095,Szpital Kliniczny Bydgoszcz,University Hospital,200095,FD Szpital Kliniczny Bydgoszcz,2024,PCI - Complex,Guide Wires,TC002,3.0,1,229,0.99,5,0.2,CM_100095,FD_200095
Eastern Europe,PL,Eastern Europe,PL,Eastern Europe,100095,100095,Szpital Kliniczny Bydgoszcz,University Hospital,200095,FD Szpital Kliniczny Bydgoszcz,2024,PCI - Complex,PTCA Balloon Catheters,TC003,2.0,1,229,0.9,5,0.2,CM_100095,FD_200095
Eastern Europe,PL,Eastern Europe,PL,Eastern Europe,100095,100095,Szpital Kliniczny Bydgoszcz,University Hospital,200095,FD Szpital Kliniczny Bydgoszcz,2024,PCI - Complex,Drug-Eluting Stents,TC004,2.0,1,229,0.8,5,0.2,CM_100095,FD_200095
Eastern Europe,PL,Eastern Europe,PL,Eastern Europe,100095,100095,Szpital Kliniczny Bydgoszcz,University Hospital,200095,FD Szpital Kliniczny Bydgoszcz,2024,PCI - Complex,Microcatheters,TC006,1.0,1,229,0.65,5,0.2,CM_100095,FD_200095
Eastern Europe,PL,Eastern Europe,PL,Eastern Europe,100096,100096,Instytut Kardiologii Rzeszow,Public Hospital,200096,FD Instytut Kardiologii Rzeszow,2024,Peripheral Intervention,Guide Wires,TC002,2.5,1,169,0.9,3,0.3333,CM_100096,FD_200096
Eastern Europe,PL,Eastern Europe,PL,Eastern Europe,100096,100096,Instytut Kardiologii Rzeszow,Public Hospital,200096,FD Instytut Kardiologii Rzeszow,2024,Peripheral Intervention,Introducer Sheaths,TC007,1.5,1,169,0.8,3,0.3333,CM_100096,FD_200096
Eastern Europe,PL,Eastern Europe,PL,Eastern Europe,100096,100096,Instytut Kardiologii Rzeszow,Public Hospital,200096,FD Instytut Kardiologii Rzeszow,2024,Peripheral Intervention,PTCA Balloon Catheters,TC003,1.0,1,169,0.6,3,0.3333,CM_100096,FD_200096
Eastern Europe,PL,Eastern Europe,PL,Eastern Europe,100096,100096,Instytut Kardiologii Rzeszow,Public Hospital,200096,FD Instytut Kardiologii Rzeszow,2024,Electrophysiology,Diagnostic Catheters,TC005,3.0,1,206,0.8,2,0.5,CM_100096,FD_200096
Eastern Europe,PL,Eastern Europe,PL,Eastern Europe,100096,100096,Instytut Kardiologii Rzeszow,Public Hospital,200096,FD Instytut Kardiologii Rzeszow,2024,Electrophysiology,Introducer Sheaths,TC007,1.0,1,206,0.75,2,0.5,CM_100096,FD_200096
Eastern Europe,PL,Eastern Europe,PL,Eastern Europe,100096,100096,Instytut Kardiologii Rzeszow,Public Hospital,200096,FD Instytut Kardiologii Rzeszow,2024,Diagnostic Angiography,Diagnostic Catheters,TC005,2.0,1,20,0.95,5,0.2,CM_100096,FD_200096
Eastern Europe,PL,Eastern Europe,PL,Eastern Europe,100096,100096,Instytut Kardiologii Rzeszow,Public Hospital,200096,FD Instytut Kardiologii Rzeszow,2024,Diagnostic Angiography,Guide Wires,TC002,1.5,1,20,0.9,5,0.2,CM_100096,FD_200096
Eastern Europe,PL,Eastern Europe,PL,Eastern Europe,100096,100096,Instytut Kardiologii Rzeszow,Public Hospital,200096,FD Instytut Kardiologii Rzeszow,2024,Diagnostic Angiography,Introducer Sheaths,TC007,1.0,1,20,0.85,5,0.2,CM_100096,FD_200096
Eastern Europe,PL,Eastern Europe,PL,Eastern Europe,100096,100096,Instytut Kardiologii Rzeszow,Public Hospital,200096,FD Instytut Kardiologii Rzeszow,2024,Diagnostic Angiography,Hemostasis Valves,TC008,1.0,1,20,0.7,5,0.2,CM_100096,FD_200096
Eastern Europe,PL,Eastern Europe,PL,Eastern Europe,100096,100096,Instytut Kardiologii Rzeszow,Public Hospital,200096,FD Instytut Kardiologii Rzeszow,2024,Diagnostic Angiography,Radial Access Kits,TC010,1.0,1,20,0.5,5,0.2,CM_100096,FD_200096
MENA,TR,MENA,TR,MENA,100097,100097,Üniversitesi Hastanesi Istanbul,Public Hospital,200097,FD Üniversitesi Hastanesi Istanbul,2024,Structural Heart,Introducer Sheaths,TC007,2.0,1,263,0.85,2,0.5,CM_100097,FD_200097
MENA,TR,MENA,TR,MENA,100097,100097,Üniversitesi Hastanesi Istanbul,Public Hospital,200097,FD Üniversitesi Hastanesi Istanbul,2024,Structural Heart,Guide Wires,TC002,1.0,1,263,0.7,2,0.5,CM_100097,FD_200097
MENA,TR,MENA,TR,MENA,100097,100097,Üniversitesi Hastanesi Istanbul,Public Hospital,200097,FD Üniversitesi Hastanesi Istanbul,2024,Electrophysiology,Diagnostic Catheters,TC005,3.0,1,220,0.8,2,0.5,CM_100097,FD_200097
MENA,TR,MENA,TR,MENA,100097,100097,Üniversitesi Hastanesi Istanbul,Public Hospital,200097,FD Üniversitesi Hastanesi Istanbul,2024,Electrophysiology,Introducer Sheaths,TC007,1.0,1,220,0.75,2,0.5,CM_100097,FD_200097
MENA,TR,MENA,TR,MENA,100097,100097,Üniversitesi Hastanesi Istanbul,Public Hospital,200097,FD Üniversitesi Hastanesi Istanbul,2024,Neurovascular Intervention,Microcatheters,TC006,2.0,1,416,0.95,2,0.5,CM_100097,FD_200097
MENA,TR,MENA,TR,MENA,100097,100097,Üniversitesi Hastanesi Istanbul,Public Hospital,200097,FD Üniversitesi Hastanesi Istanbul,2024,Neurovascular Intervention,Guide Wires,TC002,2.0,1,416,0.9,2,0.5,CM_100097,FD_200097
MENA,TR,MENA,TR,MENA,100098,100098,Kalp Merkezi Ankara,Heart Center,200098,FD Kalp Merkezi Ankara,2024,PCI - Coronary,Guiding Catheters,TC001,1.2,1,223,0.95,7,0.1429,CM_100098,FD_200098
MENA,TR,MENA,TR,MENA,100098,100098,Kalp Merkezi Ankara,Heart Center,200098,FD Kalp Merkezi Ankara,2024,PCI - Coronary,Guide Wires,TC002,2.0,1,223,0.98,7,0.1429,CM_100098,FD_200098
MENA,TR,MENA,TR,MENA,100098,100098,Kalp Merkezi Ankara,Heart Center,200098,FD Kalp Merkezi Ankara,2024,PCI - Coronary,PTCA Balloon Catheters,TC003,1.5,1,223,0.85,7,0.1429,CM_100098,FD_200098
MENA,TR,MENA,TR,MENA,100098,100098,Kalp Merkezi Ankara,Heart Center,200098,FD Kalp Merkezi Ankara,2024,PCI - Coronary,Drug-Eluting Stents,TC004,1.3,1,223,0.7,7,0.1429,CM_100098,FD_200098
MENA,TR,MENA,TR,MENA,100098,100098,Kalp Merkezi Ankara,Heart Center,200098,FD Kalp Merkezi Ankara,2024,PCI - Coronary,Inflation Devices,TC009,1.0,1,223,0.9,7,0.1429,CM_100098,FD_200098
MENA,TR,MENA,TR,MENA,100098,100098,Kalp Merkezi Ankara,Heart Center,200098,FD Kalp Merkezi Ankara,2024,PCI - Coronary,Hemostasis Valves,TC008,1.0,1,223,0.8,7,0.1429,CM_100098,FD_200098
MENA,TR,MENA,TR,MENA,100098,100098,Kalp Merkezi Ankara,Heart Center,200098,FD Kalp Merkezi Ankara,2024,PCI - Coronary,Radial Access Kits,TC010,1.0,1,223,0.6,7,0.1429,CM_100098,FD_200098
MENA,TR,MENA,TR,MENA,100098,100098,Kalp Merkezi Ankara,Heart Center,200098,FD Kalp Merkezi Ankara,2024,Peripheral Intervention,Guide Wires,TC002,2.5,1,293,0.9,3,0.3333,CM_100098,FD_200098
MENA,TR,MENA,TR,MENA,100098,100098,Kalp Merkezi Ankara,Heart Center,200098,FD Kalp Merkezi Ankara,2024,Peripheral Intervention,Introducer Sheaths,TC007,1.5,1,293,0.8,3,0.3333,CM_100098,FD_200098
MENA,TR,MENA,TR,MENA,100098,100098,Kalp Merkezi Ankara,Heart Center,200098,FD Kalp Merkezi Ankara,2024,Peripheral Intervention,PTCA Balloon Catheters,TC003,1.0,1,293,0.6,3,0.3333,CM_100098,FD_200098
MENA,TR,MENA,TR,MENA,100098,100098,Kalp Merkezi Ankara,Heart Center,200098,FD Kalp Merkezi Ankara,2024,Structural Heart,Introducer Sheaths,TC007,2.0,1,242,0.85,2,0.5,CM_100098,FD_200098
MENA,TR,MENA,TR,MENA,100098,100098,Kalp Merkezi Ankara,Heart Center,200098,FD Kalp Merkezi Ankara,2024,Structural Heart,Guide Wires,TC002,1.0,1,242,0.7,2,0.5,CM_100098,FD_200098
MENA,TR,MENA,TR,MENA,100099,100099,Devlet Hastanesi Izmir,University Hospital,200099,FD Devlet Hastanesi Izmir,2024,Diagnostic Angiography,Diagnostic Catheters,TC005,2.0,1,156,0.95,5,0.2,CM_100099,FD_200099
MENA,TR,MENA,TR,MENA,100099,100099,Devlet Hastanesi Izmir,University Hospital,200099,FD Devlet Hastanesi Izmir,2024,Diagnostic Angiography,Guide Wires,TC002,1.5,1,156,0.9,5,0.2,CM_100099,FD_200099
MENA,TR,MENA,TR,MENA,100099,100099,Devlet Hastanesi Izmir,University Hospital,200099,FD Devlet Hastanesi Izmir,2024,Diagnostic Angiography,Introducer Sheaths,TC007,1.0,1,156,0.85,5,0.2,CM_100099,FD_200099
MENA,TR,MENA,TR,MENA,100099,100099,Devlet Hastanesi Izmir,University Hospital,200099,FD Devlet Hastanesi Izmir,2024,Diagnostic Angiography,Hemostasis Valves,TC008,1.0,1,156,0.7,5,0.2,CM_100099,FD_200099
MENA,TR,MENA,TR,MENA,100099,100099,Devlet Hastanesi Izmir,University Hospital,200099,FD Devlet Hastanesi Izmir,2024,Diagnostic Angiography,Radial Access Kits,TC010,1.0,1,156,0.5,5,0.2,CM_100099,FD_200099
MENA,TR,MENA,TR,MENA,100099,100099,Devlet Hastanesi Izmir,University Hospital,200099,FD Devlet Hastanesi Izmir,2024,Neurovascular Intervention,Microcatheters,TC006,2.0,1,349,0.95,2,0.5,CM_100099,FD_200099
MENA,TR,MENA,TR,MENA,100099,100099,Devlet Hastanesi Izmir,University Hospital,200099,FD Devlet Hastanesi Izmir,2024,Neurovascular Intervention,Guide Wires,TC002,2.0,1,349,0.9,2,0.5,CM_100099,FD_200099
MENA,TR,MENA,TR,MENA,100099,100099,Devlet Hastanesi Izmir,University Hospital,200099,FD Devlet Hastanesi Izmir,2024,PCI - Complex,Guiding Catheters,TC001,1.5,1,304,0.98,5,0.2,CM_100099,FD_200099
MENA,TR,MENA,TR,MENA,100099,100099,Devlet Hastanesi Izmir,University Hospital,200099,FD Devlet Hastanesi Izmir,2024,PCI - Complex,Guide Wires,TC002,3.0,1,304,0.99,5,0.2,CM_100099,FD_200099
MENA,TR,MENA,TR,MENA,100099,100099,Devlet Hastanesi Izmir,University Hospital,200099,FD Devlet Hastanesi Izmir,2024,PCI - Complex,PTCA Balloon Catheters,TC003,2.0,1,304,0.9,5,0.2,CM_100099,FD_200099
MENA,TR,MENA,TR,MENA,100099,100099,Devlet Hastanesi Izmir,University Hospital,200099,FD Devlet Hastanesi Izmir,2024,PCI - Complex,Drug-Eluting Stents,TC004,2.0,1,304,0.8,5,0.2,CM_100099,FD_200099
MENA,TR,MENA,TR,MENA,100099,100099,Devlet Hastanesi Izmir,University Hospital,200099,FD Devlet Hastanesi Izmir,2024,PCI - Complex,Microcatheters,TC006,1.0,1,304,0.65,5,0.2,CM_100099,FD_200099
MENA,TR,MENA,TR,MENA,100100,100100,Eğitim Araştırma Antalya,Heart Center,200100,FD Eğitim Araştırma Antalya,2024,Neurovascular Intervention,Microcatheters,TC006,2.0,1,155,0.95,2,0.5,CM_100100,FD_200100
MENA,TR,MENA,TR,MENA,100100,100100,Eğitim Araştırma Antalya,Heart Center,200100,FD Eğitim Araştırma Antalya,2024,Neurovascular Intervention,Guide Wires,TC002,2.0,1,155,0.9,2,0.5,CM_100100,FD_200100
MENA,TR,MENA,TR,MENA,100100,100100,Eğitim Araştırma Antalya,Heart Center,200100,FD Eğitim Araştırma Antalya,2024,Structural Heart,Introducer Sheaths,TC007,2.0,1,266,0.85,2,0.5,CM_100100,FD_200100
MENA,TR,MENA,TR,MENA,100100,100100,Eğitim Araştırma Antalya,Heart Center,200100,FD Eğitim Araştırma Antalya,2024,Structural Heart,Guide Wires,TC002,1.0,1,266,0.7,2,0.5,CM_100100,FD_200100
MENA,TR,MENA,TR,MENA,100100,100100,Eğitim Araştırma Antalya,Heart Center,200100,FD Eğitim Araştırma Antalya,2024,Diagnostic Angiography,Diagnostic Catheters,TC005,2.0,1,284,0.95,5,0.2,CM_100100,FD_200100
MENA,TR,MENA,TR,MENA,100100,100100,Eğitim Araştırma Antalya,Heart Center,200100,FD Eğitim Araştırma Antalya,2024,Diagnostic Angiography,Guide Wires,TC002,1.5,1,284,0.9,5,0.2,CM_100100,FD_200100
MENA,TR,MENA,TR,MENA,100100,100100,Eğitim Araştırma Antalya,Heart Center,200100,FD Eğitim Araştırma Antalya,2024,Diagnostic Angiography,Introducer Sheaths,TC007,1.0,1,284,0.85,5,0.2,CM_100100,FD_200100
MENA,TR,MENA,TR,MENA,100100,100100,Eğitim Araştırma Antalya,Heart Center,200100,FD Eğitim Araştırma Antalya,2024,Diagnostic Angiography,Hemostasis Valves,TC008,1.0,1,284,0.7,5,0.2,CM_100100,FD_200100
MENA,TR,MENA,TR,MENA,100100,100100,Eğitim Araştırma Antalya,Heart Center,200100,FD Eğitim Araştırma Antalya,2024,Diagnostic Angiography,Radial Access Kits,TC010,1.0,1,284,0.5,5,0.2,CM_100100,FD_200100
MENA,TR,MENA,TR,MENA,100100,100100,Eğitim Araştırma Antalya,Heart Center,200100,FD Eğitim Araştırma Antalya,2024,Peripheral Intervention,Guide Wires,TC002,2.5,1,218,0.9,3,0.3333,CM_100100,FD_200100
MENA,TR,MENA,TR,MENA,100100,100100,Eğitim Araştırma Antalya,Heart Center,200100,FD Eğitim Araştırma Antalya,2024,Peripheral Intervention,Introducer Sheaths,TC007,1.5,1,218,0.8,3,0.3333,CM_100100,FD_200100
MENA,TR,MENA,TR,MENA,100100,100100,Eğitim Araştırma Antalya,Heart Center,200100,FD Eğitim Araştırma Antalya,2024,Peripheral Intervention,PTCA Balloon Catheters,TC003,1.0,1,218,0.6,3,0.3333,CM_100100,FD_200100
MENA,TR,MENA,TR,MENA,100100,100100,Eğitim Araştırma Antalya,Heart Center,200100,FD Eğitim Araştırma Antalya,2024,Electrophysiology,Diagnostic Catheters,TC005,3.0,1,145,0.8,2,0.5,CM_100100,FD_200100
MENA,TR,MENA,TR,MENA,100100,100100,Eğitim Araştırma Antalya,Heart Center,200100,FD Eğitim Araştırma Antalya,2024,Electrophysiology,Introducer Sheaths,TC007,1.0,1,145,0.75,2,0.5,CM_100100,FD_200100
MENA,TR,MENA,TR,MENA,100100,100100,Eğitim Araştırma Antalya,Heart Center,200100,FD Eğitim Araştırma Antalya,2024,PCI - Complex,Guiding Catheters,TC001,1.5,1,87,0.98,5,0.2,CM_100100,FD_200100
MENA,TR,MENA,TR,MENA,100100,100100,Eğitim Araştırma Antalya,Heart Center,200100,FD Eğitim Araştırma Antalya,2024,PCI - Complex,Guide Wires,TC002,3.0,1,87,0.99,5,0.2,CM_100100,FD_200100
MENA,TR,MENA,TR,MENA,100100,100100,Eğitim Araştırma Antalya,Heart Center,200100,FD Eğitim Araştırma Antalya,2024,PCI - Complex,PTCA Balloon Catheters,TC003,2.0,1,87,0.9,5,0.2,CM_100100,FD_200100
MENA,TR,MENA,TR,MENA,100100,100100,Eğitim Araştırma Antalya,Heart Center,200100,FD Eğitim Araştırma Antalya,2024,PCI - Complex,Drug-Eluting Stents,TC004,2.0,1,87,0.8,5,0.2,CM_100100,FD_200100
MENA,TR,MENA,TR,MENA,100100,100100,Eğitim Araştırma Antalya,Heart Center,200100,FD Eğitim Araştırma Antalya,2024,PCI - Complex,Microcatheters,TC006,1.0,1,87,0.65,5,0.2,CM_100100,FD_200100
MENA,TR,MENA,TR,MENA,100100,100100,Eğitim Araştırma Antalya,Heart Center,200100,FD Eğitim Araştırma Antalya,2024,PCI - Coronary,Guiding Catheters,TC001,1.2,1,64,0.95,7,0.1429,CM_100100,FD_200100
MENA,TR,MENA,TR,MENA,100100,100100,Eğitim Araştırma Antalya,Heart Center,200100,FD Eğitim Araştırma Antalya,2024,PCI - Coronary,Guide Wires,TC002,2.0,1,64,0.98,7,0.1429,CM_100100,FD_200100
MENA,TR,MENA,TR,MENA,100100,100100,Eğitim Araştırma Antalya,Heart Center,200100,FD Eğitim Araştırma Antalya,2024,PCI - Coronary,PTCA Balloon Catheters,TC003,1.5,1,64,0.85,7,0.1429,CM_100100,FD_200100
MENA,TR,MENA,TR,MENA,100100,100100,Eğitim Araştırma Antalya,Heart Center,200100,FD Eğitim Araştırma Antalya,2024,PCI - Coronary,Drug-Eluting Stents,TC004,1.3,1,64,0.7,7,0.1429,CM_100100,FD_200100
MENA,TR,MENA,TR,MENA,100100,100100,Eğitim Araştırma Antalya,Heart Center,200100,FD Eğitim Araştırma Antalya,2024,PCI - Coronary,Inflation Devices,TC009,1.0,1,64,0.9,7,0.1429,CM_100100,FD_200100
MENA,TR,MENA,TR,MENA,100100,100100,Eğitim Araştırma Antalya,Heart Center,200100,FD Eğitim Araştırma Antalya,2024,PCI - Coronary,Hemostasis Valves,TC008,1.0,1,64,0.8,7,0.1429,CM_100100,FD_200100
MENA,TR,MENA,TR,MENA,100100,100100,Eğitim Araştırma Antalya,Heart Center,200100,FD Eğitim Araştırma Antalya,2024,PCI - Coronary,Radial Access Kits,TC010,1.0,1,64,0.6,7,0.1429,CM_100100,FD_200100
MENA,TR,MENA,TR,MENA,100101,100101,Özel Hastane Bursa,Private Clinic,200101,FD Özel Hastane Bursa,2024,Peripheral Intervention,Guide Wires,TC002,2.5,1,120,0.9,3,0.3333,CM_100101,FD_200101
MENA,TR,MENA,TR,MENA,100101,100101,Özel Hastane Bursa,Private Clinic,200101,FD Özel Hastane Bursa,2024,Peripheral Intervention,Introducer Sheaths,TC007,1.5,1,120,0.8,3,0.3333,CM_100101,FD_200101
MENA,TR,MENA,TR,MENA,100101,100101,Özel Hastane Bursa,Private Clinic,200101,FD Özel Hastane Bursa,2024,Peripheral Intervention,PTCA Balloon Catheters,TC003,1.0,1,120,0.6,3,0.3333,CM_100101,FD_200101
MENA,TR,MENA,TR,MENA,100101,100101,Özel Hastane Bursa,Private Clinic,200101,FD Özel Hastane Bursa,2024,PCI - Complex,Guiding Catheters,TC001,1.5,1,136,0.98,5,0.2,CM_100101,FD_200101
MENA,TR,MENA,TR,MENA,100101,100101,Özel Hastane Bursa,Private Clinic,200101,FD Özel Hastane Bursa,2024,PCI - Complex,Guide Wires,TC002,3.0,1,136,0.99,5,0.2,CM_100101,FD_200101
MENA,TR,MENA,TR,MENA,100101,100101,Özel Hastane Bursa,Private Clinic,200101,FD Özel Hastane Bursa,2024,PCI - Complex,PTCA Balloon Catheters,TC003,2.0,1,136,0.9,5,0.2,CM_100101,FD_200101
MENA,TR,MENA,TR,MENA,100101,100101,Özel Hastane Bursa,Private Clinic,200101,FD Özel Hastane Bursa,2024,PCI - Complex,Drug-Eluting Stents,TC004,2.0,1,136,0.8,5,0.2,CM_100101,FD_200101
MENA,TR,MENA,TR,MENA,100101,100101,Özel Hastane Bursa,Private Clinic,200101,FD Özel Hastane Bursa,2024,PCI - Complex,Microcatheters,TC006,1.0,1,136,0.65,5,0.2,CM_100101,FD_200101
MENA,TR,MENA,TR,MENA,100101,100101,Özel Hastane Bursa,Private Clinic,200101,FD Özel Hastane Bursa,2024,Electrophysiology,Diagnostic Catheters,TC005,3.0,1,176,0.8,2,0.5,CM_100101,FD_200101
MENA,TR,MENA,TR,MENA,100101,100101,Özel Hastane Bursa,Private Clinic,200101,FD Özel Hastane Bursa,2024,Electrophysiology,Introducer Sheaths,TC007,1.0,1,176,0.75,2,0.5,CM_100101,FD_200101
MENA,TR,MENA,TR,MENA,100101,100101,Özel Hastane Bursa,Private Clinic,200101,FD Özel Hastane Bursa,2024,Diagnostic Angiography,Diagnostic Catheters,TC005,2.0,1,76,0.95,5,0.2,CM_100101,FD_200101
MENA,TR,MENA,TR,MENA,100101,100101,Özel Hastane Bursa,Private Clinic,200101,FD Özel Hastane Bursa,2024,Diagnostic Angiography,Guide Wires,TC002,1.5,1,76,0.9,5,0.2,CM_100101,FD_200101
MENA,TR,MENA,TR,MENA,100101,100101,Özel Hastane Bursa,Private Clinic,200101,FD Özel Hastane Bursa,2024,Diagnostic Angiography,Introducer Sheaths,TC007,1.0,1,76,0.85,5,0.2,CM_100101,FD_200101
MENA,TR,MENA,TR,MENA,100101,100101,Özel Hastane Bursa,Private Clinic,200101,FD Özel Hastane Bursa,2024,Diagnostic Angiography,Hemostasis Valves,TC008,1.0,1,76,0.7,5,0.2,CM_100101,FD_200101
MENA,TR,MENA,TR,MENA,100101,100101,Özel Hastane Bursa,Private Clinic,200101,FD Özel Hastane Bursa,2024,Diagnostic Angiography,Radial Access Kits,TC010,1.0,1,76,0.5,5,0.2,CM_100101,FD_200101
MENA,TR,MENA,TR,MENA,100101,100101,Özel Hastane Bursa,Private Clinic,200101,FD Özel Hastane Bursa,2024,Structural Heart,Introducer Sheaths,TC007,2.0,1,204,0.85,2,0.5,CM_100101,FD_200101
MENA,TR,MENA,TR,MENA,100101,100101,Özel Hastane Bursa,Private Clinic,200101,FD Özel Hastane Bursa,2024,Structural Heart,Guide Wires,TC002,1.0,1,204,0.7,2,0.5,CM_100101,FD_200101
MENA,TR,MENA,TR,MENA,100101,100101,Özel Hastane Bursa,Private Clinic,200101,FD Özel Hastane Bursa,2024,Neurovascular Intervention,Microcatheters,TC006,2.0,1,135,0.95,2,0.5,CM_100101,FD_200101
MENA,TR,MENA,TR,MENA,100101,100101,Özel Hastane Bursa,Private Clinic,200101,FD Özel Hastane Bursa,2024,Neurovascular Intervention,Guide Wires,TC002,2.0,1,135,0.9,2,0.5,CM_100101,FD_200101
MENA,TR,MENA,TR,MENA,100102,100102,Üniversitesi Hastanesi Adana,Heart Center,200102,FD Üniversitesi Hastanesi Adana,2024,PCI - Coronary,Guiding Catheters,TC001,1.2,1,314,0.95,7,0.1429,CM_100102,FD_200102
MENA,TR,MENA,TR,MENA,100102,100102,Üniversitesi Hastanesi Adana,Heart Center,200102,FD Üniversitesi Hastanesi Adana,2024,PCI - Coronary,Guide Wires,TC002,2.0,1,314,0.98,7,0.1429,CM_100102,FD_200102
MENA,TR,MENA,TR,MENA,100102,100102,Üniversitesi Hastanesi Adana,Heart Center,200102,FD Üniversitesi Hastanesi Adana,2024,PCI - Coronary,PTCA Balloon Catheters,TC003,1.5,1,314,0.85,7,0.1429,CM_100102,FD_200102
MENA,TR,MENA,TR,MENA,100102,100102,Üniversitesi Hastanesi Adana,Heart Center,200102,FD Üniversitesi Hastanesi Adana,2024,PCI - Coronary,Drug-Eluting Stents,TC004,1.3,1,314,0.7,7,0.1429,CM_100102,FD_200102
MENA,TR,MENA,TR,MENA,100102,100102,Üniversitesi Hastanesi Adana,Heart Center,200102,FD Üniversitesi Hastanesi Adana,2024,PCI - Coronary,Inflation Devices,TC009,1.0,1,314,0.9,7,0.1429,CM_100102,FD_200102
MENA,TR,MENA,TR,MENA,100102,100102,Üniversitesi Hastanesi Adana,Heart Center,200102,FD Üniversitesi Hastanesi Adana,2024,PCI - Coronary,Hemostasis Valves,TC008,1.0,1,314,0.8,7,0.1429,CM_100102,FD_200102
MENA,TR,MENA,TR,MENA,100102,100102,Üniversitesi Hastanesi Adana,Heart Center,200102,FD Üniversitesi Hastanesi Adana,2024,PCI - Coronary,Radial Access Kits,TC010,1.0,1,314,0.6,7,0.1429,CM_100102,FD_200102
MENA,TR,MENA,TR,MENA,100102,100102,Üniversitesi Hastanesi Adana,Heart Center,200102,FD Üniversitesi Hastanesi Adana,2024,Electrophysiology,Diagnostic Catheters,TC005,3.0,1,266,0.8,2,0.5,CM_100102,FD_200102
MENA,TR,MENA,TR,MENA,100102,100102,Üniversitesi Hastanesi Adana,Heart Center,200102,FD Üniversitesi Hastanesi Adana,2024,Electrophysiology,Introducer Sheaths,TC007,1.0,1,266,0.75,2,0.5,CM_100102,FD_200102
MENA,TR,MENA,TR,MENA,100102,100102,Üniversitesi Hastanesi Adana,Heart Center,200102,FD Üniversitesi Hastanesi Adana,2024,Structural Heart,Introducer Sheaths,TC007,2.0,1,165,0.85,2,0.5,CM_100102,FD_200102
MENA,TR,MENA,TR,MENA,100102,100102,Üniversitesi Hastanesi Adana,Heart Center,200102,FD Üniversitesi Hastanesi Adana,2024,Structural Heart,Guide Wires,TC002,1.0,1,165,0.7,2,0.5,CM_100102,FD_200102
MENA,TR,MENA,TR,MENA,100102,100102,Üniversitesi Hastanesi Adana,Heart Center,200102,FD Üniversitesi Hastanesi Adana,2024,Neurovascular Intervention,Microcatheters,TC006,2.0,1,295,0.95,2,0.5,CM_100102,FD_200102
MENA,TR,MENA,TR,MENA,100102,100102,Üniversitesi Hastanesi Adana,Heart Center,200102,FD Üniversitesi Hastanesi Adana,2024,Neurovascular Intervention,Guide Wires,TC002,2.0,1,295,0.9,2,0.5,CM_100102,FD_200102
MENA,TR,MENA,TR,MENA,100102,100102,Üniversitesi Hastanesi Adana,Heart Center,200102,FD Üniversitesi Hastanesi Adana,2024,PCI - Complex,Guiding Catheters,TC001,1.5,1,297,0.98,5,0.2,CM_100102,FD_200102
MENA,TR,MENA,TR,MENA,100102,100102,Üniversitesi Hastanesi Adana,Heart Center,200102,FD Üniversitesi Hastanesi Adana,2024,PCI - Complex,Guide Wires,TC002,3.0,1,297,0.99,5,0.2,CM_100102,FD_200102
MENA,TR,MENA,TR,MENA,100102,100102,Üniversitesi Hastanesi Adana,Heart Center,200102,FD Üniversitesi Hastanesi Adana,2024,PCI - Complex,PTCA Balloon Catheters,TC003,2.0,1,297,0.9,5,0.2,CM_100102,FD_200102
MENA,TR,MENA,TR,MENA,100102,100102,Üniversitesi Hastanesi Adana,Heart Center,200102,FD Üniversitesi Hastanesi Adana,2024,PCI - Complex,Drug-Eluting Stents,TC004,2.0,1,297,0.8,5,0.2,CM_100102,FD_200102
MENA,TR,MENA,TR,MENA,100102,100102,Üniversitesi Hastanesi Adana,Heart Center,200102,FD Üniversitesi Hastanesi Adana,2024,PCI - Complex,Microcatheters,TC006,1.0,1,297,0.65,5,0.2,CM_100102,FD_200102
MENA,TR,MENA,TR,MENA,100102,100102,Üniversitesi Hastanesi Adana,Heart Center,200102,FD Üniversitesi Hastanesi Adana,2024,Peripheral Intervention,Guide Wires,TC002,2.5,1,403,0.9,3,0.3333,CM_100102,FD_200102
MENA,TR,MENA,TR,MENA,100102,100102,Üniversitesi Hastanesi Adana,Heart Center,200102,FD Üniversitesi Hastanesi Adana,2024,Peripheral Intervention,Introducer Sheaths,TC007,1.5,1,403,0.8,3,0.3333,CM_100102,FD_200102
MENA,TR,MENA,TR,MENA,100102,100102,Üniversitesi Hastanesi Adana,Heart Center,200102,FD Üniversitesi Hastanesi Adana,2024,Peripheral Intervention,PTCA Balloon Catheters,TC003,1.0,1,403,0.6,3,0.3333,CM_100102,FD_200102
MENA,TR,MENA,TR,MENA,100103,100103,Kalp Merkezi Konya,Private Clinic,200103,FD Kalp Merkezi Konya,2024,Peripheral Intervention,Guide Wires,TC002,2.5,1,232,0.9,3,0.3333,CM_100103,FD_200103
MENA,TR,MENA,TR,MENA,100103,100103,Kalp Merkezi Konya,Private Clinic,200103,FD Kalp Merkezi Konya,2024,Peripheral Intervention,Introducer Sheaths,TC007,1.5,1,232,0.8,3,0.3333,CM_100103,FD_200103
MENA,TR,MENA,TR,MENA,100103,100103,Kalp Merkezi Konya,Private Clinic,200103,FD Kalp Merkezi Konya,2024,Peripheral Intervention,PTCA Balloon Catheters,TC003,1.0,1,232,0.6,3,0.3333,CM_100103,FD_200103
MENA,TR,MENA,TR,MENA,100103,100103,Kalp Merkezi Konya,Private Clinic,200103,FD Kalp Merkezi Konya,2024,Diagnostic Angiography,Diagnostic Catheters,TC005,2.0,1,386,0.95,5,0.2,CM_100103,FD_200103
MENA,TR,MENA,TR,MENA,100103,100103,Kalp Merkezi Konya,Private Clinic,200103,FD Kalp Merkezi Konya,2024,Diagnostic Angiography,Guide Wires,TC002,1.5,1,386,0.9,5,0.2,CM_100103,FD_200103
MENA,TR,MENA,TR,MENA,100103,100103,Kalp Merkezi Konya,Private Clinic,200103,FD Kalp Merkezi Konya,2024,Diagnostic Angiography,Introducer Sheaths,TC007,1.0,1,386,0.85,5,0.2,CM_100103,FD_200103
MENA,TR,MENA,TR,MENA,100103,100103,Kalp Merkezi Konya,Private Clinic,200103,FD Kalp Merkezi Konya,2024,Diagnostic Angiography,Hemostasis Valves,TC008,1.0,1,386,0.7,5,0.2,CM_100103,FD_200103
MENA,TR,MENA,TR,MENA,100103,100103,Kalp Merkezi Konya,Private Clinic,200103,FD Kalp Merkezi Konya,2024,Diagnostic Angiography,Radial Access Kits,TC010,1.0,1,386,0.5,5,0.2,CM_100103,FD_200103
MENA,TR,MENA,TR,MENA,100103,100103,Kalp Merkezi Konya,Private Clinic,200103,FD Kalp Merkezi Konya,2024,Electrophysiology,Diagnostic Catheters,TC005,3.0,1,142,0.8,2,0.5,CM_100103,FD_200103
MENA,TR,MENA,TR,MENA,100103,100103,Kalp Merkezi Konya,Private Clinic,200103,FD Kalp Merkezi Konya,2024,Electrophysiology,Introducer Sheaths,TC007,1.0,1,142,0.75,2,0.5,CM_100103,FD_200103
MENA,TR,MENA,TR,MENA,100104,100104,Devlet Hastanesi Gaziantep,University Hospital,200104,FD Devlet Hastanesi Gaziantep,2024,Neurovascular Intervention,Microcatheters,TC006,2.0,1,207,0.95,2,0.5,CM_100104,FD_200104
MENA,TR,MENA,TR,MENA,100104,100104,Devlet Hastanesi Gaziantep,University Hospital,200104,FD Devlet Hastanesi Gaziantep,2024,Neurovascular Intervention,Guide Wires,TC002,2.0,1,207,0.9,2,0.5,CM_100104,FD_200104
MENA,TR,MENA,TR,MENA,100104,100104,Devlet Hastanesi Gaziantep,University Hospital,200104,FD Devlet Hastanesi Gaziantep,2024,Diagnostic Angiography,Diagnostic Catheters,TC005,2.0,1,267,0.95,5,0.2,CM_100104,FD_200104
MENA,TR,MENA,TR,MENA,100104,100104,Devlet Hastanesi Gaziantep,University Hospital,200104,FD Devlet Hastanesi Gaziantep,2024,Diagnostic Angiography,Guide Wires,TC002,1.5,1,267,0.9,5,0.2,CM_100104,FD_200104
MENA,TR,MENA,TR,MENA,100104,100104,Devlet Hastanesi Gaziantep,University Hospital,200104,FD Devlet Hastanesi Gaziantep,2024,Diagnostic Angiography,Introducer Sheaths,TC007,1.0,1,267,0.85,5,0.2,CM_100104,FD_200104
MENA,TR,MENA,TR,MENA,100104,100104,Devlet Hastanesi Gaziantep,University Hospital,200104,FD Devlet Hastanesi Gaziantep,2024,Diagnostic Angiography,Hemostasis Valves,TC008,1.0,1,267,0.7,5,0.2,CM_100104,FD_200104
MENA,TR,MENA,TR,MENA,100104,100104,Devlet Hastanesi Gaziantep,University Hospital,200104,FD Devlet Hastanesi Gaziantep,2024,Diagnostic Angiography,Radial Access Kits,TC010,1.0,1,267,0.5,5,0.2,CM_100104,FD_200104
MENA,TR,MENA,TR,MENA,100104,100104,Devlet Hastanesi Gaziantep,University Hospital,200104,FD Devlet Hastanesi Gaziantep,2024,Structural Heart,Introducer Sheaths,TC007,2.0,1,61,0.85,2,0.5,CM_100104,FD_200104
MENA,TR,MENA,TR,MENA,100104,100104,Devlet Hastanesi Gaziantep,University Hospital,200104,FD Devlet Hastanesi Gaziantep,2024,Structural Heart,Guide Wires,TC002,1.0,1,61,0.7,2,0.5,CM_100104,FD_200104
MENA,TR,MENA,TR,MENA,100104,100104,Devlet Hastanesi Gaziantep,University Hospital,200104,FD Devlet Hastanesi Gaziantep,2024,PCI - Coronary,Guiding Catheters,TC001,1.2,1,293,0.95,7,0.1429,CM_100104,FD_200104
MENA,TR,MENA,TR,MENA,100104,100104,Devlet Hastanesi Gaziantep,University Hospital,200104,FD Devlet Hastanesi Gaziantep,2024,PCI - Coronary,Guide Wires,TC002,2.0,1,293,0.98,7,0.1429,CM_100104,FD_200104
MENA,TR,MENA,TR,MENA,100104,100104,Devlet Hastanesi Gaziantep,University Hospital,200104,FD Devlet Hastanesi Gaziantep,2024,PCI - Coronary,PTCA Balloon Catheters,TC003,1.5,1,293,0.85,7,0.1429,CM_100104,FD_200104
MENA,TR,MENA,TR,MENA,100104,100104,Devlet Hastanesi Gaziantep,University Hospital,200104,FD Devlet Hastanesi Gaziantep,2024,PCI - Coronary,Drug-Eluting Stents,TC004,1.3,1,293,0.7,7,0.1429,CM_100104,FD_200104
MENA,TR,MENA,TR,MENA,100104,100104,Devlet Hastanesi Gaziantep,University Hospital,200104,FD Devlet Hastanesi Gaziantep,2024,PCI - Coronary,Inflation Devices,TC009,1.0,1,293,0.9,7,0.1429,CM_100104,FD_200104
MENA,TR,MENA,TR,MENA,100104,100104,Devlet Hastanesi Gaziantep,University Hospital,200104,FD Devlet Hastanesi Gaziantep,2024,PCI - Coronary,Hemostasis Valves,TC008,1.0,1,293,0.8,7,0.1429,CM_100104,FD_200104
MENA,TR,MENA,TR,MENA,100104,100104,Devlet Hastanesi Gaziantep,University Hospital,200104,FD Devlet Hastanesi Gaziantep,2024,PCI - Coronary,Radial Access Kits,TC010,1.0,1,293,0.6,7,0.1429,CM_100104,FD_200104
MENA,TR,MENA,TR,MENA,100104,100104,Devlet Hastanesi Gaziantep,University Hospital,200104,FD Devlet Hastanesi Gaziantep,2024,Electrophysiology,Diagnostic Catheters,TC005,3.0,1,188,0.8,2,0.5,CM_100104,FD_200104
MENA,TR,MENA,TR,MENA,100104,100104,Devlet Hastanesi Gaziantep,University Hospital,200104,FD Devlet Hastanesi Gaziantep,2024,Electrophysiology,Introducer Sheaths,TC007,1.0,1,188,0.75,2,0.5,CM_100104,FD_200104
MENA,TR,MENA,TR,MENA,100105,100105,Eğitim Araştırma Mersin,University Hospital,200105,FD Eğitim Araştırma Mersin,2024,Electrophysiology,Diagnostic Catheters,TC005,3.0,1,381,0.8,2,0.5,CM_100105,FD_200105
MENA,TR,MENA,TR,MENA,100105,100105,Eğitim Araştırma Mersin,University Hospital,200105,FD Eğitim Araştırma Mersin,2024,Electrophysiology,Introducer Sheaths,TC007,1.0,1,381,0.75,2,0.5,CM_100105,FD_200105
MENA,TR,MENA,TR,MENA,100105,100105,Eğitim Araştırma Mersin,University Hospital,200105,FD Eğitim Araştırma Mersin,2024,Diagnostic Angiography,Diagnostic Catheters,TC005,2.0,1,287,0.95,5,0.2,CM_100105,FD_200105
MENA,TR,MENA,TR,MENA,100105,100105,Eğitim Araştırma Mersin,University Hospital,200105,FD Eğitim Araştırma Mersin,2024,Diagnostic Angiography,Guide Wires,TC002,1.5,1,287,0.9,5,0.2,CM_100105,FD_200105
MENA,TR,MENA,TR,MENA,100105,100105,Eğitim Araştırma Mersin,University Hospital,200105,FD Eğitim Araştırma Mersin,2024,Diagnostic Angiography,Introducer Sheaths,TC007,1.0,1,287,0.85,5,0.2,CM_100105,FD_200105
MENA,TR,MENA,TR,MENA,100105,100105,Eğitim Araştırma Mersin,University Hospital,200105,FD Eğitim Araştırma Mersin,2024,Diagnostic Angiography,Hemostasis Valves,TC008,1.0,1,287,0.7,5,0.2,CM_100105,FD_200105
MENA,TR,MENA,TR,MENA,100105,100105,Eğitim Araştırma Mersin,University Hospital,200105,FD Eğitim Araştırma Mersin,2024,Diagnostic Angiography,Radial Access Kits,TC010,1.0,1,287,0.5,5,0.2,CM_100105,FD_200105
MENA,TR,MENA,TR,MENA,100105,100105,Eğitim Araştırma Mersin,University Hospital,200105,FD Eğitim Araştırma Mersin,2024,Neurovascular Intervention,Microcatheters,TC006,2.0,1,383,0.95,2,0.5,CM_100105,FD_200105
MENA,TR,MENA,TR,MENA,100105,100105,Eğitim Araştırma Mersin,University Hospital,200105,FD Eğitim Araştırma Mersin,2024,Neurovascular Intervention,Guide Wires,TC002,2.0,1,383,0.9,2,0.5,CM_100105,FD_200105
MENA,TR,MENA,TR,MENA,100106,100106,Özel Hastane Kayseri,Private Clinic,200106,FD Özel Hastane Kayseri,2024,Electrophysiology,Diagnostic Catheters,TC005,3.0,1,204,0.8,2,0.5,CM_100106,FD_200106
MENA,TR,MENA,TR,MENA,100106,100106,Özel Hastane Kayseri,Private Clinic,200106,FD Özel Hastane Kayseri,2024,Electrophysiology,Introducer Sheaths,TC007,1.0,1,204,0.75,2,0.5,CM_100106,FD_200106
MENA,TR,MENA,TR,MENA,100106,100106,Özel Hastane Kayseri,Private Clinic,200106,FD Özel Hastane Kayseri,2024,Neurovascular Intervention,Microcatheters,TC006,2.0,1,253,0.95,2,0.5,CM_100106,FD_200106
MENA,TR,MENA,TR,MENA,100106,100106,Özel Hastane Kayseri,Private Clinic,200106,FD Özel Hastane Kayseri,2024,Neurovascular Intervention,Guide Wires,TC002,2.0,1,253,0.9,2,0.5,CM_100106,FD_200106
MENA,TR,MENA,TR,MENA,100106,100106,Özel Hastane Kayseri,Private Clinic,200106,FD Özel Hastane Kayseri,2024,Structural Heart,Introducer Sheaths,TC007,2.0,1,140,0.85,2,0.5,CM_100106,FD_200106
MENA,TR,MENA,TR,MENA,100106,100106,Özel Hastane Kayseri,Private Clinic,200106,FD Özel Hastane Kayseri,2024,Structural Heart,Guide Wires,TC002,1.0,1,140,0.7,2,0.5,CM_100106,FD_200106
MENA,TR,MENA,TR,MENA,100106,100106,Özel Hastane Kayseri,Private Clinic,200106,FD Özel Hastane Kayseri,2024,PCI - Coronary,Guiding Catheters,TC001,1.2,1,217,0.95,7,0.1429,CM_100106,FD_200106
MENA,TR,MENA,TR,MENA,100106,100106,Özel Hastane Kayseri,Private Clinic,200106,FD Özel Hastane Kayseri,2024,PCI - Coronary,Guide Wires,TC002,2.0,1,217,0.98,7,0.1429,CM_100106,FD_200106
MENA,TR,MENA,TR,MENA,100106,100106,Özel Hastane Kayseri,Private Clinic,200106,FD Özel Hastane Kayseri,2024,PCI - Coronary,PTCA Balloon Catheters,TC003,1.5,1,217,0.85,7,0.1429,CM_100106,FD_200106
MENA,TR,MENA,TR,MENA,100106,100106,Özel Hastane Kayseri,Private Clinic,200106,FD Özel Hastane Kayseri,2024,PCI - Coronary,Drug-Eluting Stents,TC004,1.3,1,217,0.7,7,0.1429,CM_100106,FD_200106
MENA,TR,MENA,TR,MENA,100106,100106,Özel Hastane Kayseri,Private Clinic,200106,FD Özel Hastane Kayseri,2024,PCI - Coronary,Inflation Devices,TC009,1.0,1,217,0.9,7,0.1429,CM_100106,FD_200106
MENA,TR,MENA,TR,MENA,100106,100106,Özel Hastane Kayseri,Private Clinic,200106,FD Özel Hastane Kayseri,2024,PCI - Coronary,Hemostasis Valves,TC008,1.0,1,217,0.8,7,0.1429,CM_100106,FD_200106
MENA,TR,MENA,TR,MENA,100106,100106,Özel Hastane Kayseri,Private Clinic,200106,FD Özel Hastane Kayseri,2024,PCI - Coronary,Radial Access Kits,TC010,1.0,1,217,0.6,7,0.1429,CM_100106,FD_200106
MENA,TR,MENA,TR,MENA,100106,100106,Özel Hastane Kayseri,Private Clinic,200106,FD Özel Hastane Kayseri,2024,Diagnostic Angiography,Diagnostic Catheters,TC005,2.0,1,292,0.95,5,0.2,CM_100106,FD_200106
MENA,TR,MENA,TR,MENA,100106,100106,Özel Hastane Kayseri,Private Clinic,200106,FD Özel Hastane Kayseri,2024,Diagnostic Angiography,Guide Wires,TC002,1.5,1,292,0.9,5,0.2,CM_100106,FD_200106
MENA,TR,MENA,TR,MENA,100106,100106,Özel Hastane Kayseri,Private Clinic,200106,FD Özel Hastane Kayseri,2024,Diagnostic Angiography,Introducer Sheaths,TC007,1.0,1,292,0.85,5,0.2,CM_100106,FD_200106
MENA,TR,MENA,TR,MENA,100106,100106,Özel Hastane Kayseri,Private Clinic,200106,FD Özel Hastane Kayseri,2024,Diagnostic Angiography,Hemostasis Valves,TC008,1.0,1,292,0.7,5,0.2,CM_100106,FD_200106
MENA,TR,MENA,TR,MENA,100106,100106,Özel Hastane Kayseri,Private Clinic,200106,FD Özel Hastane Kayseri,2024,Diagnostic Angiography,Radial Access Kits,TC010,1.0,1,292,0.5,5,0.2,CM_100106,FD_200106
MENA,TR,MENA,TR,MENA,100106,100106,Özel Hastane Kayseri,Private Clinic,200106,FD Özel Hastane Kayseri,2024,PCI - Complex,Guiding Catheters,TC001,1.5,1,167,0.98,5,0.2,CM_100106,FD_200106
MENA,TR,MENA,TR,MENA,100106,100106,Özel Hastane Kayseri,Private Clinic,200106,FD Özel Hastane Kayseri,2024,PCI - Complex,Guide Wires,TC002,3.0,1,167,0.99,5,0.2,CM_100106,FD_200106
MENA,TR,MENA,TR,MENA,100106,100106,Özel Hastane Kayseri,Private Clinic,200106,FD Özel Hastane Kayseri,2024,PCI - Complex,PTCA Balloon Catheters,TC003,2.0,1,167,0.9,5,0.2,CM_100106,FD_200106
MENA,TR,MENA,TR,MENA,100106,100106,Özel Hastane Kayseri,Private Clinic,200106,FD Özel Hastane Kayseri,2024,PCI - Complex,Drug-Eluting Stents,TC004,2.0,1,167,0.8,5,0.2,CM_100106,FD_200106
MENA,TR,MENA,TR,MENA,100106,100106,Özel Hastane Kayseri,Private Clinic,200106,FD Özel Hastane Kayseri,2024,PCI - Complex,Microcatheters,TC006,1.0,1,167,0.65,5,0.2,CM_100106,FD_200106
MENA,TR,MENA,TR,MENA,100106,100106,Özel Hastane Kayseri,Private Clinic,200106,FD Özel Hastane Kayseri,2024,Peripheral Intervention,Guide Wires,TC002,2.5,1,102,0.9,3,0.3333,CM_100106,FD_200106
MENA,TR,MENA,TR,MENA,100106,100106,Özel Hastane Kayseri,Private Clinic,200106,FD Özel Hastane Kayseri,2024,Peripheral Intervention,Introducer Sheaths,TC007,1.5,1,102,0.8,3,0.3333,CM_100106,FD_200106
MENA,TR,MENA,TR,MENA,100106,100106,Özel Hastane Kayseri,Private Clinic,200106,FD Özel Hastane Kayseri,2024,Peripheral Intervention,PTCA Balloon Catheters,TC003,1.0,1,102,0.6,3,0.3333,CM_100106,FD_200106
MENA,TR,MENA,TR,MENA,100107,100107,Üniversitesi Hastanesi Eskisehir,Private Clinic,200107,FD Üniversitesi Hastanesi Eskisehir,2024,Structural Heart,Introducer Sheaths,TC007,2.0,1,225,0.85,2,0.5,CM_100107,FD_200107
MENA,TR,MENA,TR,MENA,100107,100107,Üniversitesi Hastanesi Eskisehir,Private Clinic,200107,FD Üniversitesi Hastanesi Eskisehir,2024,Structural Heart,Guide Wires,TC002,1.0,1,225,0.7,2,0.5,CM_100107,FD_200107
MENA,TR,MENA,TR,MENA,100107,100107,Üniversitesi Hastanesi Eskisehir,Private Clinic,200107,FD Üniversitesi Hastanesi Eskisehir,2024,Electrophysiology,Diagnostic Catheters,TC005,3.0,1,268,0.8,2,0.5,CM_100107,FD_200107
MENA,TR,MENA,TR,MENA,100107,100107,Üniversitesi Hastanesi Eskisehir,Private Clinic,200107,FD Üniversitesi Hastanesi Eskisehir,2024,Electrophysiology,Introducer Sheaths,TC007,1.0,1,268,0.75,2,0.5,CM_100107,FD_200107
MENA,TR,MENA,TR,MENA,100107,100107,Üniversitesi Hastanesi Eskisehir,Private Clinic,200107,FD Üniversitesi Hastanesi Eskisehir,2024,PCI - Coronary,Guiding Catheters,TC001,1.2,1,194,0.95,7,0.1429,CM_100107,FD_200107
MENA,TR,MENA,TR,MENA,100107,100107,Üniversitesi Hastanesi Eskisehir,Private Clinic,200107,FD Üniversitesi Hastanesi Eskisehir,2024,PCI - Coronary,Guide Wires,TC002,2.0,1,194,0.98,7,0.1429,CM_100107,FD_200107
MENA,TR,MENA,TR,MENA,100107,100107,Üniversitesi Hastanesi Eskisehir,Private Clinic,200107,FD Üniversitesi Hastanesi Eskisehir,2024,PCI - Coronary,PTCA Balloon Catheters,TC003,1.5,1,194,0.85,7,0.1429,CM_100107,FD_200107
MENA,TR,MENA,TR,MENA,100107,100107,Üniversitesi Hastanesi Eskisehir,Private Clinic,200107,FD Üniversitesi Hastanesi Eskisehir,2024,PCI - Coronary,Drug-Eluting Stents,TC004,1.3,1,194,0.7,7,0.1429,CM_100107,FD_200107
MENA,TR,MENA,TR,MENA,100107,100107,Üniversitesi Hastanesi Eskisehir,Private Clinic,200107,FD Üniversitesi Hastanesi Eskisehir,2024,PCI - Coronary,Inflation Devices,TC009,1.0,1,194,0.9,7,0.1429,CM_100107,FD_200107
MENA,TR,MENA,TR,MENA,100107,100107,Üniversitesi Hastanesi Eskisehir,Private Clinic,200107,FD Üniversitesi Hastanesi Eskisehir,2024,PCI - Coronary,Hemostasis Valves,TC008,1.0,1,194,0.8,7,0.1429,CM_100107,FD_200107
MENA,TR,MENA,TR,MENA,100107,100107,Üniversitesi Hastanesi Eskisehir,Private Clinic,200107,FD Üniversitesi Hastanesi Eskisehir,2024,PCI - Coronary,Radial Access Kits,TC010,1.0,1,194,0.6,7,0.1429,CM_100107,FD_200107
MENA,TR,MENA,TR,MENA,100107,100107,Üniversitesi Hastanesi Eskisehir,Private Clinic,200107,FD Üniversitesi Hastanesi Eskisehir,2024,Neurovascular Intervention,Microcatheters,TC006,2.0,1,183,0.95,2,0.5,CM_100107,FD_200107
MENA,TR,MENA,TR,MENA,100107,100107,Üniversitesi Hastanesi Eskisehir,Private Clinic,200107,FD Üniversitesi Hastanesi Eskisehir,2024,Neurovascular Intervention,Guide Wires,TC002,2.0,1,183,0.9,2,0.5,CM_100107,FD_200107
MENA,TR,MENA,TR,MENA,100108,100108,Kalp Merkezi Trabzon,University Hospital,200108,FD Kalp Merkezi Trabzon,2024,Diagnostic Angiography,Diagnostic Catheters,TC005,2.0,1,317,0.95,5,0.2,CM_100108,FD_200108
MENA,TR,MENA,TR,MENA,100108,100108,Kalp Merkezi Trabzon,University Hospital,200108,FD Kalp Merkezi Trabzon,2024,Diagnostic Angiography,Guide Wires,TC002,1.5,1,317,0.9,5,0.2,CM_100108,FD_200108
MENA,TR,MENA,TR,MENA,100108,100108,Kalp Merkezi Trabzon,University Hospital,200108,FD Kalp Merkezi Trabzon,2024,Diagnostic Angiography,Introducer Sheaths,TC007,1.0,1,317,0.85,5,0.2,CM_100108,FD_200108
MENA,TR,MENA,TR,MENA,100108,100108,Kalp Merkezi Trabzon,University Hospital,200108,FD Kalp Merkezi Trabzon,2024,Diagnostic Angiography,Hemostasis Valves,TC008,1.0,1,317,0.7,5,0.2,CM_100108,FD_200108
MENA,TR,MENA,TR,MENA,100108,100108,Kalp Merkezi Trabzon,University Hospital,200108,FD Kalp Merkezi Trabzon,2024,Diagnostic Angiography,Radial Access Kits,TC010,1.0,1,317,0.5,5,0.2,CM_100108,FD_200108
MENA,TR,MENA,TR,MENA,100108,100108,Kalp Merkezi Trabzon,University Hospital,200108,FD Kalp Merkezi Trabzon,2024,Structural Heart,Introducer Sheaths,TC007,2.0,1,371,0.85,2,0.5,CM_100108,FD_200108
MENA,TR,MENA,TR,MENA,100108,100108,Kalp Merkezi Trabzon,University Hospital,200108,FD Kalp Merkezi Trabzon,2024,Structural Heart,Guide Wires,TC002,1.0,1,371,0.7,2,0.5,CM_100108,FD_200108
MENA,TR,MENA,TR,MENA,100108,100108,Kalp Merkezi Trabzon,University Hospital,200108,FD Kalp Merkezi Trabzon,2024,Electrophysiology,Diagnostic Catheters,TC005,3.0,1,420,0.8,2,0.5,CM_100108,FD_200108
MENA,TR,MENA,TR,MENA,100108,100108,Kalp Merkezi Trabzon,University Hospital,200108,FD Kalp Merkezi Trabzon,2024,Electrophysiology,Introducer Sheaths,TC007,1.0,1,420,0.75,2,0.5,CM_100108,FD_200108
MENA,TR,MENA,TR,MENA,100108,100108,Kalp Merkezi Trabzon,University Hospital,200108,FD Kalp Merkezi Trabzon,2024,PCI - Coronary,Guiding Catheters,TC001,1.2,1,312,0.95,7,0.1429,CM_100108,FD_200108
MENA,TR,MENA,TR,MENA,100108,100108,Kalp Merkezi Trabzon,University Hospital,200108,FD Kalp Merkezi Trabzon,2024,PCI - Coronary,Guide Wires,TC002,2.0,1,312,0.98,7,0.1429,CM_100108,FD_200108
MENA,TR,MENA,TR,MENA,100108,100108,Kalp Merkezi Trabzon,University Hospital,200108,FD Kalp Merkezi Trabzon,2024,PCI - Coronary,PTCA Balloon Catheters,TC003,1.5,1,312,0.85,7,0.1429,CM_100108,FD_200108
MENA,TR,MENA,TR,MENA,100108,100108,Kalp Merkezi Trabzon,University Hospital,200108,FD Kalp Merkezi Trabzon,2024,PCI - Coronary,Drug-Eluting Stents,TC004,1.3,1,312,0.7,7,0.1429,CM_100108,FD_200108
MENA,TR,MENA,TR,MENA,100108,100108,Kalp Merkezi Trabzon,University Hospital,200108,FD Kalp Merkezi Trabzon,2024,PCI - Coronary,Inflation Devices,TC009,1.0,1,312,0.9,7,0.1429,CM_100108,FD_200108
MENA,TR,MENA,TR,MENA,100108,100108,Kalp Merkezi Trabzon,University Hospital,200108,FD Kalp Merkezi Trabzon,2024,PCI - Coronary,Hemostasis Valves,TC008,1.0,1,312,0.8,7,0.1429,CM_100108,FD_200108
MENA,TR,MENA,TR,MENA,100108,100108,Kalp Merkezi Trabzon,University Hospital,200108,FD Kalp Merkezi Trabzon,2024,PCI - Coronary,Radial Access Kits,TC010,1.0,1,312,0.6,7,0.1429,CM_100108,FD_200108
MENA,TR,MENA,TR,MENA,100108,100108,Kalp Merkezi Trabzon,University Hospital,200108,FD Kalp Merkezi Trabzon,2024,Peripheral Intervention,Guide Wires,TC002,2.5,1,283,0.9,3,0.3333,CM_100108,FD_200108
MENA,TR,MENA,TR,MENA,100108,100108,Kalp Merkezi Trabzon,University Hospital,200108,FD Kalp Merkezi Trabzon,2024,Peripheral Intervention,Introducer Sheaths,TC007,1.5,1,283,0.8,3,0.3333,CM_100108,FD_200108
MENA,TR,MENA,TR,MENA,100108,100108,Kalp Merkezi Trabzon,University Hospital,200108,FD Kalp Merkezi Trabzon,2024,Peripheral Intervention,PTCA Balloon Catheters,TC003,1.0,1,283,0.6,3,0.3333,CM_100108,FD_200108
Northern Europe,SE,Northern Europe,SE,Northern Europe,100109,100109,Karolinska Stockholm,University Hospital,200109,FD Karolinska Stockholm,2024,Structural Heart,Introducer Sheaths,TC007,2.0,1,330,0.85,2,0.5,CM_100109,FD_200109
Northern Europe,SE,Northern Europe,SE,Northern Europe,100109,100109,Karolinska Stockholm,University Hospital,200109,FD Karolinska Stockholm,2024,Structural Heart,Guide Wires,TC002,1.0,1,330,0.7,2,0.5,CM_100109,FD_200109
Northern Europe,SE,Northern Europe,SE,Northern Europe,100109,100109,Karolinska Stockholm,University Hospital,200109,FD Karolinska Stockholm,2024,Peripheral Intervention,Guide Wires,TC002,2.5,1,440,0.9,3,0.3333,CM_100109,FD_200109
Northern Europe,SE,Northern Europe,SE,Northern Europe,100109,100109,Karolinska Stockholm,University Hospital,200109,FD Karolinska Stockholm,2024,Peripheral Intervention,Introducer Sheaths,TC007,1.5,1,440,0.8,3,0.3333,CM_100109,FD_200109
Northern Europe,SE,Northern Europe,SE,Northern Europe,100109,100109,Karolinska Stockholm,University Hospital,200109,FD Karolinska Stockholm,2024,Peripheral Intervention,PTCA Balloon Catheters,TC003,1.0,1,440,0.6,3,0.3333,CM_100109,FD_200109
Northern Europe,SE,Northern Europe,SE,Northern Europe,100109,100109,Karolinska Stockholm,University Hospital,200109,FD Karolinska Stockholm,2024,Electrophysiology,Diagnostic Catheters,TC005,3.0,1,267,0.8,2,0.5,CM_100109,FD_200109
Northern Europe,SE,Northern Europe,SE,Northern Europe,100109,100109,Karolinska Stockholm,University Hospital,200109,FD Karolinska Stockholm,2024,Electrophysiology,Introducer Sheaths,TC007,1.0,1,267,0.75,2,0.5,CM_100109,FD_200109
Northern Europe,SE,Northern Europe,SE,Northern Europe,100109,100109,Karolinska Stockholm,University Hospital,200109,FD Karolinska Stockholm,2024,Neurovascular Intervention,Microcatheters,TC006,2.0,1,348,0.95,2,0.5,CM_100109,FD_200109
Northern Europe,SE,Northern Europe,SE,Northern Europe,100109,100109,Karolinska Stockholm,University Hospital,200109,FD Karolinska Stockholm,2024,Neurovascular Intervention,Guide Wires,TC002,2.0,1,348,0.9,2,0.5,CM_100109,FD_200109
Northern Europe,SE,Northern Europe,SE,Northern Europe,100109,100109,Karolinska Stockholm,University Hospital,200109,FD Karolinska Stockholm,2024,PCI - Complex,Guiding Catheters,TC001,1.5,1,229,0.98,5,0.2,CM_100109,FD_200109
Northern Europe,SE,Northern Europe,SE,Northern Europe,100109,100109,Karolinska Stockholm,University Hospital,200109,FD Karolinska Stockholm,2024,PCI - Complex,Guide Wires,TC002,3.0,1,229,0.99,5,0.2,CM_100109,FD_200109
Northern Europe,SE,Northern Europe,SE,Northern Europe,100109,100109,Karolinska Stockholm,University Hospital,200109,FD Karolinska Stockholm,2024,PCI - Complex,PTCA Balloon Catheters,TC003,2.0,1,229,0.9,5,0.2,CM_100109,FD_200109
Northern Europe,SE,Northern Europe,SE,Northern Europe,100109,100109,Karolinska Stockholm,University Hospital,200109,FD Karolinska Stockholm,2024,PCI - Complex,Drug-Eluting Stents,TC004,2.0,1,229,0.8,5,0.2,CM_100109,FD_200109
Northern Europe,SE,Northern Europe,SE,Northern Europe,100109,100109,Karolinska Stockholm,University Hospital,200109,FD Karolinska Stockholm,2024,PCI - Complex,Microcatheters,TC006,1.0,1,229,0.65,5,0.2,CM_100109,FD_200109
Northern Europe,SE,Northern Europe,SE,Northern Europe,100109,100109,Karolinska Stockholm,University Hospital,200109,FD Karolinska Stockholm,2024,Diagnostic Angiography,Diagnostic Catheters,TC005,2.0,1,155,0.95,5,0.2,CM_100109,FD_200109
Northern Europe,SE,Northern Europe,SE,Northern Europe,100109,100109,Karolinska Stockholm,University Hospital,200109,FD Karolinska Stockholm,2024,Diagnostic Angiography,Guide Wires,TC002,1.5,1,155,0.9,5,0.2,CM_100109,FD_200109
Northern Europe,SE,Northern Europe,SE,Northern Europe,100109,100109,Karolinska Stockholm,University Hospital,200109,FD Karolinska Stockholm,2024,Diagnostic Angiography,Introducer Sheaths,TC007,1.0,1,155,0.85,5,0.2,CM_100109,FD_200109
Northern Europe,SE,Northern Europe,SE,Northern Europe,100109,100109,Karolinska Stockholm,University Hospital,200109,FD Karolinska Stockholm,2024,Diagnostic Angiography,Hemostasis Valves,TC008,1.0,1,155,0.7,5,0.2,CM_100109,FD_200109
Northern Europe,SE,Northern Europe,SE,Northern Europe,100109,100109,Karolinska Stockholm,University Hospital,200109,FD Karolinska Stockholm,2024,Diagnostic Angiography,Radial Access Kits,TC010,1.0,1,155,0.5,5,0.2,CM_100109,FD_200109
Northern Europe,SE,Northern Europe,SE,Northern Europe,100110,100110,Sahlgrenska Gothenburg,Heart Center,200110,FD Sahlgrenska Gothenburg,2024,Structural Heart,Introducer Sheaths,TC007,2.0,1,152,0.85,2,0.5,CM_100110,FD_200110
Northern Europe,SE,Northern Europe,SE,Northern Europe,100110,100110,Sahlgrenska Gothenburg,Heart Center,200110,FD Sahlgrenska Gothenburg,2024,Structural Heart,Guide Wires,TC002,1.0,1,152,0.7,2,0.5,CM_100110,FD_200110
Northern Europe,SE,Northern Europe,SE,Northern Europe,100110,100110,Sahlgrenska Gothenburg,Heart Center,200110,FD Sahlgrenska Gothenburg,2024,Diagnostic Angiography,Diagnostic Catheters,TC005,2.0,1,231,0.95,5,0.2,CM_100110,FD_200110
Northern Europe,SE,Northern Europe,SE,Northern Europe,100110,100110,Sahlgrenska Gothenburg,Heart Center,200110,FD Sahlgrenska Gothenburg,2024,Diagnostic Angiography,Guide Wires,TC002,1.5,1,231,0.9,5,0.2,CM_100110,FD_200110
Northern Europe,SE,Northern Europe,SE,Northern Europe,100110,100110,Sahlgrenska Gothenburg,Heart Center,200110,FD Sahlgrenska Gothenburg,2024,Diagnostic Angiography,Introducer Sheaths,TC007,1.0,1,231,0.85,5,0.2,CM_100110,FD_200110
Northern Europe,SE,Northern Europe,SE,Northern Europe,100110,100110,Sahlgrenska Gothenburg,Heart Center,200110,FD Sahlgrenska Gothenburg,2024,Diagnostic Angiography,Hemostasis Valves,TC008,1.0,1,231,0.7,5,0.2,CM_100110,FD_200110
Northern Europe,SE,Northern Europe,SE,Northern Europe,100110,100110,Sahlgrenska Gothenburg,Heart Center,200110,FD Sahlgrenska Gothenburg,2024,Diagnostic Angiography,Radial Access Kits,TC010,1.0,1,231,0.5,5,0.2,CM_100110,FD_200110
Northern Europe,SE,Northern Europe,SE,Northern Europe,100110,100110,Sahlgrenska Gothenburg,Heart Center,200110,FD Sahlgrenska Gothenburg,2024,PCI - Coronary,Guiding Catheters,TC001,1.2,1,128,0.95,7,0.1429,CM_100110,FD_200110
Northern Europe,SE,Northern Europe,SE,Northern Europe,100110,100110,Sahlgrenska Gothenburg,Heart Center,200110,FD Sahlgrenska Gothenburg,2024,PCI - Coronary,Guide Wires,TC002,2.0,1,128,0.98,7,0.1429,CM_100110,FD_200110
Northern Europe,SE,Northern Europe,SE,Northern Europe,100110,100110,Sahlgrenska Gothenburg,Heart Center,200110,FD Sahlgrenska Gothenburg,2024,PCI - Coronary,PTCA Balloon Catheters,TC003,1.5,1,128,0.85,7,0.1429,CM_100110,FD_200110
Northern Europe,SE,Northern Europe,SE,Northern Europe,100110,100110,Sahlgrenska Gothenburg,Heart Center,200110,FD Sahlgrenska Gothenburg,2024,PCI - Coronary,Drug-Eluting Stents,TC004,1.3,1,128,0.7,7,0.1429,CM_100110,FD_200110
Northern Europe,SE,Northern Europe,SE,Northern Europe,100110,100110,Sahlgrenska Gothenburg,Heart Center,200110,FD Sahlgrenska Gothenburg,2024,PCI - Coronary,Inflation Devices,TC009,1.0,1,128,0.9,7,0.1429,CM_100110,FD_200110
Northern Europe,SE,Northern Europe,SE,Northern Europe,100110,100110,Sahlgrenska Gothenburg,Heart Center,200110,FD Sahlgrenska Gothenburg,2024,PCI - Coronary,Hemostasis Valves,TC008,1.0,1,128,0.8,7,0.1429,CM_100110,FD_200110
Northern Europe,SE,Northern Europe,SE,Northern Europe,100110,100110,Sahlgrenska Gothenburg,Heart Center,200110,FD Sahlgrenska Gothenburg,2024,PCI - Coronary,Radial Access Kits,TC010,1.0,1,128,0.6,7,0.1429,CM_100110,FD_200110
Northern Europe,SE,Northern Europe,SE,Northern Europe,100110,100110,Sahlgrenska Gothenburg,Heart Center,200110,FD Sahlgrenska Gothenburg,2024,PCI - Complex,Guiding Catheters,TC001,1.5,1,38,0.98,5,0.2,CM_100110,FD_200110
Northern Europe,SE,Northern Europe,SE,Northern Europe,100110,100110,Sahlgrenska Gothenburg,Heart Center,200110,FD Sahlgrenska Gothenburg,2024,PCI - Complex,Guide Wires,TC002,3.0,1,38,0.99,5,0.2,CM_100110,FD_200110
Northern Europe,SE,Northern Europe,SE,Northern Europe,100110,100110,Sahlgrenska Gothenburg,Heart Center,200110,FD Sahlgrenska Gothenburg,2024,PCI - Complex,PTCA Balloon Catheters,TC003,2.0,1,38,0.9,5,0.2,CM_100110,FD_200110
Northern Europe,SE,Northern Europe,SE,Northern Europe,100110,100110,Sahlgrenska Gothenburg,Heart Center,200110,FD Sahlgrenska Gothenburg,2024,PCI - Complex,Drug-Eluting Stents,TC004,2.0,1,38,0.8,5,0.2,CM_100110,FD_200110
Northern Europe,SE,Northern Europe,SE,Northern Europe,100110,100110,Sahlgrenska Gothenburg,Heart Center,200110,FD Sahlgrenska Gothenburg,2024,PCI - Complex,Microcatheters,TC006,1.0,1,38,0.65,5,0.2,CM_100110,FD_200110
Northern Europe,SE,Northern Europe,SE,Northern Europe,100110,100110,Sahlgrenska Gothenburg,Heart Center,200110,FD Sahlgrenska Gothenburg,2024,Peripheral Intervention,Guide Wires,TC002,2.5,1,114,0.9,3,0.3333,CM_100110,FD_200110
Northern Europe,SE,Northern Europe,SE,Northern Europe,100110,100110,Sahlgrenska Gothenburg,Heart Center,200110,FD Sahlgrenska Gothenburg,2024,Peripheral Intervention,Introducer Sheaths,TC007,1.5,1,114,0.8,3,0.3333,CM_100110,FD_200110
Northern Europe,SE,Northern Europe,SE,Northern Europe,100110,100110,Sahlgrenska Gothenburg,Heart Center,200110,FD Sahlgrenska Gothenburg,2024,Peripheral Intervention,PTCA Balloon Catheters,TC003,1.0,1,114,0.6,3,0.3333,CM_100110,FD_200110
Northern Europe,SE,Northern Europe,SE,Northern Europe,100110,100110,Sahlgrenska Gothenburg,Heart Center,200110,FD Sahlgrenska Gothenburg,2024,Neurovascular Intervention,Microcatheters,TC006,2.0,1,143,0.95,2,0.5,CM_100110,FD_200110
Northern Europe,SE,Northern Europe,SE,Northern Europe,100110,100110,Sahlgrenska Gothenburg,Heart Center,200110,FD Sahlgrenska Gothenburg,2024,Neurovascular Intervention,Guide Wires,TC002,2.0,1,143,0.9,2,0.5,CM_100110,FD_200110
Northern Europe,SE,Northern Europe,SE,Northern Europe,100110,100110,Sahlgrenska Gothenburg,Heart Center,200110,FD Sahlgrenska Gothenburg,2024,Electrophysiology,Diagnostic Catheters,TC005,3.0,1,69,0.8,2,0.5,CM_100110,FD_200110
Northern Europe,SE,Northern Europe,SE,Northern Europe,100110,100110,Sahlgrenska Gothenburg,Heart Center,200110,FD Sahlgrenska Gothenburg,2024,Electrophysiology,Introducer Sheaths,TC007,1.0,1,69,0.75,2,0.5,CM_100110,FD_200110
Northern Europe,SE,Northern Europe,SE,Northern Europe,100111,100111,Skånes Universitetssjukhus Malmö,University Hospital,200111,FD Skånes Universitetssjukhus Malmö,2024,Peripheral Intervention,Guide Wires,TC002,2.5,1,302,0.9,3,0.3333,CM_100111,FD_200111
Northern Europe,SE,Northern Europe,SE,Northern Europe,100111,100111,Skånes Universitetssjukhus Malmö,University Hospital,200111,FD Skånes Universitetssjukhus Malmö,2024,Peripheral Intervention,Introducer Sheaths,TC007,1.5,1,302,0.8,3,0.3333,CM_100111,FD_200111
Northern Europe,SE,Northern Europe,SE,Northern Europe,100111,100111,Skånes Universitetssjukhus Malmö,University Hospital,200111,FD Skånes Universitetssjukhus Malmö,2024,Peripheral Intervention,PTCA Balloon Catheters,TC003,1.0,1,302,0.6,3,0.3333,CM_100111,FD_200111
Northern Europe,SE,Northern Europe,SE,Northern Europe,100111,100111,Skånes Universitetssjukhus Malmö,University Hospital,200111,FD Skånes Universitetssjukhus Malmö,2024,Neurovascular Intervention,Microcatheters,TC006,2.0,1,514,0.95,2,0.5,CM_100111,FD_200111
Northern Europe,SE,Northern Europe,SE,Northern Europe,100111,100111,Skånes Universitetssjukhus Malmö,University Hospital,200111,FD Skånes Universitetssjukhus Malmö,2024,Neurovascular Intervention,Guide Wires,TC002,2.0,1,514,0.9,2,0.5,CM_100111,FD_200111
Northern Europe,SE,Northern Europe,SE,Northern Europe,100111,100111,Skånes Universitetssjukhus Malmö,University Hospital,200111,FD Skånes Universitetssjukhus Malmö,2024,PCI - Complex,Guiding Catheters,TC001,1.5,1,404,0.98,5,0.2,CM_100111,FD_200111
Northern Europe,SE,Northern Europe,SE,Northern Europe,100111,100111,Skånes Universitetssjukhus Malmö,University Hospital,200111,FD Skånes Universitetssjukhus Malmö,2024,PCI - Complex,Guide Wires,TC002,3.0,1,404,0.99,5,0.2,CM_100111,FD_200111
Northern Europe,SE,Northern Europe,SE,Northern Europe,100111,100111,Skånes Universitetssjukhus Malmö,University Hospital,200111,FD Skånes Universitetssjukhus Malmö,2024,PCI - Complex,PTCA Balloon Catheters,TC003,2.0,1,404,0.9,5,0.2,CM_100111,FD_200111
Northern Europe,SE,Northern Europe,SE,Northern Europe,100111,100111,Skånes Universitetssjukhus Malmö,University Hospital,200111,FD Skånes Universitetssjukhus Malmö,2024,PCI - Complex,Drug-Eluting Stents,TC004,2.0,1,404,0.8,5,0.2,CM_100111,FD_200111
Northern Europe,SE,Northern Europe,SE,Northern Europe,100111,100111,Skånes Universitetssjukhus Malmö,University Hospital,200111,FD Skånes Universitetssjukhus Malmö,2024,PCI - Complex,Microcatheters,TC006,1.0,1,404,0.65,5,0.2,CM_100111,FD_200111
Northern Europe,SE,Northern Europe,SE,Northern Europe,100111,100111,Skånes Universitetssjukhus Malmö,University Hospital,200111,FD Skånes Universitetssjukhus Malmö,2024,Diagnostic Angiography,Diagnostic Catheters,TC005,2.0,1,322,0.95,5,0.2,CM_100111,FD_200111
Northern Europe,SE,Northern Europe,SE,Northern Europe,100111,100111,Skånes Universitetssjukhus Malmö,University Hospital,200111,FD Skånes Universitetssjukhus Malmö,2024,Diagnostic Angiography,Guide Wires,TC002,1.5,1,322,0.9,5,0.2,CM_100111,FD_200111
Northern Europe,SE,Northern Europe,SE,Northern Europe,100111,100111,Skånes Universitetssjukhus Malmö,University Hospital,200111,FD Skånes Universitetssjukhus Malmö,2024,Diagnostic Angiography,Introducer Sheaths,TC007,1.0,1,322,0.85,5,0.2,CM_100111,FD_200111
Northern Europe,SE,Northern Europe,SE,Northern Europe,100111,100111,Skånes Universitetssjukhus Malmö,University Hospital,200111,FD Skånes Universitetssjukhus Malmö,2024,Diagnostic Angiography,Hemostasis Valves,TC008,1.0,1,322,0.7,5,0.2,CM_100111,FD_200111
Northern Europe,SE,Northern Europe,SE,Northern Europe,100111,100111,Skånes Universitetssjukhus Malmö,University Hospital,200111,FD Skånes Universitetssjukhus Malmö,2024,Diagnostic Angiography,Radial Access Kits,TC010,1.0,1,322,0.5,5,0.2,CM_100111,FD_200111
Northern Europe,SE,Northern Europe,SE,Northern Europe,100112,100112,Uppsala Akademiska Uppsala,Heart Center,200112,FD Uppsala Akademiska Uppsala,2024,Electrophysiology,Diagnostic Catheters,TC005,3.0,1,122,0.8,2,0.5,CM_100112,FD_200112
Northern Europe,SE,Northern Europe,SE,Northern Europe,100112,100112,Uppsala Akademiska Uppsala,Heart Center,200112,FD Uppsala Akademiska Uppsala,2024,Electrophysiology,Introducer Sheaths,TC007,1.0,1,122,0.75,2,0.5,CM_100112,FD_200112
Northern Europe,SE,Northern Europe,SE,Northern Europe,100112,100112,Uppsala Akademiska Uppsala,Heart Center,200112,FD Uppsala Akademiska Uppsala,2024,Diagnostic Angiography,Diagnostic Catheters,TC005,2.0,1,75,0.95,5,0.2,CM_100112,FD_200112
Northern Europe,SE,Northern Europe,SE,Northern Europe,100112,100112,Uppsala Akademiska Uppsala,Heart Center,200112,FD Uppsala Akademiska Uppsala,2024,Diagnostic Angiography,Guide Wires,TC002,1.5,1,75,0.9,5,0.2,CM_100112,FD_200112
Northern Europe,SE,Northern Europe,SE,Northern Europe,100112,100112,Uppsala Akademiska Uppsala,Heart Center,200112,FD Uppsala Akademiska Uppsala,2024,Diagnostic Angiography,Introducer Sheaths,TC007,1.0,1,75,0.85,5,0.2,CM_100112,FD_200112
Northern Europe,SE,Northern Europe,SE,Northern Europe,100112,100112,Uppsala Akademiska Uppsala,Heart Center,200112,FD Uppsala Akademiska Uppsala,2024,Diagnostic Angiography,Hemostasis Valves,TC008,1.0,1,75,0.7,5,0.2,CM_100112,FD_200112
Northern Europe,SE,Northern Europe,SE,Northern Europe,100112,100112,Uppsala Akademiska Uppsala,Heart Center,200112,FD Uppsala Akademiska Uppsala,2024,Diagnostic Angiography,Radial Access Kits,TC010,1.0,1,75,0.5,5,0.2,CM_100112,FD_200112
Northern Europe,SE,Northern Europe,SE,Northern Europe,100112,100112,Uppsala Akademiska Uppsala,Heart Center,200112,FD Uppsala Akademiska Uppsala,2024,Neurovascular Intervention,Microcatheters,TC006,2.0,1,141,0.95,2,0.5,CM_100112,FD_200112
Northern Europe,SE,Northern Europe,SE,Northern Europe,100112,100112,Uppsala Akademiska Uppsala,Heart Center,200112,FD Uppsala Akademiska Uppsala,2024,Neurovascular Intervention,Guide Wires,TC002,2.0,1,141,0.9,2,0.5,CM_100112,FD_200112
Northern Europe,SE,Northern Europe,SE,Northern Europe,100113,100113,Danderyds sjukhus Linköping,University Hospital,200113,FD Danderyds sjukhus Linköping,2024,Diagnostic Angiography,Diagnostic Catheters,TC005,2.0,1,141,0.95,5,0.2,CM_100113,FD_200113
Northern Europe,SE,Northern Europe,SE,Northern Europe,100113,100113,Danderyds sjukhus Linköping,University Hospital,200113,FD Danderyds sjukhus Linköping,2024,Diagnostic Angiography,Guide Wires,TC002,1.5,1,141,0.9,5,0.2,CM_100113,FD_200113
Northern Europe,SE,Northern Europe,SE,Northern Europe,100113,100113,Danderyds sjukhus Linköping,University Hospital,200113,FD Danderyds sjukhus Linköping,2024,Diagnostic Angiography,Introducer Sheaths,TC007,1.0,1,141,0.85,5,0.2,CM_100113,FD_200113
Northern Europe,SE,Northern Europe,SE,Northern Europe,100113,100113,Danderyds sjukhus Linköping,University Hospital,200113,FD Danderyds sjukhus Linköping,2024,Diagnostic Angiography,Hemostasis Valves,TC008,1.0,1,141,0.7,5,0.2,CM_100113,FD_200113
Northern Europe,SE,Northern Europe,SE,Northern Europe,100113,100113,Danderyds sjukhus Linköping,University Hospital,200113,FD Danderyds sjukhus Linköping,2024,Diagnostic Angiography,Radial Access Kits,TC010,1.0,1,141,0.5,5,0.2,CM_100113,FD_200113
Northern Europe,SE,Northern Europe,SE,Northern Europe,100113,100113,Danderyds sjukhus Linköping,University Hospital,200113,FD Danderyds sjukhus Linköping,2024,PCI - Coronary,Guiding Catheters,TC001,1.2,1,56,0.95,7,0.1429,CM_100113,FD_200113
Northern Europe,SE,Northern Europe,SE,Northern Europe,100113,100113,Danderyds sjukhus Linköping,University Hospital,200113,FD Danderyds sjukhus Linköping,2024,PCI - Coronary,Guide Wires,TC002,2.0,1,56,0.98,7,0.1429,CM_100113,FD_200113
Northern Europe,SE,Northern Europe,SE,Northern Europe,100113,100113,Danderyds sjukhus Linköping,University Hospital,200113,FD Danderyds sjukhus Linköping,2024,PCI - Coronary,PTCA Balloon Catheters,TC003,1.5,1,56,0.85,7,0.1429,CM_100113,FD_200113
Northern Europe,SE,Northern Europe,SE,Northern Europe,100113,100113,Danderyds sjukhus Linköping,University Hospital,200113,FD Danderyds sjukhus Linköping,2024,PCI - Coronary,Drug-Eluting Stents,TC004,1.3,1,56,0.7,7,0.1429,CM_100113,FD_200113
Northern Europe,SE,Northern Europe,SE,Northern Europe,100113,100113,Danderyds sjukhus Linköping,University Hospital,200113,FD Danderyds sjukhus Linköping,2024,PCI - Coronary,Inflation Devices,TC009,1.0,1,56,0.9,7,0.1429,CM_100113,FD_200113
Northern Europe,SE,Northern Europe,SE,Northern Europe,100113,100113,Danderyds sjukhus Linköping,University Hospital,200113,FD Danderyds sjukhus Linköping,2024,PCI - Coronary,Hemostasis Valves,TC008,1.0,1,56,0.8,7,0.1429,CM_100113,FD_200113
Northern Europe,SE,Northern Europe,SE,Northern Europe,100113,100113,Danderyds sjukhus Linköping,University Hospital,200113,FD Danderyds sjukhus Linköping,2024,PCI - Coronary,Radial Access Kits,TC010,1.0,1,56,0.6,7,0.1429,CM_100113,FD_200113
Northern Europe,SE,Northern Europe,SE,Northern Europe,100113,100113,Danderyds sjukhus Linköping,University Hospital,200113,FD Danderyds sjukhus Linköping,2024,Peripheral Intervention,Guide Wires,TC002,2.5,1,173,0.9,3,0.3333,CM_100113,FD_200113
Northern Europe,SE,Northern Europe,SE,Northern Europe,100113,100113,Danderyds sjukhus Linköping,University Hospital,200113,FD Danderyds sjukhus Linköping,2024,Peripheral Intervention,Introducer Sheaths,TC007,1.5,1,173,0.8,3,0.3333,CM_100113,FD_200113
Northern Europe,SE,Northern Europe,SE,Northern Europe,100113,100113,Danderyds sjukhus Linköping,University Hospital,200113,FD Danderyds sjukhus Linköping,2024,Peripheral Intervention,PTCA Balloon Catheters,TC003,1.0,1,173,0.6,3,0.3333,CM_100113,FD_200113
Northern Europe,SE,Northern Europe,SE,Northern Europe,100113,100113,Danderyds sjukhus Linköping,University Hospital,200113,FD Danderyds sjukhus Linköping,2024,Structural Heart,Introducer Sheaths,TC007,2.0,1,26,0.85,2,0.5,CM_100113,FD_200113
Northern Europe,SE,Northern Europe,SE,Northern Europe,100113,100113,Danderyds sjukhus Linköping,University Hospital,200113,FD Danderyds sjukhus Linköping,2024,Structural Heart,Guide Wires,TC002,1.0,1,26,0.7,2,0.5,CM_100113,FD_200113
Northern Europe,SE,Northern Europe,SE,Northern Europe,100113,100113,Danderyds sjukhus Linköping,University Hospital,200113,FD Danderyds sjukhus Linköping,2024,PCI - Complex,Guiding Catheters,TC001,1.5,1,198,0.98,5,0.2,CM_100113,FD_200113
Northern Europe,SE,Northern Europe,SE,Northern Europe,100113,100113,Danderyds sjukhus Linköping,University Hospital,200113,FD Danderyds sjukhus Linköping,2024,PCI - Complex,Guide Wires,TC002,3.0,1,198,0.99,5,0.2,CM_100113,FD_200113
Northern Europe,SE,Northern Europe,SE,Northern Europe,100113,100113,Danderyds sjukhus Linköping,University Hospital,200113,FD Danderyds sjukhus Linköping,2024,PCI - Complex,PTCA Balloon Catheters,TC003,2.0,1,198,0.9,5,0.2,CM_100113,FD_200113
Northern Europe,SE,Northern Europe,SE,Northern Europe,100113,100113,Danderyds sjukhus Linköping,University Hospital,200113,FD Danderyds sjukhus Linköping,2024,PCI - Complex,Drug-Eluting Stents,TC004,2.0,1,198,0.8,5,0.2,CM_100113,FD_200113
Northern Europe,SE,Northern Europe,SE,Northern Europe,100113,100113,Danderyds sjukhus Linköping,University Hospital,200113,FD Danderyds sjukhus Linköping,2024,PCI - Complex,Microcatheters,TC006,1.0,1,198,0.65,5,0.2,CM_100113,FD_200113
Northern Europe,SE,Northern Europe,SE,Northern Europe,100113,100113,Danderyds sjukhus Linköping,University Hospital,200113,FD Danderyds sjukhus Linköping,2024,Neurovascular Intervention,Microcatheters,TC006,2.0,1,168,0.95,2,0.5,CM_100113,FD_200113
Northern Europe,SE,Northern Europe,SE,Northern Europe,100113,100113,Danderyds sjukhus Linköping,University Hospital,200113,FD Danderyds sjukhus Linköping,2024,Neurovascular Intervention,Guide Wires,TC002,2.0,1,168,0.9,2,0.5,CM_100113,FD_200113
Northern Europe,SE,Northern Europe,SE,Northern Europe,100114,100114,Karolinska Örebro,University Hospital,200114,FD Karolinska Örebro,2024,Peripheral Intervention,Guide Wires,TC002,2.5,1,217,0.9,3,0.3333,CM_100114,FD_200114
Northern Europe,SE,Northern Europe,SE,Northern Europe,100114,100114,Karolinska Örebro,University Hospital,200114,FD Karolinska Örebro,2024,Peripheral Intervention,Introducer Sheaths,TC007,1.5,1,217,0.8,3,0.3333,CM_100114,FD_200114
Northern Europe,SE,Northern Europe,SE,Northern Europe,100114,100114,Karolinska Örebro,University Hospital,200114,FD Karolinska Örebro,2024,Peripheral Intervention,PTCA Balloon Catheters,TC003,1.0,1,217,0.6,3,0.3333,CM_100114,FD_200114
Northern Europe,SE,Northern Europe,SE,Northern Europe,100114,100114,Karolinska Örebro,University Hospital,200114,FD Karolinska Örebro,2024,Neurovascular Intervention,Microcatheters,TC006,2.0,1,362,0.95,2,0.5,CM_100114,FD_200114
Northern Europe,SE,Northern Europe,SE,Northern Europe,100114,100114,Karolinska Örebro,University Hospital,200114,FD Karolinska Örebro,2024,Neurovascular Intervention,Guide Wires,TC002,2.0,1,362,0.9,2,0.5,CM_100114,FD_200114
Northern Europe,SE,Northern Europe,SE,Northern Europe,100114,100114,Karolinska Örebro,University Hospital,200114,FD Karolinska Örebro,2024,Electrophysiology,Diagnostic Catheters,TC005,3.0,1,242,0.8,2,0.5,CM_100114,FD_200114
Northern Europe,SE,Northern Europe,SE,Northern Europe,100114,100114,Karolinska Örebro,University Hospital,200114,FD Karolinska Örebro,2024,Electrophysiology,Introducer Sheaths,TC007,1.0,1,242,0.75,2,0.5,CM_100114,FD_200114
Northern Europe,SE,Northern Europe,SE,Northern Europe,100114,100114,Karolinska Örebro,University Hospital,200114,FD Karolinska Örebro,2024,PCI - Coronary,Guiding Catheters,TC001,1.2,1,391,0.95,7,0.1429,CM_100114,FD_200114
Northern Europe,SE,Northern Europe,SE,Northern Europe,100114,100114,Karolinska Örebro,University Hospital,200114,FD Karolinska Örebro,2024,PCI - Coronary,Guide Wires,TC002,2.0,1,391,0.98,7,0.1429,CM_100114,FD_200114
Northern Europe,SE,Northern Europe,SE,Northern Europe,100114,100114,Karolinska Örebro,University Hospital,200114,FD Karolinska Örebro,2024,PCI - Coronary,PTCA Balloon Catheters,TC003,1.5,1,391,0.85,7,0.1429,CM_100114,FD_200114
Northern Europe,SE,Northern Europe,SE,Northern Europe,100114,100114,Karolinska Örebro,University Hospital,200114,FD Karolinska Örebro,2024,PCI - Coronary,Drug-Eluting Stents,TC004,1.3,1,391,0.7,7,0.1429,CM_100114,FD_200114
Northern Europe,SE,Northern Europe,SE,Northern Europe,100114,100114,Karolinska Örebro,University Hospital,200114,FD Karolinska Örebro,2024,PCI - Coronary,Inflation Devices,TC009,1.0,1,391,0.9,7,0.1429,CM_100114,FD_200114
Northern Europe,SE,Northern Europe,SE,Northern Europe,100114,100114,Karolinska Örebro,University Hospital,200114,FD Karolinska Örebro,2024,PCI - Coronary,Hemostasis Valves,TC008,1.0,1,391,0.8,7,0.1429,CM_100114,FD_200114
Northern Europe,SE,Northern Europe,SE,Northern Europe,100114,100114,Karolinska Örebro,University Hospital,200114,FD Karolinska Örebro,2024,PCI - Coronary,Radial Access Kits,TC010,1.0,1,391,0.6,7,0.1429,CM_100114,FD_200114
Northern Europe,SE,Northern Europe,SE,Northern Europe,100115,100115,Sahlgrenska Lund,Public Hospital,200115,FD Sahlgrenska Lund,2024,PCI - Coronary,Guiding Catheters,TC001,1.2,1,156,0.95,7,0.1429,CM_100115,FD_200115
Northern Europe,SE,Northern Europe,SE,Northern Europe,100115,100115,Sahlgrenska Lund,Public Hospital,200115,FD Sahlgrenska Lund,2024,PCI - Coronary,Guide Wires,TC002,2.0,1,156,0.98,7,0.1429,CM_100115,FD_200115
Northern Europe,SE,Northern Europe,SE,Northern Europe,100115,100115,Sahlgrenska Lund,Public Hospital,200115,FD Sahlgrenska Lund,2024,PCI - Coronary,PTCA Balloon Catheters,TC003,1.5,1,156,0.85,7,0.1429,CM_100115,FD_200115
Northern Europe,SE,Northern Europe,SE,Northern Europe,100115,100115,Sahlgrenska Lund,Public Hospital,200115,FD Sahlgrenska Lund,2024,PCI - Coronary,Drug-Eluting Stents,TC004,1.3,1,156,0.7,7,0.1429,CM_100115,FD_200115
Northern Europe,SE,Northern Europe,SE,Northern Europe,100115,100115,Sahlgrenska Lund,Public Hospital,200115,FD Sahlgrenska Lund,2024,PCI - Coronary,Inflation Devices,TC009,1.0,1,156,0.9,7,0.1429,CM_100115,FD_200115
Northern Europe,SE,Northern Europe,SE,Northern Europe,100115,100115,Sahlgrenska Lund,Public Hospital,200115,FD Sahlgrenska Lund,2024,PCI - Coronary,Hemostasis Valves,TC008,1.0,1,156,0.8,7,0.1429,CM_100115,FD_200115
Northern Europe,SE,Northern Europe,SE,Northern Europe,100115,100115,Sahlgrenska Lund,Public Hospital,200115,FD Sahlgrenska Lund,2024,PCI - Coronary,Radial Access Kits,TC010,1.0,1,156,0.6,7,0.1429,CM_100115,FD_200115
Northern Europe,SE,Northern Europe,SE,Northern Europe,100115,100115,Sahlgrenska Lund,Public Hospital,200115,FD Sahlgrenska Lund,2024,Neurovascular Intervention,Microcatheters,TC006,2.0,1,95,0.95,2,0.5,CM_100115,FD_200115
Northern Europe,SE,Northern Europe,SE,Northern Europe,100115,100115,Sahlgrenska Lund,Public Hospital,200115,FD Sahlgrenska Lund,2024,Neurovascular Intervention,Guide Wires,TC002,2.0,1,95,0.9,2,0.5,CM_100115,FD_200115
Northern Europe,SE,Northern Europe,SE,Northern Europe,100115,100115,Sahlgrenska Lund,Public Hospital,200115,FD Sahlgrenska Lund,2024,Electrophysiology,Diagnostic Catheters,TC005,3.0,1,107,0.8,2,0.5,CM_100115,FD_200115
Northern Europe,SE,Northern Europe,SE,Northern Europe,100115,100115,Sahlgrenska Lund,Public Hospital,200115,FD Sahlgrenska Lund,2024,Electrophysiology,Introducer Sheaths,TC007,1.0,1,107,0.75,2,0.5,CM_100115,FD_200115
Northern Europe,SE,Northern Europe,SE,Northern Europe,100115,100115,Sahlgrenska Lund,Public Hospital,200115,FD Sahlgrenska Lund,2024,PCI - Complex,Guiding Catheters,TC001,1.5,1,32,0.98,5,0.2,CM_100115,FD_200115
Northern Europe,SE,Northern Europe,SE,Northern Europe,100115,100115,Sahlgrenska Lund,Public Hospital,200115,FD Sahlgrenska Lund,2024,PCI - Complex,Guide Wires,TC002,3.0,1,32,0.99,5,0.2,CM_100115,FD_200115
Northern Europe,SE,Northern Europe,SE,Northern Europe,100115,100115,Sahlgrenska Lund,Public Hospital,200115,FD Sahlgrenska Lund,2024,PCI - Complex,PTCA Balloon Catheters,TC003,2.0,1,32,0.9,5,0.2,CM_100115,FD_200115
Northern Europe,SE,Northern Europe,SE,Northern Europe,100115,100115,Sahlgrenska Lund,Public Hospital,200115,FD Sahlgrenska Lund,2024,PCI - Complex,Drug-Eluting Stents,TC004,2.0,1,32,0.8,5,0.2,CM_100115,FD_200115
Northern Europe,SE,Northern Europe,SE,Northern Europe,100115,100115,Sahlgrenska Lund,Public Hospital,200115,FD Sahlgrenska Lund,2024,PCI - Complex,Microcatheters,TC006,1.0,1,32,0.65,5,0.2,CM_100115,FD_200115
Northern Europe,SE,Northern Europe,SE,Northern Europe,100116,100116,Skånes Universitetssjukhus Umeå,University Hospital,200116,FD Skånes Universitetssjukhus Umeå,2024,PCI - Complex,Guiding Catheters,TC001,1.5,1,353,0.98,5,0.2,CM_100116,FD_200116
Northern Europe,SE,Northern Europe,SE,Northern Europe,100116,100116,Skånes Universitetssjukhus Umeå,University Hospital,200116,FD Skånes Universitetssjukhus Umeå,2024,PCI - Complex,Guide Wires,TC002,3.0,1,353,0.99,5,0.2,CM_100116,FD_200116
Northern Europe,SE,Northern Europe,SE,Northern Europe,100116,100116,Skånes Universitetssjukhus Umeå,University Hospital,200116,FD Skånes Universitetssjukhus Umeå,2024,PCI - Complex,PTCA Balloon Catheters,TC003,2.0,1,353,0.9,5,0.2,CM_100116,FD_200116
Northern Europe,SE,Northern Europe,SE,Northern Europe,100116,100116,Skånes Universitetssjukhus Umeå,University Hospital,200116,FD Skånes Universitetssjukhus Umeå,2024,PCI - Complex,Drug-Eluting Stents,TC004,2.0,1,353,0.8,5,0.2,CM_100116,FD_200116
Northern Europe,SE,Northern Europe,SE,Northern Europe,100116,100116,Skånes Universitetssjukhus Umeå,University Hospital,200116,FD Skånes Universitetssjukhus Umeå,2024,PCI - Complex,Microcatheters,TC006,1.0,1,353,0.65,5,0.2,CM_100116,FD_200116
Northern Europe,SE,Northern Europe,SE,Northern Europe,100116,100116,Skånes Universitetssjukhus Umeå,University Hospital,200116,FD Skånes Universitetssjukhus Umeå,2024,PCI - Coronary,Guiding Catheters,TC001,1.2,1,454,0.95,7,0.1429,CM_100116,FD_200116
Northern Europe,SE,Northern Europe,SE,Northern Europe,100116,100116,Skånes Universitetssjukhus Umeå,University Hospital,200116,FD Skånes Universitetssjukhus Umeå,2024,PCI - Coronary,Guide Wires,TC002,2.0,1,454,0.98,7,0.1429,CM_100116,FD_200116
Northern Europe,SE,Northern Europe,SE,Northern Europe,100116,100116,Skånes Universitetssjukhus Umeå,University Hospital,200116,FD Skånes Universitetssjukhus Umeå,2024,PCI - Coronary,PTCA Balloon Catheters,TC003,1.5,1,454,0.85,7,0.1429,CM_100116,FD_200116
Northern Europe,SE,Northern Europe,SE,Northern Europe,100116,100116,Skånes Universitetssjukhus Umeå,University Hospital,200116,FD Skånes Universitetssjukhus Umeå,2024,PCI - Coronary,Drug-Eluting Stents,TC004,1.3,1,454,0.7,7,0.1429,CM_100116,FD_200116
Northern Europe,SE,Northern Europe,SE,Northern Europe,100116,100116,Skånes Universitetssjukhus Umeå,University Hospital,200116,FD Skånes Universitetssjukhus Umeå,2024,PCI - Coronary,Inflation Devices,TC009,1.0,1,454,0.9,7,0.1429,CM_100116,FD_200116
Northern Europe,SE,Northern Europe,SE,Northern Europe,100116,100116,Skånes Universitetssjukhus Umeå,University Hospital,200116,FD Skånes Universitetssjukhus Umeå,2024,PCI - Coronary,Hemostasis Valves,TC008,1.0,1,454,0.8,7,0.1429,CM_100116,FD_200116
Northern Europe,SE,Northern Europe,SE,Northern Europe,100116,100116,Skånes Universitetssjukhus Umeå,University Hospital,200116,FD Skånes Universitetssjukhus Umeå,2024,PCI - Coronary,Radial Access Kits,TC010,1.0,1,454,0.6,7,0.1429,CM_100116,FD_200116
Northern Europe,SE,Northern Europe,SE,Northern Europe,100116,100116,Skånes Universitetssjukhus Umeå,University Hospital,200116,FD Skånes Universitetssjukhus Umeå,2024,Electrophysiology,Diagnostic Catheters,TC005,3.0,1,311,0.8,2,0.5,CM_100116,FD_200116
Northern Europe,SE,Northern Europe,SE,Northern Europe,100116,100116,Skånes Universitetssjukhus Umeå,University Hospital,200116,FD Skånes Universitetssjukhus Umeå,2024,Electrophysiology,Introducer Sheaths,TC007,1.0,1,311,0.75,2,0.5,CM_100116,FD_200116
Northern Europe,SE,Northern Europe,SE,Northern Europe,100116,100116,Skånes Universitetssjukhus Umeå,University Hospital,200116,FD Skånes Universitetssjukhus Umeå,2024,Diagnostic Angiography,Diagnostic Catheters,TC005,2.0,1,125,0.95,5,0.2,CM_100116,FD_200116
Northern Europe,SE,Northern Europe,SE,Northern Europe,100116,100116,Skånes Universitetssjukhus Umeå,University Hospital,200116,FD Skånes Universitetssjukhus Umeå,2024,Diagnostic Angiography,Guide Wires,TC002,1.5,1,125,0.9,5,0.2,CM_100116,FD_200116
Northern Europe,SE,Northern Europe,SE,Northern Europe,100116,100116,Skånes Universitetssjukhus Umeå,University Hospital,200116,FD Skånes Universitetssjukhus Umeå,2024,Diagnostic Angiography,Introducer Sheaths,TC007,1.0,1,125,0.85,5,0.2,CM_100116,FD_200116
Northern Europe,SE,Northern Europe,SE,Northern Europe,100116,100116,Skånes Universitetssjukhus Umeå,University Hospital,200116,FD Skånes Universitetssjukhus Umeå,2024,Diagnostic Angiography,Hemostasis Valves,TC008,1.0,1,125,0.7,5,0.2,CM_100116,FD_200116
Northern Europe,SE,Northern Europe,SE,Northern Europe,100116,100116,Skånes Universitetssjukhus Umeå,University Hospital,200116,FD Skånes Universitetssjukhus Umeå,2024,Diagnostic Angiography,Radial Access Kits,TC010,1.0,1,125,0.5,5,0.2,CM_100116,FD_200116
Northern Europe,SE,Northern Europe,SE,Northern Europe,100117,100117,Uppsala Akademiska Västerås,Private Clinic,200117,FD Uppsala Akademiska Västerås,2024,Electrophysiology,Diagnostic Catheters,TC005,3.0,1,122,0.8,2,0.5,CM_100117,FD_200117
Northern Europe,SE,Northern Europe,SE,Northern Europe,100117,100117,Uppsala Akademiska Västerås,Private Clinic,200117,FD Uppsala Akademiska Västerås,2024,Electrophysiology,Introducer Sheaths,TC007,1.0,1,122,0.75,2,0.5,CM_100117,FD_200117
Northern Europe,SE,Northern Europe,SE,Northern Europe,100117,100117,Uppsala Akademiska Västerås,Private Clinic,200117,FD Uppsala Akademiska Västerås,2024,Structural Heart,Introducer Sheaths,TC007,2.0,1,38,0.85,2,0.5,CM_100117,FD_200117
Northern Europe,SE,Northern Europe,SE,Northern Europe,100117,100117,Uppsala Akademiska Västerås,Private Clinic,200117,FD Uppsala Akademiska Västerås,2024,Structural Heart,Guide Wires,TC002,1.0,1,38,0.7,2,0.5,CM_100117,FD_200117
Northern Europe,SE,Northern Europe,SE,Northern Europe,100117,100117,Uppsala Akademiska Västerås,Private Clinic,200117,FD Uppsala Akademiska Västerås,2024,Peripheral Intervention,Guide Wires,TC002,2.5,1,20,0.9,3,0.3333,CM_100117,FD_200117
Northern Europe,SE,Northern Europe,SE,Northern Europe,100117,100117,Uppsala Akademiska Västerås,Private Clinic,200117,FD Uppsala Akademiska Västerås,2024,Peripheral Intervention,Introducer Sheaths,TC007,1.5,1,20,0.8,3,0.3333,CM_100117,FD_200117
Northern Europe,SE,Northern Europe,SE,Northern Europe,100117,100117,Uppsala Akademiska Västerås,Private Clinic,200117,FD Uppsala Akademiska Västerås,2024,Peripheral Intervention,PTCA Balloon Catheters,TC003,1.0,1,20,0.6,3,0.3333,CM_100117,FD_200117
Northern Europe,SE,Northern Europe,SE,Northern Europe,100117,100117,Uppsala Akademiska Västerås,Private Clinic,200117,FD Uppsala Akademiska Västerås,2024,Neurovascular Intervention,Microcatheters,TC006,2.0,1,154,0.95,2,0.5,CM_100117,FD_200117
Northern Europe,SE,Northern Europe,SE,Northern Europe,100117,100117,Uppsala Akademiska Västerås,Private Clinic,200117,FD Uppsala Akademiska Västerås,2024,Neurovascular Intervention,Guide Wires,TC002,2.0,1,154,0.9,2,0.5,CM_100117,FD_200117
Northern Europe,SE,Northern Europe,SE,Northern Europe,100118,100118,Danderyds sjukhus Karlstad,Public Hospital,200118,FD Danderyds sjukhus Karlstad,2024,Structural Heart,Introducer Sheaths,TC007,2.0,1,69,0.85,2,0.5,CM_100118,FD_200118
Northern Europe,SE,Northern Europe,SE,Northern Europe,100118,100118,Danderyds sjukhus Karlstad,Public Hospital,200118,FD Danderyds sjukhus Karlstad,2024,Structural Heart,Guide Wires,TC002,1.0,1,69,0.7,2,0.5,CM_100118,FD_200118
Northern Europe,SE,Northern Europe,SE,Northern Europe,100118,100118,Danderyds sjukhus Karlstad,Public Hospital,200118,FD Danderyds sjukhus Karlstad,2024,Electrophysiology,Diagnostic Catheters,TC005,3.0,1,139,0.8,2,0.5,CM_100118,FD_200118
Northern Europe,SE,Northern Europe,SE,Northern Europe,100118,100118,Danderyds sjukhus Karlstad,Public Hospital,200118,FD Danderyds sjukhus Karlstad,2024,Electrophysiology,Introducer Sheaths,TC007,1.0,1,139,0.75,2,0.5,CM_100118,FD_200118
Northern Europe,SE,Northern Europe,SE,Northern Europe,100118,100118,Danderyds sjukhus Karlstad,Public Hospital,200118,FD Danderyds sjukhus Karlstad,2024,Neurovascular Intervention,Microcatheters,TC006,2.0,1,61,0.95,2,0.5,CM_100118,FD_200118
Northern Europe,SE,Northern Europe,SE,Northern Europe,100118,100118,Danderyds sjukhus Karlstad,Public Hospital,200118,FD Danderyds sjukhus Karlstad,2024,Neurovascular Intervention,Guide Wires,TC002,2.0,1,61,0.9,2,0.5,CM_100118,FD_200118
Northern Europe,SE,Northern Europe,SE,Northern Europe,100118,100118,Danderyds sjukhus Karlstad,Public Hospital,200118,FD Danderyds sjukhus Karlstad,2024,Diagnostic Angiography,Diagnostic Catheters,TC005,2.0,1,57,0.95,5,0.2,CM_100118,FD_200118
Northern Europe,SE,Northern Europe,SE,Northern Europe,100118,100118,Danderyds sjukhus Karlstad,Public Hospital,200118,FD Danderyds sjukhus Karlstad,2024,Diagnostic Angiography,Guide Wires,TC002,1.5,1,57,0.9,5,0.2,CM_100118,FD_200118
Northern Europe,SE,Northern Europe,SE,Northern Europe,100118,100118,Danderyds sjukhus Karlstad,Public Hospital,200118,FD Danderyds sjukhus Karlstad,2024,Diagnostic Angiography,Introducer Sheaths,TC007,1.0,1,57,0.85,5,0.2,CM_100118,FD_200118
Northern Europe,SE,Northern Europe,SE,Northern Europe,100118,100118,Danderyds sjukhus Karlstad,Public Hospital,200118,FD Danderyds sjukhus Karlstad,2024,Diagnostic Angiography,Hemostasis Valves,TC008,1.0,1,57,0.7,5,0.2,CM_100118,FD_200118
Northern Europe,SE,Northern Europe,SE,Northern Europe,100118,100118,Danderyds sjukhus Karlstad,Public Hospital,200118,FD Danderyds sjukhus Karlstad,2024,Diagnostic Angiography,Radial Access Kits,TC010,1.0,1,57,0.5,5,0.2,CM_100118,FD_200118
Northern Europe,SE,Northern Europe,SE,Northern Europe,100118,100118,Danderyds sjukhus Karlstad,Public Hospital,200118,FD Danderyds sjukhus Karlstad,2024,Peripheral Intervention,Guide Wires,TC002,2.5,1,82,0.9,3,0.3333,CM_100118,FD_200118
Northern Europe,SE,Northern Europe,SE,Northern Europe,100118,100118,Danderyds sjukhus Karlstad,Public Hospital,200118,FD Danderyds sjukhus Karlstad,2024,Peripheral Intervention,Introducer Sheaths,TC007,1.5,1,82,0.8,3,0.3333,CM_100118,FD_200118
Northern Europe,SE,Northern Europe,SE,Northern Europe,100118,100118,Danderyds sjukhus Karlstad,Public Hospital,200118,FD Danderyds sjukhus Karlstad,2024,Peripheral Intervention,PTCA Balloon Catheters,TC003,1.0,1,82,0.6,3,0.3333,CM_100118,FD_200118
Northern Europe,SE,Northern Europe,SE,Northern Europe,100118,100118,Danderyds sjukhus Karlstad,Public Hospital,200118,FD Danderyds sjukhus Karlstad,2024,PCI - Complex,Guiding Catheters,TC001,1.5,1,95,0.98,5,0.2,CM_100118,FD_200118
Northern Europe,SE,Northern Europe,SE,Northern Europe,100118,100118,Danderyds sjukhus Karlstad,Public Hospital,200118,FD Danderyds sjukhus Karlstad,2024,PCI - Complex,Guide Wires,TC002,3.0,1,95,0.99,5,0.2,CM_100118,FD_200118
Northern Europe,SE,Northern Europe,SE,Northern Europe,100118,100118,Danderyds sjukhus Karlstad,Public Hospital,200118,FD Danderyds sjukhus Karlstad,2024,PCI - Complex,PTCA Balloon Catheters,TC003,2.0,1,95,0.9,5,0.2,CM_100118,FD_200118
Northern Europe,SE,Northern Europe,SE,Northern Europe,100118,100118,Danderyds sjukhus Karlstad,Public Hospital,200118,FD Danderyds sjukhus Karlstad,2024,PCI - Complex,Drug-Eluting Stents,TC004,2.0,1,95,0.8,5,0.2,CM_100118,FD_200118
Northern Europe,SE,Northern Europe,SE,Northern Europe,100118,100118,Danderyds sjukhus Karlstad,Public Hospital,200118,FD Danderyds sjukhus Karlstad,2024,PCI - Complex,Microcatheters,TC006,1.0,1,95,0.65,5,0.2,CM_100118,FD_200118
Northern Europe,SE,Northern Europe,SE,Northern Europe,100118,100118,Danderyds sjukhus Karlstad,Public Hospital,200118,FD Danderyds sjukhus Karlstad,2024,PCI - Coronary,Guiding Catheters,TC001,1.2,1,167,0.95,7,0.1429,CM_100118,FD_200118
Northern Europe,SE,Northern Europe,SE,Northern Europe,100118,100118,Danderyds sjukhus Karlstad,Public Hospital,200118,FD Danderyds sjukhus Karlstad,2024,PCI - Coronary,Guide Wires,TC002,2.0,1,167,0.98,7,0.1429,CM_100118,FD_200118
Northern Europe,SE,Northern Europe,SE,Northern Europe,100118,100118,Danderyds sjukhus Karlstad,Public Hospital,200118,FD Danderyds sjukhus Karlstad,2024,PCI - Coronary,PTCA Balloon Catheters,TC003,1.5,1,167,0.85,7,0.1429,CM_100118,FD_200118
Northern Europe,SE,Northern Europe,SE,Northern Europe,100118,100118,Danderyds sjukhus Karlstad,Public Hospital,200118,FD Danderyds sjukhus Karlstad,2024,PCI - Coronary,Drug-Eluting Stents,TC004,1.3,1,167,0.7,7,0.1429,CM_100118,FD_200118
Northern Europe,SE,Northern Europe,SE,Northern Europe,100118,100118,Danderyds sjukhus Karlstad,Public Hospital,200118,FD Danderyds sjukhus Karlstad,2024,PCI - Coronary,Inflation Devices,TC009,1.0,1,167,0.9,7,0.1429,CM_100118,FD_200118
Northern Europe,SE,Northern Europe,SE,Northern Europe,100118,100118,Danderyds sjukhus Karlstad,Public Hospital,200118,FD Danderyds sjukhus Karlstad,2024,PCI - Coronary,Hemostasis Valves,TC008,1.0,1,167,0.8,7,0.1429,CM_100118,FD_200118
Northern Europe,SE,Northern Europe,SE,Northern Europe,100118,100118,Danderyds sjukhus Karlstad,Public Hospital,200118,FD Danderyds sjukhus Karlstad,2024,PCI - Coronary,Radial Access Kits,TC010,1.0,1,167,0.6,7,0.1429,CM_100118,FD_200118
Northern Europe,SE,Northern Europe,SE,Northern Europe,100119,100119,Karolinska Jönköping,University Hospital,200119,FD Karolinska Jönköping,2024,PCI - Coronary,Guiding Catheters,TC001,1.2,1,360,0.95,7,0.1429,CM_100119,FD_200119
Northern Europe,SE,Northern Europe,SE,Northern Europe,100119,100119,Karolinska Jönköping,University Hospital,200119,FD Karolinska Jönköping,2024,PCI - Coronary,Guide Wires,TC002,2.0,1,360,0.98,7,0.1429,CM_100119,FD_200119
Northern Europe,SE,Northern Europe,SE,Northern Europe,100119,100119,Karolinska Jönköping,University Hospital,200119,FD Karolinska Jönköping,2024,PCI - Coronary,PTCA Balloon Catheters,TC003,1.5,1,360,0.85,7,0.1429,CM_100119,FD_200119
Northern Europe,SE,Northern Europe,SE,Northern Europe,100119,100119,Karolinska Jönköping,University Hospital,200119,FD Karolinska Jönköping,2024,PCI - Coronary,Drug-Eluting Stents,TC004,1.3,1,360,0.7,7,0.1429,CM_100119,FD_200119
Northern Europe,SE,Northern Europe,SE,Northern Europe,100119,100119,Karolinska Jönköping,University Hospital,200119,FD Karolinska Jönköping,2024,PCI - Coronary,Inflation Devices,TC009,1.0,1,360,0.9,7,0.1429,CM_100119,FD_200119
Northern Europe,SE,Northern Europe,SE,Northern Europe,100119,100119,Karolinska Jönköping,University Hospital,200119,FD Karolinska Jönköping,2024,PCI - Coronary,Hemostasis Valves,TC008,1.0,1,360,0.8,7,0.1429,CM_100119,FD_200119
Northern Europe,SE,Northern Europe,SE,Northern Europe,100119,100119,Karolinska Jönköping,University Hospital,200119,FD Karolinska Jönköping,2024,PCI - Coronary,Radial Access Kits,TC010,1.0,1,360,0.6,7,0.1429,CM_100119,FD_200119
Northern Europe,SE,Northern Europe,SE,Northern Europe,100119,100119,Karolinska Jönköping,University Hospital,200119,FD Karolinska Jönköping,2024,Diagnostic Angiography,Diagnostic Catheters,TC005,2.0,1,512,0.95,5,0.2,CM_100119,FD_200119
Northern Europe,SE,Northern Europe,SE,Northern Europe,100119,100119,Karolinska Jönköping,University Hospital,200119,FD Karolinska Jönköping,2024,Diagnostic Angiography,Guide Wires,TC002,1.5,1,512,0.9,5,0.2,CM_100119,FD_200119
Northern Europe,SE,Northern Europe,SE,Northern Europe,100119,100119,Karolinska Jönköping,University Hospital,200119,FD Karolinska Jönköping,2024,Diagnostic Angiography,Introducer Sheaths,TC007,1.0,1,512,0.85,5,0.2,CM_100119,FD_200119
Northern Europe,SE,Northern Europe,SE,Northern Europe,100119,100119,Karolinska Jönköping,University Hospital,200119,FD Karolinska Jönköping,2024,Diagnostic Angiography,Hemostasis Valves,TC008,1.0,1,512,0.7,5,0.2,CM_100119,FD_200119
Northern Europe,SE,Northern Europe,SE,Northern Europe,100119,100119,Karolinska Jönköping,University Hospital,200119,FD Karolinska Jönköping,2024,Diagnostic Angiography,Radial Access Kits,TC010,1.0,1,512,0.5,5,0.2,CM_100119,FD_200119
Northern Europe,SE,Northern Europe,SE,Northern Europe,100119,100119,Karolinska Jönköping,University Hospital,200119,FD Karolinska Jönköping,2024,Structural Heart,Introducer Sheaths,TC007,2.0,1,411,0.85,2,0.5,CM_100119,FD_200119
Northern Europe,SE,Northern Europe,SE,Northern Europe,100119,100119,Karolinska Jönköping,University Hospital,200119,FD Karolinska Jönköping,2024,Structural Heart,Guide Wires,TC002,1.0,1,411,0.7,2,0.5,CM_100119,FD_200119
Northern Europe,SE,Northern Europe,SE,Northern Europe,100120,100120,Sahlgrenska Norrköping,Private Clinic,200120,FD Sahlgrenska Norrköping,2024,Neurovascular Intervention,Microcatheters,TC006,2.0,1,72,0.95,2,0.5,CM_100120,FD_200120
Northern Europe,SE,Northern Europe,SE,Northern Europe,100120,100120,Sahlgrenska Norrköping,Private Clinic,200120,FD Sahlgrenska Norrköping,2024,Neurovascular Intervention,Guide Wires,TC002,2.0,1,72,0.9,2,0.5,CM_100120,FD_200120
Northern Europe,SE,Northern Europe,SE,Northern Europe,100120,100120,Sahlgrenska Norrköping,Private Clinic,200120,FD Sahlgrenska Norrköping,2024,Electrophysiology,Diagnostic Catheters,TC005,3.0,1,161,0.8,2,0.5,CM_100120,FD_200120
Northern Europe,SE,Northern Europe,SE,Northern Europe,100120,100120,Sahlgrenska Norrköping,Private Clinic,200120,FD Sahlgrenska Norrköping,2024,Electrophysiology,Introducer Sheaths,TC007,1.0,1,161,0.75,2,0.5,CM_100120,FD_200120
Northern Europe,SE,Northern Europe,SE,Northern Europe,100120,100120,Sahlgrenska Norrköping,Private Clinic,200120,FD Sahlgrenska Norrköping,2024,Structural Heart,Introducer Sheaths,TC007,2.0,1,195,0.85,2,0.5,CM_100120,FD_200120
Northern Europe,SE,Northern Europe,SE,Northern Europe,100120,100120,Sahlgrenska Norrköping,Private Clinic,200120,FD Sahlgrenska Norrköping,2024,Structural Heart,Guide Wires,TC002,1.0,1,195,0.7,2,0.5,CM_100120,FD_200120
